SETOR;ROMANEIO;CTRC;PRIORITARIO;ABC;SUBC;REMETENTE;PAGADOR;DESTINATARIO;ENDERECO;CIDADE;BAIRRO;CEP;DATA PREVISTA;AGENDAMENTO;NFISCAL;VALOR MERCADORIA;KG REAL;M3;PESO CALCULO;QUANTIDADE VOLUMES;SSWBAR;VALOR FRETE;ULT. OCORRENCIA;DESCRICAO ULT. OCORRENCIA;DATA ULT. OCORRENCIA;BLOQ;PREV CHEGADA;MANIFESTO/END;LEMBRETE/INSTRUCAO ENTREGA;CNPJ DESTINATARIO;CNPJ RECEBEDOR;NOME RECEBEDOR;LOGRADOURO RECEBEDOR;NUMERO RECEBEDOR;COMPLEMENTO RECEBEDOR;BAIRRO RECEBEDOR;CIDADE RECEBEDOR;CEP RECEBEDOR;UF RECEBEDOR;COD BARRAS;COMISSAO RECEPCAO;TROCA GELO;TIPO MERCADORIA;CHAVE NF-E;NR1-NR2;PEDIDO
1;N;REC116287-0;N;A.;     ;SANREMO SA;SANREMO SA;M P COMERCIO VARIED PRES E MOV;AV SETE DE SETEMBRO,1098-LJ;SALVADOR;CAMPO GRANDE;40080-001;31/03/2026;31/0307:00;   185325*;13924,22;313,47;3,34;1002;148;0;750;52;RETENCAO INDEVIDA;30/03/2026;N  ;          ;REC002762-6 ;;33985763000198 ;33985763000198 ;M P COMERCIO VARIED PRES E MOVEIS L;AV SETE DE SETEMBRO;1098;LJ;CAMPO GRANDE;SALVADOR;40080001;BA;26260330621082000152570020001158741001131458 ;487,33;;001-DIVERSOS            ;26260389738173000549550000001853251837014939 -26260389738173000549550000001853261452832531 ;30671500447402-30671500458937,30671500459034-30671500462547;-
10;N;EXT126601-2;N;A3;     ;PANDURATA ALIMENTOS LTDA;PANDURATA ALIMENTOS LTDA;MATEUS SUPERMERCADOS SA;ROD BA 526,305;SALVADOR;CASSANGE;41505-220;29/09/2026;29/0907:00;750634;4193,78;177,896;0,775;232,5;2;38;332;52;RETENCAO INDEVIDA;30/09/2026;N  ;          ;SSA029200-1 ;;03995515034819 ;03995515034819 ;MATEUS SUPERMERCADOS SA;ROD BA 526;305;;CASSANGE;SALVADOR;41505220;BA;29260730621082000233570030001244621001406734 ;68;;001-DIVERSOS            ;31260770940994008277550200007506341904140692 ;30671675933932-30671675934204;
10;N;EXT127152-1;N;A3;     ;PANDURATA ALIMENTOS LTDA;PANDURATA ALIMENTOS LTDA;MATEUS SUPERMERCADOS SA;ROD BA 526,305;SALVADOR;CASSANGE;41505-220;29/09/2026;29/0907:00;753283;10483,8;400,036;2,044;613,2;2;8;866;52;RETENCAO INDEVIDA;30/09/2026;N  ;          ;SSA029200-1 ;;03995515034819 ;03995515034819 ;MATEUS SUPERMERCADOS SA;RODOVIA BA;526000305;;CASSANGE;SALVADOR;41505220;BA;29260830621082000233570030001250091001430790 ;138,01;;001-DIVERSOS            ;31260770940994008277550200007532831700520035 ;30671664412922-30671664413208;1736854
10;N;EXT127929-7;N;A3;     ;PANDURATA ALIMENTOS LTDA;PANDURATA ALIMENTOS LTDA;MATEUS SUPERMERCADOS SA;ROD BA 526,305;SALVADOR;CASSANGE;41505-220;29/09/2026;29/0907:00;755327;2186,44;97,163;0,42;126;1;3;183;52;RETENCAO INDEVIDA;30/09/2026;N  ;          ;EXT000084-1 ;;03995515034819 ;03995515034819 ;MATEUS SUPERMERCADOS SA;RODOVIA BA;526000305;;CASSANGE;SALVADOR;41505220;BA;29260830621082000233570030001257711001462891 ;55;;001-DIVERSOS            ;31260870940994008277550200007553271084185220 ;30671676595460-30671676595634;1745095
10;N;MCZ126969-1;N;A3;     ;PANDURATA ALIMENTOS LTDA;PANDURATA ALIMENTOS LTDA;MATEUS SUPERMERCADOS SA;ROD BA 526,305;SALVADOR;CASSANGE;41505-220;29/09/2026;29/0907:00;123661;7418,6;400,54;1,54;462;1;5;393;52;RETENCAO INDEVIDA;30/09/2026;N  ;          ;SSA029200-1 ;;03995515034819 ;03995515034819 ;MATEUS SUPERMERCADOS SA;RODOVIA BA;526000305;;CASSANGE;SALVADOR;41505220;BA;29260730621082000233570030001248281001424287 ;138,16;;001-DIVERSOS            ;27260770940994009249550200001236611293027394 ;30671650861488-30671650861652;1734600
10;N;MCZ127408-2;N;A3;     ;PANDURATA ALIMENTOS LTDA;PANDURATA ALIMENTOS LTDA;MATEUS SUPERMERCADOS SA;ROD BA 526,305;SALVADOR;CASSANGE;41505-220;29/09/2026;29/0907:00;123948;4680,37;278,364;1,636;490,8;1;4;415;52;RETENCAO INDEVIDA;30/09/2026;N  ;          ;SSA029200-1 ;;03995515034819 ;03995515034819 ;MATEUS SUPERMERCADOS SA;RODOVIA BA;526000305;;CASSANGE;SALVADOR;41505220;BA;29260830621082000233570030001252651001441458 ;101,51;;001-DIVERSOS            ;27260770940994009249550200001239481364447743 ;30671659983403-30671659983688;1736879
3;N;SSS000740-4;N;..;SBS  ;VILSON FOGUESATTO ME;BNRV TRANSPORTE DE CARGAS LTDA;BRUMAKE COMERCIAL E SERVICOS L;RUA BARAO DE COTEGIPE,110;SALVADOR;MARES;40445-000;31/12/1950;          ;3549;0,01;5000;0;5000;406;0;0;52;RETENCAO INDEVIDA;02/12/2025;N  ;          ;           ;;01971570000191 ;01971570000191 ;BRUMAKE COMERCIAL E SERVICOS LTDA;R BARAO DE COTEGIPE;110;EDIF BRUMAKE LOJA TERREO;MARES;SALVADOR;40445000;BA;8230670003100222 ;0;;001-DIVERSOS            ;42251122226758000185550010000035491227586186 ;30671382445989-30671382486671;
3;N;JOI062484-5;N;B.;     ;MASSTER PLASTICOS LTDA;MASSTER PLASTICOS LTDA;ELETRICA BAHIANA COMERCIO   IM;R BARAO DE COTEGIPE,269-OUTROS 267/271;SALVADOR;ROMA;40445-001;28/07/2026;28/0707:00;53823;25436,5;1314,5;6,436;1930,8;158;316;3.363;34;CTE RETIDO NA ENTREGA;28/07/2026;N  ;          ;JOI002204-7 ;;00570553000180 ;00570553000180 ;ELETRICA BAHIANA COMERCIO   IMPORTACAO DE MAT ELET LTDA;R BARAO DE COTEGIPE;269;OUTROS 267/271;ROMA;SALVADOR;40445001;BA;42260730621082000314570010000620651001391871 ;840,85;;001-DIVERSOS            ;42260703011796000176550010000538231310430190 ;30671635956411-30671635972304;
4;N;REC124009-9;N;B.;     ;DOCILE NORDESTE IND. E COM. DE;DOCILE NORDESTE IND. E COM. DE;LOJAO DAS VARIEDADES PARIPE LT;AVENIDA AFRANIO PEIXOTO,000081-LOJA LOJA;SALVADOR;PARIPE;40771-000;06/08/2026;          ;124083;10286,12;434,65;1,32;434,65;100;100;487;34;CTE RETIDO NA ENTREGA;10/08/2026;N  ;          ;REC003030-9 ;;63849909000139 ;63849909000139 ;LOJAO DAS VARIEDADES PARIPE LTDA;AV AFRANIO PEIXOTO;81;;PARIPE;SALVADOR;40771000;BA;26260730621082000152570020001235001001423873 ;316,67;;001-DIVERSOS            ;26260712020480000131550020001240831070942760 ;30671648070094-30671648080147;1030716
4;N;MCZ128059-7;N;A3;     ;PANDURATA ALIMENTOS LTDA;PANDURATA ALIMENTOS LTDA;SENDAS DISTRIBUIDORA 90;AV AFRANIO PEIXOTO,SN;SALVADOR;PARIPE;40800-570;08/10/2026;08/1007:00;124393;40491,79;1894,655;7,275;2182,5;9;18;1.833;15;ENTREGA AGENDADA PELO CLIENTE;01/10/2026;N  ;          ;MCZ000118-0 ;;06057223032294 ;06057223032294 ;SENDAS DISTRIBUIDORA 90;AV AFRANIO PEIXOTO;SN;;PARIPE;SALVADOR;40800570;BA;29260830621082000233570030001259131001468439 ;586,4;;001-DIVERSOS            ;27260870940994009249550200001243931371684241 ;30671681145922-30671681146955;1746614
4;N;MCZ128060-1;N;A3;     ;PANDURATA ALIMENTOS LTDA;PANDURATA ALIMENTOS LTDA;SENDAS DISTRIBUIDORA 90;AV AFRANIO PEIXOTO,SN;SALVADOR;PARIPE;40800-570;08/10/2026;08/1007:00;124394;885,28;30,872;0,189;56,7;1;2;54;15;ENTREGA AGENDADA PELO CLIENTE;01/10/2026;N  ;          ;MCZ000118-0 ;;06057223032294 ;06057223032294 ;SENDAS DISTRIBUIDORA 90;AV AFRANIO PEIXOTO;SN;;PARIPE;SALVADOR;40800570;BA;29260830621082000233570030001259141001468444 ;55;;001-DIVERSOS            ;27260870940994009249550200001243941721298890 ;30671681141911-30671681142156;1746614
9;N;REC112484-6;N;A.;     ;PINCEIS ATLAS SA;PINCEIS ATLAS SA;OUTLET DAS TINTAS SALVADOR RBZ;AVENIDA PAULO VI,1156-LOJA:01;SALVADOR;PITUBA;41810-000;08/01/2026;          ;   286664*;1236,6;6,59;0,07;21;7;0;111;27;DEVOLUCAO AUTORIZADA;12/01/2026;N  ;          ;REC002633-6 ;;55311961000109 ;55311961000109 ;OUTLET DAS TINTAS SALVADOR RBZ LTDA;AVENIDA PAULO VI;1156;LOJA:01;PITUBA;SALVADOR;41810000;BA;26251230621082000152570020001120621000953518 ;72,09;;001-DIVERSOS            ;26251289723837000768550000002866641385125025 -26251289723837000768550000002866651788354860 ;30671414957746-30671414958155,30671414932010-30671414932500;-
ABA;N;SSA130153-5;N;B3;     ;CONDOR PINCEIS FILIAL SBS;CONDOR PINCEIS FILIAL SBS;ELIBENCIA ALVES DA SILVA;QUADRA,36-LOTE 25 SN SALA;RODELAS;CENTRO;48630-000;16/10/2026;          ;119354;1486,18;21,56;0,15;45;16;16;525;80;MERCADORIA RECEBIDA PARA TRANSPORTE;01/10/2026;N  ;          ;           ;;04147499000115 ;04147499000115 ;ELIBENCIA ALVES DA SILVA;QUADRA;36;LOTE 25 SN SALA;CENTRO;RODELAS;48630000;BA;29261030621082000233570030001279611001546790 ;340;;001-DIVERSOS            ;42260909217430000304550050001193541806848410 ;30671718357409-30671718359149;
ALA;N;REC127259-4;N;A.;     ;PINCEIS ATLAS SA;PINCEIS ATLAS SA;TAY DECOR CONSTRUCAO LTDA;R DANTAS BIAO,892;ALAGOINHAS;ALAGOINHAS VELHA;48000-011;07/10/2026;          ;306619;2249,07;42,64;0,34;102;20;20;165;84;CHEGADA NA UNIDADE DE DESTINO;28/09/2026;N  ;          ;REC003095-3 ;;42534951000190 ;42534951000190 ;TAY DECOR CONSTRUCAO LTDA;R DANTAS BIAO;892;;ALAGOINHAS VELHA;ALAGOINHAS;48000011;BA;26260930621082000152570020001267411001532278 ;107,28;;001-DIVERSOS            ;26260989723837000768550000003066191000966477 ;30671712000912-30671712003075;87475441
ALA;N;REC127260-8;N;A.;     ;PINCEIS ATLAS SA;PINCEIS ATLAS SA;TAY DECOR CONS LTDA;AV JURACY MAGALHAES,438;ALAGOINHAS;CENTRO;48000-061;07/10/2026;          ;306620;2753,38;51,1;0,44;132;24;24;170;84;CHEGADA NA UNIDADE DE DESTINO;29/09/2026;N  ;          ;REC003094-5 ;;42534951000271 ;42534951000271 ;TAY DECOR CONS LTDA;AV JURACY MAGALHAES;438;;CENTRO;ALAGOINHAS;48000061;BA;26260930621082000152570020001267441001532300 ;110,36;;001-DIVERSOS            ;26260989723837000768550000003066201576382786 ;30671712003102-30671712005644;87475442
ALA;N;REC127250-1;N;A.;     ;PINCEIS ATLAS SA;PINCEIS ATLAS SA;OBRA FACIL COM DE MAT DE CONST;AV BAHIA,0;ALAGOINHAS;JARDIM PETROLAR;48005-428;07/10/2026;          ;306614;6345,65;96,15;0,6;180;40;40;226;84;CHEGADA NA UNIDADE DE DESTINO;28/09/2026;N  ;          ;REC003095-3 ;;45358668000143 ;45358668000143 ;OBRA FACIL COM DE MAT DE CONST LTDA;AV BAHIA;SN;;JD PETROLAR;ALAGOINHAS;48005428;BA;26260930621082000152570020001267401001532262 ;147,11;;001-DIVERSOS            ;26260989723837000768550000003066141917308664 ;30671711837154-30671711841240;87474372
ALA;N;REC127646-8;N;B.;     ;METALURGICA MOR SA - PE 95.422;METALURGICA MOR SA - PE 95.422;OBRA FACIL COM DE MAT DE CONST;AV BAHIA,0;ALAGOINHAS;JARDIM PETROLAR;48005-428;13/10/2026;          ;299467;3066,51;96,553;1,9899;497,475;25;0;547;84;CHEGADA NA UNIDADE DE DESTINO;01/10/2026;N  ;          ;REC003102-0 ;;45358668000143 ;45358668000143 ;OBRA FACIL COM DE MAT DE CONST LTDA;AV BAHIA;0;;JARDIM PETROLAR;ALAGOINHAS;48005428;BA;26260930621082000152570020001271281001543458 ;355,61;;007-MOR                 ;26260995422218000906550010002994671910499682 ;30671716656334-30671716658903;22254549
ALA;N;JOI068221-7;N;B.;     ;PNEUBEST COMERCIAL LTDA;PNEUBEST COMERCIAL LTDA;ERNESTO SILVA DE OLIVEIRA;CONDOMINIO SOLAR DAS AGUAS,SN;ALAGOINHAS;NOVO HORIZONTE  ALAMEDAS DAS;48009-886;08/10/2026;          ;162559;1853,34;56;0,3557;56;2;2;191;84;CHEGADA NA UNIDADE DE DESTINO;28/09/2026;N  ;          ;JOI002291-8 ;SR MOTORISTA EM CASO DE DUVIDA NA ENTREGA ATENTAR PARA CAMPO DADOS ADICIONAIS/INFORMACOES COMPLEMENTARES DA NOTA FISCAL..;00003087501522 ;00003087501522 ;ERNESTO SILVA DE OLIVEIRA;CONDOMINIO SOLAR DAS AGUAS;SN;;NOVO HORIZONTE  ALAMEDAS DAS;ALAGOINHAS;48009886;BA;42260930621082000314570010000678311001529925 ;66,94;;009-E-COMMERCE          ;42260936996649000151550080001625591163651550 ;30671710365820-30671710366106;
ALA;N;SSA130151-9;N;B3;     ;CONDOR PINCEIS FILIAL SBS;CONDOR PINCEIS FILIAL SBS;MAIS CORES COMERCIO DE TINTAS ;RUA JOAO DANTAS,140;ALAGOINHAS;SANTA TEREZINHA;48010-530;08/10/2026;          ;   119239*;7096,31;104,88;0,87;261;59;59;264;80;MERCADORIA RECEBIDA PARA TRANSPORTE;01/10/2026;N  ;          ;           ;;19915010000185 ;19915010000185 ;MAIS CORES COMERCIO DE TINTAS LTDA;RUA JOAO DANTAS;140;;SANTA TEREZINHA;ALAGOINHAS;48010530;BA;29261030621082000233570030001279591001546776 ;83;;001-DIVERSOS            ;42260909217430000304550050001192391127630878 -42260909217430000304550050001193081349359398 ;30671718350543-30671718356160,30671718356201-30671718356784;-
ALA;N;SSA129771-6;N;A.;     ;COOPERATIVA CENTRAL GAUCHA LTD;COOPERATIVA CENTRAL GAUCHA LTD;ACP COMERCIO DE ALIMENTOS LTDA;RODOVIA GOVERNADOR MARIO COVAS GALPAO,SN;ALAGOINHAS;COQUEIRAL;48010-611;06/10/2026;06/1007:00;2625;140000;5159;0;5159;9;0;2.711;15;ENTREGA AGENDADA PELO CLIENTE;01/10/2026;N  ;          ;           ;;27743546000199 ;27743546000199 ;ACP COMERCIO DE ALIMENTOS LTDA - EP;RODOVIA GOVERNADOR MARIO COVAS GALPAO;1000;1020 SN;COQUEIRAL;ALAGOINHAS;48010611;BA;29260930621082000233570030001275921001531909 ;1.547,70;;001-DIVERSOS            ;32260988933114003827551750000026251234240332 ;30671712305108-30671712306130;
ALA;N;JOI068064-8;N;A.;     ;TBX IND, IMP E COMERCIO LTDA;TBX IND, IMP E COMERCIO LTDA;ELIEL NASCIMENTO DOS SANTOS;AVENIDA LINHA VERDE,2360;ALAGOINHAS;NOVA ALAGOINHAS;48011-144;07/10/2026;     23:59;984548;929,37;56;0,2579;64,475;1;1;198;84;CHEGADA NA UNIDADE DE DESTINO;28/09/2026;N  ;          ;JOI002291-8 ;;00006005571540 ;00006005571540 ;Eliel Nascimento dos Santos;Avenida Linha Verde;2360;;Nova Alagoinhas;ALAGOINHAS;48011144;BA;42260930621082000314570010000677331001526860 ;69,36;;001-DIVERSOS            ;42260921398314000164550010009845481139438033 ;30671707526302-30671707526587;
ALA;N;SSA130115-2;N;C.;     ;JMZ COMERCIO DE MOVEIS E DECOR;JMZ COMERCIO DE MOVEIS E DECOR;CHRISTIANE NASSAR PINHO;RUA PROF MAURICIO TELES,445-CASA;ALAGOINHAS;JURACY MAGALHAES;48040-310;08/10/2026;          ;835;990;11;0;11;1;0;0;27;DEVOLUCAO AUTORIZADA;01/10/2026;N  ;          ;           ;;00033066345220 ;00033066345220 ;CHRISTIANE NASSAR PINHO;RUA PROF MAURICIO TELES;445;CASA;JURACY MAGALHAES;ALAGOINHAS;48040310;BA;29261030621082000233570030001279231001546404 ;0,01;;001-DIVERSOS            ;42261060046288000167550010000008351000121171 ;30671718182146-30671718182310;
ALA;N;REC127371-0;N;B.;     ;METALURGICA MOR SA - PE 95.422;METALURGICA MOR SA - PE 95.422;JOSE CUSTODIO DE MORAES CHAVES;RUA ANTONIO MOTA,172-SALA;POJUCA;CENTRO;48120-000;08/10/2026;          ;299100;6608,06;201,382;1,7172;429,3;29;29;490;84;CHEGADA NA UNIDADE DE DESTINO;01/10/2026;N  ;          ;REC003098-8 ;;03843858000106 ;03843858000106 ;JOSE CUSTODIO DE MORAES CHAVES JR;RUA ANTONIO MOTA;172;SALA;CENTRO;POJUCA;48120000;BA;26260930621082000152570020001268541001536595 ;318,33;;007-MOR                 ;26260995422218000906550010002991001863427360 ;30671714141636-30671714144614;22252680
ALA;N;REC127643-3;N;B.;     ;METALURGICA MOR SA - PE 95.422;METALURGICA MOR SA - PE 95.422;FABIO DA S MOREIRA LTDA;AV CANOAS,0-LOJA;ENTRE RIOS;SUBAUMA PORTO DE SAUIPE;48180-000;15/10/2026;          ;299464;8981,8;209,016;3,6278;906,95;38;0;1.124;84;CHEGADA NA UNIDADE DE DESTINO;01/10/2026;N  ;          ;REC003102-0 ;;21326425000165 ;21326425000165 ;FABIO DA S MOREIRA LTDA;AV CANOAS;0;LOJA;SUBAUMA PORTO DE SAUIPE;ENTRE RIOS;48180000;BA;26260930621082000152570020001271251001543421 ;730,58;;007-MOR                 ;26260995422218000906550010002994641784268158 ;30671716649571-30671716653493;22254512
CAM;N;SSA106446-1;N;.1;GEXJO;OXFORD PORCELANAS ESPIRITO SAN;SNT LOG LTDA;PX UTILIDADES DOMESTICAS LTDA;RUA DUQUE DE CAXIAS,0-SN;CAMACARI;CENTRO;42800-031;14/11/2025;          ;67334;13634,1;1221,85;0;1221,85;190;0;336;34;CTE RETIDO NA ENTREGA;14/11/2025;N  ;          ;SSA023422-2 ;;35267669000129 ;35267669000129 ;PX UTILIDADES DOMESTICAS LTDA;RUA DUQUE DE CAXIAS;0;SN;CENTRO;CAMACARI;42800031;BA;29251130621082000233570030001044991000836451 ;384,56;;001-DIVERSOS            ;32251019934117000170550030000673341000116350 ;41290345318149-41290345337294;
CAM;N;SSA129625-6;N;B.;     ;GDC ALIMENTOS S/A;GDC ALIMENTOS S/A;MARTINS COM E SERV DISTRIBUICA;QUADRA Q J LOTES 01 E,S/N;CAMACARI;POLO PETROQUIMICO;42810-000;05/10/2026;05/1019:00;31274;12802,32;417,43;0;417,43;1;1;230;15;ENTREGA AGENDADA PELO CLIENTE;01/10/2026;N  ;          ;           ;AGENDADA X DEDICADO..;43214055001189 ;43214055001189 ;MARTINS COM E SERV DISTRIBUICA;QUADRA Q J LOTES;1;E SN;POLO PETROQUIMICO;CAMACARI;42810000;BA;29260930621082000233570030001274441001525558 ;143,23;;001-DIVERSOS            ;25260902279324002260550010000312741104210902 ;30671708776959-30671708777193;30194256
CAM;N;SSA130039-3;N;C.;KDJPY;PLATINA COSMETICOS LTDA;CIA CARGAS TRANSPORTES E LOGIS;MARTINS COM E SERV DISTRIBUICA;QUADRA Q J LOTES 01 E,S/N;CAMACARI;POLO PETROQUIMICO;42810-000;07/10/2026;07/1019:00;   376898*;43635,48;3755,729;17;5100;766;0;2.599;15;ENTREGA AGENDADA PELO CLIENTE;01/10/2026;N  ;          ;           ;AGENDADA X DEDICADO..;43214055001189 ;43214055001189 ;MARTINS COM E SERV DISTRIBUICA;QUADRA Q J LOTES;1;E SN;POLO PETROQUIMICO;CAMACARI;42810000;BA;29260930621082000233570030001278661001545019 ;1.394,72;;001-DIVERSOS            ;31260966288002000136550010003768981632582102 -31260966288002000136550010003769061499407027 -31260966288002000136550010003769021943642276 ;30671717269246-30671717270354,30671717297901-30671717346344,30671717270491-30671717297860;--
CAM;N;SSA130140-3;N;B3;     ;CONDOR PINCEIS FILIAL SBS;CONDOR PINCEIS FILIAL SBS;RAINHA DA HID MX LTDA;LOT ANTONIO FELIX MARTINS,SN-QD 3 LOTE 8;CAMACARI;PARQUE VERDE I;42810-043;05/10/2026;          ;119244;2540,11;30,87;0,34;102;21;21;137;80;MERCADORIA RECEBIDA PARA TRANSPORTE;01/10/2026;N  ;          ;           ;;47966358000137 ;47966358000137 ;RAINHA DA HID MX LTDA;LOT ANTONIO FELIX MARTINS;SN;QD 3 LOTE 8;PARQUE VERDE I;CAMACARI;42810043;BA;29261030621082000233570030001279481001546667 ;55;;001-DIVERSOS            ;42260909217430000304550050001192441042827391 ;30671718229699-30671718231867;
CAM;N;MCZ129810-1;N;A3;     ;PANDURATA ALIMENTOS LTDA;PANDURATA ALIMENTOS LTDA;CENCOSUD BRASIL COMERCIAL LTDA;V DE LIGACAO CAMACARI,SN;CAMACARI;POLO PETROQUIMICO;42810-260;07/10/2026;07/1007:00;126403;3424;183,104;0,704;211,2;1;0;184;84;CHEGADA NA UNIDADE DE DESTINO;25/09/2026;N  ;          ;MCZ000151-1 ;DEDICADO X PALLETIZADO X AGENDADA;39346861037910 ;39346861037910 ;CENCOSUD BRASIL COMERCIAL LTDA;V DE LIGACAO CAMACARI;SN;;POLO PETROQUIMICO;CAMACARI;42810260;BA;29260930621082000233570030001276331001533337 ;72,93;;001-DIVERSOS            ;27260970940994009249550200001264031920950035 ;30671714221997-30671714222121;1770799
CAN;N;SSA130138-1;N;B3;     ;CONDOR PINCEIS FILIAL SBS;CONDOR PINCEIS FILIAL SBS;C HENRIQUE BODEMEIER EAMP CIA ;R SETE DE SETEMBRO,53;MADRE DE DEUS;CENTRO;42600-000;08/10/2026;          ;119259;5893,29;49,01;0,33;99;23;23;189;17;INFORMATIVA;01/10/2026;N  ;          ;           ;;43247923000406 ;43247923000406 ;C HENRIQUE BODEMEIER EAMP CIA LTDA;R SETE DE SETEMBRO;53;;CENTRO;MADRE DE DEUS;42600000;BA;29261030621082000233570030001279461001546646 ;65;;001-DIVERSOS            ;42260909217430000304550050001192591524774550 ;30671718226302-30671718228707;
CAN;N;REC127336-1;N;C.;     ;DM2 METALURGICA IND E COM LTDA;CONTRATE ENGENHARIA LTDA;CONTRATE ENGENHARIA LTDA;RUA DE,6-CONJ ALMERINDA BARRETO SALA 106;CANDEIAS;DOIS DE JULHO;43800-001;05/10/2026;          ;40725;2640;201,15;0;201,15;10;10;304;84;CHEGADA NA UNIDADE DE DESTINO;28/09/2026;N  ;          ;REC003095-3 ;;07323910000154 ;07323910000154 ;CONTRATE ENGENHARIA LTDA;VIA MATOIM;SN;;CENTRO;CANDEIAS;43800001;BA;26260930621082000152570020001268181001535363 ;167,12;;001-DIVERSOS            ;26260905071372000122550010000407251829676490 ;30671713719890-30671713720902;
DDA;N;JOI068044-3;N;A.;     ;TBX IND, IMP E COMERCIO LTDA;TBX IND, IMP E COMERCIO LTDA;UILLMA GUALBERTO DIAS;RUA CENTENA RIO,267;DIAS D AVILA;NA RUA DA CASA DE RAAOA O J CR;42850-000;07/10/2026;     23:59;984157;1694,18;53,65;0,2544;63,6;1;1;205;84;CHEGADA NA UNIDADE DE DESTINO;28/09/2026;N  ;          ;JOI002291-8 ;;00003426555581 ;00003426555581 ;Uillma Gualberto Dias;Rua CentenA rio;267;;na Rua da Casa de RaAoA o J Cruz;DIAS D AVILA;42850000;BA;42260930621082000314570010000677361001526897 ;71,86;;001-DIVERSOS            ;42260921398314000164550010009841571139395471 ;30671706800866-30671706801004;
DDA;N;JOI068111-3;N;A.;     ;TBX IND, IMP E COMERCIO LTDA;TBX IND, IMP E COMERCIO LTDA;EDNA DA SILVA PAIVA;JJ SEABRA BAIRRO GARCIA DAVILA,438;DIAS D AVILA;OUTRO;42850-000;07/10/2026;     23:59;984773;857,78;44;0,2099;52,475;1;1;198;84;CHEGADA NA UNIDADE DE DESTINO;28/09/2026;N  ;          ;JOI002291-8 ;;00040886247500 ;00040886247500 ;Edna da Silva Paiva;JJ seabra bairro Garcia davila;438;;Outro;DIAS D AVILA;42850000;BA;42260930621082000314570010000677991001528628 ;69,22;;001-DIVERSOS            ;42260921398314000164550010009847731139460890 ;30671708066799-30671708066963;
DDA;N;JOI068224-1;N;B.;     ;PNEUBEST COMERCIAL LTDA;PNEUBEST COMERCIAL LTDA;JOSE ADRIANE DE SOUZA MENEZES;RUA EURICO SENA,141;DIAS D AVILA;SANTA TEREZINHA;42850-000;08/10/2026;          ;162866;991,81;24,46;0,1915;24,46;2;2;147;84;CHEGADA NA UNIDADE DE DESTINO;28/09/2026;N  ;          ;JOI002291-8 ;SR MOTORISTA EM CASO DE DUVIDA NA ENTREGA ATENTAR PARA CAMPO DADOS ADICIONAIS/INFORMACOES COMPLEMENTARES DA NOTA FISCAL..;00051013207572 ;00051013207572 ;JOSE ADRIANE DE SOUZA MENEZES;RUA EURICO SENA;141;;SANTA TEREZINHA;DIAS D AVILA;42850000;BA;42260930621082000314570010000678341001529951 ;65;;009-E-COMMERCE          ;42260936996649000151550080001628661101373948 ;30671710367125-30671710367437;
DDA;N;REC126643-8;N;A.;     ;BETTANIN INDUSTRIAL S/A;BETTANIN INDUSTRIAL S/A;MIXBAHIA S/A;EST BA 093, 0,KM 17,GALPAO 1B,S/N;DIAS D AVILA;FUTURAMA;42850-000;06/10/2026;06/1007:00;   130167*;19404,47;346,66;3,67;1101;2;0;1.107;15;ENTREGA AGENDADA PELO CLIENTE;30/09/2026;N  ;          ;REC003080-5 ;;10838648000357 ;10838648000357 ;MIXBAHIA S/A;ESTRADA BA 093,SN-KM 17 GLP1B ;;;FUTURAMA;DIAS D AVILA;42850000;BA;26260930621082000152570020001261271001515410 ;719,58;;001-DIVERSOS            ;26260989724447000206550000001301671107591775 -26260989724447000206550000001301681531990352 ;30671711591774-30671711592046,00000000000000-00000000000000;0087459235-0087459238
DDA;N;REC127272-1;N;A.;     ;PINCEIS ATLAS SA;PINCEIS ATLAS SA;HITA COMERCIO E SERVICOS LTDA;RUA ANTONIO CONSELHEIRO,569;DIAS D AVILA;IMBASSAY;42850-000;07/10/2026;          ;306701;1635,6;9;0,09;27;5;5;159;84;CHEGADA NA UNIDADE DE DESTINO;28/09/2026;N  ;          ;REC003095-3 ;;00793483000129 ;00793483000129 ;HITA COMERCIO E SERVICOS LTDA;RUA ANTONIO CONSELHEIRO;569;;IMBASSAY;DIAS D AVILA;42850000;BA;26260930621082000152570020001267561001532424 ;103,12;;001-DIVERSOS            ;26260989723837000768550000003067011812689320 ;30671712040100-30671712040710;87480260
DDA;N;REC127439-2;N;A.;     ;PINCEIS ATLAS SA;PINCEIS ATLAS SA;MASTIC COM DE TTS LTDA;AV BRASIL,562;DIAS D AVILA;CENTRO;42850-000;08/10/2026;          ;306958;2381,37;38,02;0,45;135;18;18;171;84;CHEGADA NA UNIDADE DE DESTINO;30/09/2026;N  ;          ;REC003097-0 ;;41499236000282 ;41499236000282 ;MASTIC COM DE TTS LTDA;AV BRASIL;562;;CENTRO;DIAS D AVILA;42850000;BA;26260930621082000152570020001268801001538083 ;111,23;;001-DIVERSOS            ;26260989723837000768550000003069581193121509 ;30671714719242-30671714721109;87487088
IRE;N;SSA129985-9;N;B.;     ;DISTRIBUIDORA MEMPHIS LTDA. (B;DISTRIBUIDORA MEMPHIS LTDA. (B;DISTRIBUIDORA DE COSMETICOS AN;ROD BA,052-SN;IPIRA;INDUSTRIAL;44600-000;07/10/2026;07/1007:00;    12818*;162214,41;4499;0;4499;8;0;3.990;15;ENTREGA AGENDADA PELO CLIENTE;30/09/2026;N  ;          ;           ;AGENDADO X ITINERANTE X BATIDO;10984107000175 ;10984107000175 ;DISTRIBUIDORA DE COSMETICOS ANTONETO LTDA;ROD BA;52;SN;INDUSTRIAL;IPIRA;44600000;BA;29260930621082000233570030001277871001538696 ;2.492,45;;001-DIVERSOS            ;29260904781843000557550010000128191008211320 -29260904781843000557550010000128181008211315 ;00000000000000-00000000000000,30671715200100-30671715201000;-
IRE;N;SSA130144-6;N;B3;     ;CONDOR PINCEIS FILIAL SBS;CONDOR PINCEIS FILIAL SBS;LIDER MATERIAIS PARA CONSTRUCA;FAZENDA VARZEA,SN;IPIRA;ZONA RURAL;44600-000;13/10/2026;          ;119251;2976,51;33,9;0,31;93;21;21;181;80;MERCADORIA RECEBIDA PARA TRANSPORTE;01/10/2026;N  ;          ;           ;;59115280000126 ;59115280000126 ;LIDER MATERIAIS PARA CONSTRUCAO IPIRA LTDA;FAZENDA VARZEA;SN;;ZONA RURAL;IPIRA;44600000;BA;29261030621082000233570030001279521001546708 ;65;;001-DIVERSOS            ;42260909217430000304550050001192511633484164 ;30671718235878-30671718238068;
IRE;N;SSA130160-8;N;B.;     ;PIETROBON E CIA. LTDA.;PIETROBON E CIA. LTDA.;JONATHAN ARAUJO BARRETO DOS SA;RUA JOELITA TEIXEIRA, 98,0;MORRO DO CHAPEU;VALE OURO;44850-000;14/10/2026;          ;1162133;5393,03;463,5;1,25;463,5;30;0;591;80;MERCADORIA RECEBIDA PARA TRANSPORTE;01/10/2026;N  ;          ;           ;;56823798000126 ;56823798000126 ;JONATHAN ARAUJO BARRETO DOS SANTOS;RUA JOELITA TEIXEIRA;98;0;VALE OURO;MORRO DO CHAPEU;44850000;BA;29261030621082000233570030001279691001547400 ;351,72;;001-DIVERSOS            ;43260997580260000115550010011621331666531730 ;30671718401600-30671718404711;1848344COND
IRE;N;REC126485-1;N;B.;     ;DOCILE NORDESTE IND. E COM. DE;DOCILE NORDESTE IND. E COM. DE;FOCCO DISTRIBUIDORA LTDA - ME;AVENIDA 02 DE AGOSTO, SN, GALPAO A,S/N;IRECE;CENTRO;44900-000;23/09/2026;23/0907:00;   125378*;118913,15;4030,375;18,55;4030,375;9;18;6.862;17;INFORMATIVA;28/09/2026;N  ;          ;REC003078-3 ;;07059118000134 ;07059118000134 ;FOCCO DISTRIBUIDORA LTDA - ME;AVENIDA 02 DE AGOSTO;SN;GALPAO A SN;CENTRO;IRECE;44900000;BA;26260930621082000152570020001259701001509452 ;4.459,99;;001-DIVERSOS            ;26260912020480000131550020001253781884189787 -26260912020480000131550020001253791132897769 ;30671701180735-30671701181768,00000000000000-00000000000000;-
JAC;N;JOI068056-7;N;A.;     ;TBX IND, IMP E COMERCIO LTDA;TBX IND, IMP E COMERCIO LTDA;GIVALDO DE JESUS OLIVEIRA;TRAVESSA JOVELINO MACIEL,81;CAPELA DO ALTO ALEGRE;CENTRO;44645-000;13/10/2026;     23:59;984385;1159,61;47,2;0,2284;57,1;1;1;259;84;CHEGADA NA UNIDADE DE DESTINO;28/09/2026;N  ;          ;JOI002291-8 ;;00028731165877 ;00028731165877 ;Givaldo de Jesus Oliveira;Travessa Jovelino Maciel;81;;Centro;CAPELA DO ALTO ALEGRE;44645000;BA;42260930621082000314570010000677201001526730 ;90,76;;001-DIVERSOS            ;42260921398314000164550010009843851139414811 ;30671706804877-30671706805001;
JAC;N;MCZ129893-3;N;A3;     ;PANDURATA ALIMENTOS LTDA;PANDURATA ALIMENTOS LTDA;MATEUS SUPERMERCADOS S.A;AV CENTENARIO,532;JACOBINA;NAZARE;44700-000;09/10/2026;09/1007:00;126513;83402,94;2360,988;19,656;5896,8;12;0;6.373;15;ENTREGA AGENDADA PELO CLIENTE;01/10/2026;N  ;          ;MCZ000153-8 ;;03995515024694 ;03995515024694 ;MATEUS SUPERMERCADOS S.A;AV CENTENARIO;532;;NAZARE;JACOBINA;44700000;BA;29260930621082000233570030001276971001535884 ;1.717,91;;001-DIVERSOS            ;27260970940994009249550200001265131241401765 ;30671714751330-30671714752674;
JAC;N;REC127303-5;N;A.;     ;PINCEIS ATLAS SA;PINCEIS ATLAS SA;VILAS BOAS SHOPPING DA CONSTRU;AVENIDA LOMANTO JUNIOR,606;JACOBINA;CENTRO;44700-000;13/10/2026;          ;306725;5785,55;125,57;1,26;378;29;29;466;84;CHEGADA NA UNIDADE DE DESTINO;28/09/2026;N  ;          ;REC003095-3 ;;07296625000191 ;07296625000191 ;VILAS BOAS SHOPPING DA CONSTRU;AVENIDA LOMANTO JUNIOR;606;;CENTRO;JACOBINA;44700000;BA;26260930621082000152570020001267871001534741 ;303,08;;001-DIVERSOS            ;26260989723837000768550000003067251731782535 ;30671712902257-30671712905235;87481925
JAC;N;REC127441-4;N;A.;     ;PINCEIS ATLAS SA;PINCEIS ATLAS SA;COM TINTAS LEAL JATOBA LTDA EP;RUA MANOEL NOVAIS,186;JACOBINA;CENTRO;44700-000;14/10/2026;          ;306965;5378,93;60,06;0,43;129;26;26;212;84;CHEGADA NA UNIDADE DE DESTINO;30/09/2026;N  ;          ;REC003097-0 ;;40528218000138 ;40528218000138 ;COM TINTAS LEAL JATOBA LTDA EPP;RUA MANOEL NOVAIS;186;;CENTRO;JACOBINA;44700000;BA;26260930621082000152570020001268811001538099 ;137,62;;001-DIVERSOS            ;26260989723837000768550000003069651373936092 ;30671714723164-30671714725870;87488476
JAC;N;JOI068011-7;N;B.;     ;GCS COMERCIO DE PNEUS EIRELI;GCS COMERCIO DE PNEUS EIRELI;LAILZA SOUSA LIMA;AREA RURAL DE QUIXA,30-DEPOIS DA PADARIA;QUIXABEIRA;AREA RURAL DE QUIXABEIRA;44713-899;08/10/2026;          ;1192920;1526,77;25,28;0,238;25,28;4;4;170;84;CHEGADA NA UNIDADE DE DESTINO;28/09/2026;N  ;          ;JOI002291-8 ;;00002045823504 ;00002045823504 ;LAILZA SOUSA LIMA;AREA RURAL DE QUIXABEIRA;30;DEPOIS DA PADARIA;AREA RURAL DE QUIXABEIRA;QUIXABEIRA;44713899;BA;42260930621082000314570010000676491001523572 ;75;;009-E-COMMERCE          ;42260905326792000102550010011929201398841195 ;30671706370435-30671706370911;
JAC;N;SSA130130-6;N;B3;     ;CONDOR PINCEIS FILIAL SBS;CONDOR PINCEIS FILIAL SBS;MATERIAIS REQUIAO SOUZA LTDA;PRACA DA BANDEIRA,0-CASA;MIGUEL CALMON;CENTRO;44720-000;14/10/2026;          ;119353;3169,73;45,94;0,52;156;18;18;238;80;MERCADORIA RECEBIDA PARA TRANSPORTE;01/10/2026;N  ;          ;           ;;27085953000156 ;27085953000156 ;MATERIAIS REQUIAO SOUZA LTDA;PRACA DA BANDEIRA;0;CASA;CENTRO;MIGUEL CALMON;44720000;BA;29261030621082000233570030001279381001546563 ;90;;001-DIVERSOS            ;42260909217430000304550050001193531833481592 ;30671718208803-30671718210766;
JAC;N;JOI067873-2;N;A.;     ;TBX IND, IMP E COMERCIO LTDA;TBX IND, IMP E COMERCIO LTDA;DIVINEIA NUNES;RUA ALCIDES CORREIA,SN-ANTIGA GRANJA;CALDEIRAO GRANDE;CENTRO;44750-000;07/10/2026;     23:59;983031;771,46;49,85;0,224;56;1;1;256;84;CHEGADA NA UNIDADE DE DESTINO;28/09/2026;N  ;          ;JOI002291-8 ;;00029486108854 ;00029486108854 ;Divineia Nunes;Rua Alcides Correia;SN;;Centro;CALDEIRAO GRANDE;44750000;BA;42260930621082000314570010000675581001521255 ;89,46;;001-DIVERSOS            ;42260921398314000164550010009830311139286153 ;30671704733568-30671704733732;
JAC;N;SSA130154-3;N;B3;     ;CONDOR PINCEIS FILIAL SBS;CONDOR PINCEIS FILIAL SBS;AURELIO SILVA SOUZA NETO;AVENIDA OSVALDO PAULINO,SN;PINDOBACU;JOSE CAVALCANTE;44772-060;14/10/2026;          ;119351;5859,54;62,65;0,63;189;43;43;232;51;SOBRA DE MERCADORIA;01/10/2026;N  ;          ;           ;;59496063000123 ;59496063000123 ;AURELIO SILVA SOUZA NETO;AVENIDA OSVALDO PAULINO;SN;;JOSE CAVALCANTE;PINDOBACU;44772060;BA;29261030621082000233570030001279621001546801 ;90;;001-DIVERSOS            ;42260909217430000304550050001193511698792772 ;30671718359286-30671718363684;
JAC;N;SBS067992-5;N;C.;     ;LOJA DE MOVEIS DECORA LTDA;LOJA DE MOVEIS DECORA LTDA;GLEICE CUCHINELLO;RUA ALTINO G DA SILVA,220;CAPIM GROSSO;NOVA AVENIDA;44820-298;13/10/2026;          ;1043;1553,62;19,3;0,0525;19,3;1;1;191;84;CHEGADA NA UNIDADE DE DESTINO;28/09/2026;N  ;          ;JOI002291-8 ;;00029741016824 ;00029741016824 ;GLEICE CUCHINELLO;RUA ALTINO G DA SILVA;220;;NOVA AVENIDA;CAPIM GROSSO;44820298;BA;42260930621082000314570010000676321001523176 ;75;;001-DIVERSOS            ;42260915080683000101550040000010431543264416 ;30671706290211-30671706290496;
JEQ;N;JOI067909-7;N;A.;     ;TBX IND, IMP E COMERCIO LTDA;TBX IND, IMP E COMERCIO LTDA;EDEU DE SOUZA GOMES JUNIOR;AVENIDA CASTRO ALVES,120-CHARMS MAGAZINE;SANTO ESTEVAO;CENTRO;44190-000;05/10/2026;     23:59;983426;1301,88;99,7;0,4479;111,975;2;2;289;84;CHEGADA NA UNIDADE DE DESTINO;28/09/2026;N  ;          ;JOI002291-8 ;;00002091180599 ;00002091180599 ;Edeu de Souza Gomes Junior;Avenida Castro Alves;120;;Centro;SANTO ESTEVAO;44190000;BA;42260930621082000314570010000676621001523710 ;101,18;;001-DIVERSOS            ;42260921398314000164550010009834261139314019 ;30671705328970-30671705329242;
JEQ;N;REC127663-8;N;B.;     ;METALURGICA MOR SA - PE 95.422;METALURGICA MOR SA - PE 95.422;J G MERCADINHO COMERCIAL DE AL;ROD BR 116, 0,KM 470,BOX 25,S/N;SANTO ESTEVAO;PAU DE VELA;44190-000;13/10/2026;          ;299484;1970,18;46,738;0,665;166,25;5;0;200;84;CHEGADA NA UNIDADE DE DESTINO;01/10/2026;N  ;          ;REC003102-0 ;;37307622000177 ;37307622000177 ;J G MERCADINHO COMERCIAL DE ALIMENTOS LT;ROD BR 116, 0,KM 470,BOX 25,SN ;;;PAU DE VELA;SANTO ESTEVAO;44190000;BA;26260930621082000152570020001271431001543608 ;129,84;;007-MOR                 ;26260995422218000906550010002994841470377593 ;30671716698673-30671716699257;22255559
JEQ;N;SBS067993-3;N;C.;     ;LOJA DE MOVEIS DECORA LTDA;LOJA DE MOVEIS DECORA LTDA;MIRIAN SILVA;RUA MARECHAL FLOREANO,682-PRIMEIRO ANDAR;SANTO ESTEVAO;CENTRO;44190-000;07/10/2026;          ;1103;4820,53;104,6;0,2758;104,6;5;5;270;84;CHEGADA NA UNIDADE DE DESTINO;28/09/2026;N  ;          ;JOI002291-8 ;;00001679877550 ;00001679877550 ;MIRIAN SILVA;RUA MARECHAL FLOREANO PEIXOTO;682;PRIMEIRO ANDAR;CENTRO;SANTO ESTEVAO;44190000;BA;42260930621082000314570010000676331001523181 ;94,4;;001-DIVERSOS            ;42260915080683000101550040000011031544000897 ;30671706290523-30671706291107;
JEQ;N;JOI067841-4;N;A.;     ;TBX IND, IMP E COMERCIO LTDA;TBX IND, IMP E COMERCIO LTDA;LAIZA MELO SAMPAIO;RUA GILDASIO FRANCISCO DE OLIVEIRA,7-SUBINDO A RUA DA LAGOA ALTIMA RUA A DIREITA;ITATIM;CENTRO;46875-000;06/10/2026;     23:59;983043;709,06;49,85;0,224;56;1;1;198;84;CHEGADA NA UNIDADE DE DESTINO;28/09/2026;N  ;          ;JOI002291-8 ;;00005185773502 ;00005185773502 ;Laiza Melo Sampaio;Rua Gildasio Francisco de Oliveira;7;;Centro;ITATIM;46875000;BA;42260930621082000314570010000675141001520815 ;75;;001-DIVERSOS            ;42260921398314000164550010009830431139286626 ;30671704721597-30671704721761;
JEQ;N;SSA130152-7;N;B3;     ;CONDOR PINCEIS FILIAL SBS;CONDOR PINCEIS FILIAL SBS;ITATIM MAGAZINE LTDA;AV IRMA DULCE,120;ITATIM;CENTRO;46875-000;13/10/2026;          ;   119252*;1585,46;3,74;0,01;3,74;2;2;176;80;MERCADORIA RECEBIDA PARA TRANSPORTE;01/10/2026;N  ;          ;           ;;67885629000137 ;67885629000137 ;ITATIM MAGAZINE LTDA;AV IRMA DULCE;120;;CENTRO;ITATIM;46875000;BA;29261030621082000233570030001279601001546785 ;90;;001-DIVERSOS            ;42260909217430000304550050001193071793441002 -42260909217430000304550050001192521845143821 ;30671718357193-30671718357368,30671718356811-30671718357056;-
JUA;N;JOI068223-3;N;B.;     ;PNEUBEST COMERCIAL LTDA;PNEUBEST COMERCIAL LTDA;LETICIA DIAS DA SILVA;AV EUDALDO MOTA,101;FILADELFIA;CENTRO;44775-000;14/10/2026;          ;162594;1742,81;45,5;0,3445;45,5;1;1;229;84;CHEGADA NA UNIDADE DE DESTINO;28/09/2026;N  ;          ;JOI002291-8 ;SR MOTORISTA EM CASO DE DUVIDA NA ENTREGA ATENTAR PARA CAMPO DADOS ADICIONAIS/INFORMACOES COMPLEMENTARES DA NOTA FISCAL..;00010233379592 ;00010233379592 ;LETICIA DIAS DA SILVA;AV EUDALDO MOTA;101;;CENTRO;FILADELFIA;44775000;BA;42260930621082000314570010000678331001529946 ;80,2;;009-E-COMMERCE          ;42260936996649000151550080001625941240224028 ;30671710366853-30671710367098;
JUA;N;REC127229-2;N;B.;     ;DOCILE NORDESTE IND. E COM. DE;DOCILE NORDESTE IND. E COM. DE;COMERCIAL MARTINS SOUZA ALIMEN;PRACA PRESIDENTE KENNEDY,25-TERREO;ANTONIO GONCALVES;CENTRO;44780-000;08/10/2026;          ;   125608*;5181,15;162,133;0,8;162,133;90;90;323;84;CHEGADA NA UNIDADE DE DESTINO;28/09/2026;N  ;          ;REC003095-3 ;;18005402000144 ;18005402000144 ;COMERCIAL MARTINS SOUZA ALIMENTOS LTDA - ME;PRACA PRESIDENTE KENNEDY;25;TERREO;CENTRO;ANTONIO GONCALVES;44780000;BA;26260930621082000152570020001267091001531860 ;210,02;;001-DIVERSOS            ;26260912020480000131550020001256081814360900 -26260912020480000131550020001256091356817302 ;30671711575309-30671711584398,30671711584425-30671711584603;-
JUA;N;SSA129675-2;N;A.;     ;MARILAN ALIMENTOS S/A;MARILAN ALIMENTOS S/A;SENDAS DISTRIBUIDORA S/A LJ 66;AV SAARA,SN;JUAZEIRO;ALTO DA MARAVILHA;48900-441;29/09/2026;          ;22397;38917,29;2702,05;11,39;2702,05;8;0;4.633;35;AGUARDANDO AGENDAMENTO DO CLIENTE;22/09/2026;N  ;          ;           ;CARGA PALETIZADA - TAB 13;06057223031565 ;06057223031565 ;SENDAS DISTRIBUIDORA S/A LJ 66;AV SAARA;SN;;ALTO DA MARAVILHA;JUAZEIRO;48900441;BA;29260930621082000233570030001274981001527845 ;1.963,48;;001-DIVERSOS            ;32260952034139002284550010000223971286464200 ;30671710690307-30671710691206;4000024146
JUA;N;REC127327-2;N;B.;     ;METALURGICA MOR SA - PE 95.422;METALURGICA MOR SA - PE 95.422;UNIPRECO CONSTRUCOES LTDA ME;AV AVENIDA GIRASOL,620-C;JUAZEIRO;ARGEMIRO;48901-090;13/10/2026;          ;298925;2049,99;72,576;1,3879;346,975;30;30;465;84;CHEGADA NA UNIDADE DE DESTINO;29/09/2026;N  ;          ;REC003094-5 ;;14647087000106 ;14647087000106 ;UNIPRECO CONSTRUCOES LTDA ME;AV AVENIDA GIRASOL;620;C;ARGEMIRO;JUAZEIRO;48901090;BA;26260930621082000152570020001268101001534970 ;301,94;;007-MOR                 ;26260995422218000906550010002989251261682034 ;30671713059892-30671713062956;22252005
JUA;N;REC127185-7;N;B.;     ;STRAWPLAST INDUSTRIA E COMERCI;STRAWPLAST INDUSTRIA E COMERCI;LITORAL DISTRIBUIDORA S.A;ROD BR 407 QUADRAQI A LOTE,12E13;JUAZEIRO;DISTRITO INDUSTRIAL;48909-725;09/10/2026;09/1007:00;36436;20319,22;687,495;4,3383;1084,575;410;410;1.514;15;ENTREGA AGENDADA PELO CLIENTE;28/09/2026;N  ;          ;REC003095-3 ;;55104068000293 ;55104068000293 ;LITORAL DISTRIBUIDORA S.A;ROD BR;407;QUADRAQI A LOTE 12 E 13;DISTRITO INDUSTRIAL;JUAZEIRO;48909725;BA;26260930621082000152570020001266661001530589 ;984,31;;004-STRAWPLAST          ;26260902591442000266550010000364361370882085 ;30671711154301-30671711195443;
JUA;N;JOI067958-5;N;A.;     ;TBX IND, IMP E COMERCIO LTDA;TBX IND, IMP E COMERCIO LTDA;TATIANE FRANCA SANTOS;RUA DA PADARIA FERREIRA,SN-QUANDO CHEGAR NA PADARIA PERGUNTA A ONDE FICA A CASA DE DONA MARIA;JUAZEIRO;MANIAOOBA;48921-000;08/10/2026;     23:59;983743;468,32;10;0,1198;29,95;1;1;186;84;CHEGADA NA UNIDADE DE DESTINO;28/09/2026;N  ;          ;JOI002291-8 ;;00001568007566 ;00001568007566 ;Tatiane Franca Santos;Rua da padaria ferreira;SN;;ManiAooba;JUAZEIRO;48921000;BA;42260930621082000314570010000676901001523994 ;75;;001-DIVERSOS            ;42260921398314000164550010009837431139344381 ;30671705584620-30671705584809;
JUA;N;BGS001948-8;N;B.;     ;MOVEIS K1 LTDA;MOVEIS K1 LTDA;PRUDENCIO ELETRO E MOVEIS LTDA;RUA DA PERDIZ,17-TERREO;JAGUARARI;NUCLEO RES PILAR;48960-000;13/10/2026;          ;2254896;9,8;0,186;0,01;3;1;0;240;84;CHEGADA NA UNIDADE DE DESTINO;29/09/2026;N  ;          ;BGS000164-3 ;;07374468000195 ;07374468000195 ;PRUDENCIO ELETRO E MOVEIS LTDA;RUA DA PERDIZ;17;TERREO;NUCLEO RES PILAR;JAGUARARI;48960000;BA;43260930621082000403570010000018991001529030 ;83,85;;008-MOVEIS              ;43260900912882000161550020022548961000000186 ;30671709932603-30671709932874;
JUA;N;REC127287-0;N;C.;     ;CENTRALSUL LTDA;CENTRALSUL LTDA;POSTO DONA ROSA II LTDA;ROD BR 407 KM 72,S/N-POSTO;JAGUARARI;POVOADO DE FLAMENGO;48960-000;13/10/2026;          ;    24433*;4143,65;42,716;0;42,716;5;5;158;84;CHEGADA NA UNIDADE DE DESTINO;28/09/2026;N  ;          ;REC003095-3 ;;29175671000175 ;29175671000175 ;POSTO DONA ROSA II LTDA;ROD BR 407 KM 72,SN-POSTO ;;;POVOADO DE FLAMENGO;JAGUARARI;48960000;BA;26260930621082000152570020001267691001534468 ;102,6;;001-DIVERSOS            ;26260900871981000304550240000244331198066769 -26260900871981000304550240000244341187850908 -26260900871981000304550240000244351176543216 ;30671712819456-30671712820088,00000000000000-00000000000000,00000000000000-00000000000000;56820035NO-56820039NO-56820040NO
JUA;N;SSA130137-3;N;B3;     ;CONDOR PINCEIS FILIAL SBS;CONDOR PINCEIS FILIAL SBS;S.S.COM E SERV DE LOCACAO DE E;AV CLEMENTINO CUNHA,51;JAGUARARI;CENTRO;48960-000;14/10/2026;          ;119352;2132,94;38,82;0,27;81;16;16;178;80;MERCADORIA RECEBIDA PARA TRANSPORTE;01/10/2026;N  ;          ;           ;;37247480000108 ;37247480000108 ;S.S.COM E SERV DE LOCACAO DE EQUIP;AV CLEMENTINO CUNHA;51;;CENTRO;JAGUARARI;48960000;BA;29261030621082000233570030001279431001546610 ;90;;001-DIVERSOS            ;42260909217430000304550050001193521841747949 ;30671718224518-30671718226261;
JUA;N;BGS001991-7;N;B.;     ;SIMONETTO ALIMENTOS LTDA - MAT;SIMONETTO ALIMENTOS LTDA - MAT;JOSE ALBANI DE MADEIRA LTDA;AV JOAO DURVAL CARNEIRO S/N,0;SENHOR DO BONFIM;RODOVIA;48970-000;15/10/2026;          ;463601;7732,06;612,04;1,8361;612,04;59;0;1.377;84;CHEGADA NA UNIDADE DE DESTINO;29/09/2026;N  ;          ;BGS000164-3 ;;54587683000154 ;54587683000154 ;JOSE ALBANI DE MADEIRA LTDA;AV JOAO DURVAL CARNEIRO;SN;0;RODOVIA;SENHOR DO BONFIM;48970000;BA;43260930621082000403570010000019381001532987 ;481,81;;001-DIVERSOS            ;43260991519595000141550020004636011116336470 ;30671712383710-30671712389786;673965COND
JUA;N;JOI067830-9;N;A.;     ;TBX IND, IMP E COMERCIO LTDA;TBX IND, IMP E COMERCIO LTDA;HELMAR DA SILVA JACOME;RUA QUEIMADINHA,10;SENHOR DO BONFIM;IGARA;48970-000;07/10/2026;     23:59;982998;1334,04;99,7;0,4479;111,975;2;2;319;84;CHEGADA NA UNIDADE DE DESTINO;28/09/2026;N  ;          ;JOI002291-8 ;;00000907414559 ;00000907414559 ;Helmar da Silva Jacome;rua queimadinha;10;;Igara;SENHOR DO BONFIM;48970000;BA;42260930621082000314570010000675091001520769 ;111,49;;001-DIVERSOS            ;42260921398314000164550010009829981139284812 ;30671704715445-30671704715757;
JUA;N;JOI067895-3;N;A.;     ;TBX IND, IMP E COMERCIO LTDA;TBX IND, IMP E COMERCIO LTDA;RODOLFO WILSON PIZOLITTO SILVA;RUA VINTE E CINCO DE JANEIRO,29-BAIRRO SANTOS DUMONT REFERENCIA R. VINTE E CINCO DE JANEIRO;SENHOR DO BONFIM;CENTRO;48970-000;07/10/2026;     23:59;983290;1762,05;93;0,4774;119,35;2;2;343;84;CHEGADA NA UNIDADE DE DESTINO;28/09/2026;N  ;          ;JOI002291-8 ;;00001261549538 ;00001261549538 ;Rodolfo Wilson Pizolitto Silva;Rua Princesa Isabel;29;;Centro;SENHOR DO BONFIM;48970000;BA;42260930621082000314570010000675321001520996 ;120,07;;001-DIVERSOS            ;42260921398314000164550010009832901139301260 ;30671704818105-30671704818403;
JUA;N;REC126153-3;N;A.;     ;BETTANIN INDUSTRIAL S/A;BETTANIN INDUSTRIAL S/A;SENDAS DISTRIBUIDORA 184;R. JOSE OTAVIO CARVALHO,SN;SENHOR DO BONFIM;UMBURANA;48970-000;06/10/2026;06/1007:00;129877;13614,64;259,95;5,33;1599;4;4;1.803;15;ENTREGA AGENDADA PELO CLIENTE;02/10/2026;N  ;          ;REC003069-4 ;;06057223040718 ;06057223040718 ;SENDAS DISTRIBUIDORA S/A;R JOSE OTAVIO CARVALHO;SN;;UMBURANA;SENHOR DO BONFIM;48970000;BA;26260930621082000152570020001256391001495501 ;1.171,63;;001-DIVERSOS            ;26260989724447000206550000001298771793661423 ;30671693405563-30671693406000;87438974
JUA;N;REC127125-3;N;A.;     ;BETTANIN INDUSTRIAL S/A;BETTANIN INDUSTRIAL S/A;SENDAS DISTRIBUIDORA 184;R. JOSE OTAVIO CARVALHO,SN;SENHOR DO BONFIM;UMBURANA;48970-000;06/10/2026;06/1007:00;130443;17269,17;396,57;4,25;1275;89;89;1.469;15;ENTREGA AGENDADA PELO CLIENTE;24/09/2026;N  ;          ;REC003090-2 ;AGENDADO X ITINERANTE X PALETIZADO..;06057223040718 ;06057223040718 ;SENDAS DISTRIBUIDORA 184;RUA JOSE OTAVIO CARVALHO;SN;;UMBURANA;SENHOR DO BONFIM;48970000;BA;26260930621082000152570020001266081001529420 ;954,79;;001-DIVERSOS            ;26260989724447000206550000001304431964266232 ;30671710184731-30671710193724;87474899
JUA;N;REC127301-9;N;A.;     ;PINCEIS ATLAS SA;PINCEIS ATLAS SA;JUCILENE MAGALI FREITAS OLIVEI;AV ANTONIO CARLOS MAGALHAES,311-TERREO;SENHOR DO BONFIM;SANTOS DUMONT;48970-000;13/10/2026;          ;306733;2593,61;30,75;0,29;87;14;14;199;84;CHEGADA NA UNIDADE DE DESTINO;28/09/2026;N  ;          ;REC003095-3 ;;10606769000101 ;10606769000101 ;JUCILENE MAGALI FREITAS OLIVEIRA DE FILADELFIA;AV ANTONIO CARLOS MAGALHAES;311;TERREO;SANTOS DUMONT;SENHOR DO BONFIM;48970000;BA;26260930621082000152570020001267851001534720 ;129,48;;001-DIVERSOS            ;26260989723837000768550000003067331426240963 ;30671712895975-30671712897444;87480796
JUA;N;BGS001997-6;N;B.;     ;MOVEIS K1 LTDA;MOVEIS K1 LTDA;RKNL PETROLINA LTDA;R CORONEL AMORIM,76;PETROLINA;CENTRO;56302-320;15/10/2026;          ;  2256192*;14347,53;279,068;3,347;1004,1;219;0;2.571;84;CHEGADA NA UNIDADE DE DESTINO;29/09/2026;N  ;          ;BGS000164-3 ;;62458607000177 ;62458607000177 ;RKNL PETROLINA LTDA;R CORONEL AMORIM;76;;CENTRO;PETROLINA;56302320;PE;43260930621082000403570010000019471001533281 ;899,8;;016-UZ                  ;43260900912882000161550020022561941000000182 -43260900912882000161550020022561921000000188 ;30671712484722-30671712485580,30671712463310-30671712484695;-
JUA;N;BGS001975-5;N;B.;     ;SIMONETTO ALIMENTOS LTDA - MAT;SIMONETTO ALIMENTOS LTDA - MAT;MACARIOS FESTAS LTDA;AV BARAO DO RIO BRANCO, N  809,0;PETROLINA;CENTRO;56304-310;15/10/2026;          ;463602;7324,18;652,4;0,6067;652,4;58;0;1.482;84;CHEGADA NA UNIDADE DE DESTINO;29/09/2026;N  ;          ;BGS000164-3 ;;24785496000114 ;24785496000114 ;MACARIOS FESTAS LTDA;AV BARAO DO RIO BRANCO N;809;0;CENTRO;PETROLINA;56304310;PE;43260930621082000403570010000019201001532800 ;518,6;;001-DIVERSOS            ;43260991519595000141550020004636021549081743 ;30671712309420-30671712315301;673966COND
JUA;N;JOI067789-2;N;A.;     ;TBX IND, IMP E COMERCIO LTDA;TBX IND, IMP E COMERCIO LTDA;ALIRIO RIBEIRO SOARES;RUA DO VALLE,03-CONDOMINIO VALLE DOS COQUEIROS BLOCO 32 AP 2 A;PETROLINA;COHAB SA O FRANCISCO;56309-412;07/10/2026;     23:59;982757;2812,14;149,55;0,6719;167,975;3;3;558;84;CHEGADA NA UNIDADE DE DESTINO;28/09/2026;N  ;          ;JOI002291-8 ;;00001544108532 ;00001544108532 ;Alirio Ribeiro Soares;Rua do Valle;3;;Cohab SA o Francisco;PETROLINA;56309412;PE;42260930621082000314570010000674991001520663 ;195,35;;001-DIVERSOS            ;42260921398314000164550010009827571139274333 ;30671704690163-30671704690502;
JUA;N;JOI067800-7;N;A.;     ;TBX IND, IMP E COMERCIO LTDA;TBX IND, IMP E COMERCIO LTDA;THACILLA GOMES DO NASCIMENTO;RUA EVA MOTA,313-DEIXAR NA PADARIA PRIMOR COM MARLLON WALLAS;PETROLINA;JARDIM AMAZONAS;56318-340;07/10/2026;     23:59;982744;1004,83;49,85;0,224;56;1;1;303;84;CHEGADA NA UNIDADE DE DESTINO;28/09/2026;N  ;          ;JOI002291-8 ;;00014304213474 ;00014304213474 ;Thacilla Gomes do Nascimento;Rua Eva Mota;313;;Jardim Amazonas;PETROLINA;56318340;PE;42260930621082000314570010000675241001520919 ;105,95;;001-DIVERSOS            ;42260921398314000164550010009827441139273649 ;30671704694201-30671704694486;
JUA;N;JOI067833-3;N;A.;     ;TBX IND, IMP E COMERCIO LTDA;TBX IND, IMP E COMERCIO LTDA;ANTA NIO MACEDO;RUA C,134-A CASA DE SOGRO;PETROLINA;VALE GRANDE RIO;56318-835;07/10/2026;     23:59;983005;1377,87;99,7;0,4479;111,975;2;2;358;84;CHEGADA NA UNIDADE DE DESTINO;28/09/2026;N  ;          ;JOI002291-8 ;;00002368555498 ;00002368555498 ;AntA nio Macedo;Rua C;134;A;Vale Grande Rio;PETROLINA;56318835;PE;42260930621082000314570010000675081001520753 ;125,29;;001-DIVERSOS            ;42260921398314000164550010009830051139285114 ;30671704716505-30671704716817;
JUA;N;JOI068122-9;N;A.;     ;TBX IND, IMP E COMERCIO LTDA;TBX IND, IMP E COMERCIO LTDA;WILLIANE JESSICA CARVALHO DE S;RUA DO FOSFATO,145;PETROLINA;DOM AVELAR;56322-550;13/10/2026;     23:59;984890;1377,87;99,7;0,4479;111,975;2;2;358;84;CHEGADA NA UNIDADE DE DESTINO;28/09/2026;N  ;          ;JOI002291-8 ;;00071160528446 ;00071160528446 ;Williane Jessica Carvalho de Souza;Rua do Fosfato;145;;Dom Avelar;PETROLINA;56322550;PE;42260930621082000314570010000678081001528718 ;125,29;;001-DIVERSOS            ;42260921398314000164550010009848901139477977 ;30671709135453-30671709135765;
JUA;N;JOI067945-3;N;B.;     ;GCS COMERCIO DE PNEUS EIRELI;GCS COMERCIO DE PNEUS EIRELI;FERNANDO SANTOS;A,326-CASA AO LADO DE BRUNO REFRIGERACAO;PETROLINA;AREIA BRANCA;56328-480;07/10/2026;          ;1192109;599,98;13,54;0,1098;13,54;2;2;197;84;CHEGADA NA UNIDADE DE DESTINO;28/09/2026;N  ;          ;JOI002291-8 ;;00009262103433 ;00009262103433 ;FERNANDO SANTOS;AVENIDA PARAIBA;326;CASA AO LADO DE BRUNO REFRIGERACAO;AREIA BRANCA;PETROLINA;56328480;PE;42260930621082000314570010000676021001521697 ;75;;009-E-COMMERCE          ;42260905326792000102550010011921091680604366 ;30671705445390-30671705445605;
JUA;N;BGS001950-0;N;C.;     ;NETMOBIL INDUSTRIA E COMERCIO;NETMOBIL INDUSTRIA E COMERCIO;JOELSON MARQUES DE ALMEIDA;AVENIDA CLEMENTINO COELHO,030-CASA DE ESQUINA REFERENCIA PROX BAR DO BOI. VIZINHO A BELAR;PETROLINA;IZACOLANDIA;56343-000;13/10/2026;          ;139220;1674,63;68,1;0,05;68,1;5;0;242;84;CHEGADA NA UNIDADE DE DESTINO;29/09/2026;N  ;          ;BGS000164-3 ;;00038721140855 ;00038721140855 ;JOELSON MARQUES DE ALMEIDA;AVENIDA CLEMENTINO COELHO;30;CASA DE ESQUINA REFERENCIA PROX BAR DO BOI VIZINHO A BELAR;IZACOLANDIA;PETROLINA;56343000;PE;43260930621082000403570010000019011001529056 ;84,84;;008-MOVEIS              ;43260934190384000174550010001392201936481385 ;30671709933283-30671709933800;144018
JUA;N;JOI067803-1;N;A.;     ;TBX IND, IMP E COMERCIO LTDA;TBX IND, IMP E COMERCIO LTDA;DAIANA DE SOUSA NASCIMENTO;RUA D,31-A;PETROLINA;MASSANGANO;56353-700;07/10/2026;     23:59;982439;1377,87;99,7;0,4479;111,975;2;2;358;84;CHEGADA NA UNIDADE DE DESTINO;28/09/2026;N  ;          ;JOI002291-8 ;;00071142372430 ;00071142372430 ;Daiana de Sousa Nascimento;Rua D;31;A;Massangano;PETROLINA;56353700;PE;42260930621082000314570010000675351001521021 ;125,29;;001-DIVERSOS            ;42260921398314000164550010009824391139246815 ;30671704695100-30671704695409;
LEM;N;JOI068163-6;N;B.;     ;GCS COMERCIO DE PNEUS EIRELI;GCS COMERCIO DE PNEUS EIRELI;ANDERSON CURCINO DEUS;JOAQUIM MACEDO,039-IBOTIRAMA;IBOTIRAMA;SAO FRANCISCO;47520-000;13/10/2026;          ;1195406;1627,5;27,07;0,2197;27,07;4;4;170;84;CHEGADA NA UNIDADE DE DESTINO;28/09/2026;N  ;          ;JOI002291-8 ;;00080217389104 ;00080217389104 ;ANDERSON CURCINO DEUS;JOAQUIM MACEDO;39;IBOTIRAMA;SAO FRANCISCO;IBOTIRAMA;47520000;BA;42260930621082000314570010000677781001528075 ;75;;009-E-COMMERCE          ;42260905326792000102550010011954061173239169 ;30671709150937-30671709151483;
LEM;N;JOI067820-1;N;A.;     ;TBX IND, IMP E COMERCIO LTDA;TBX IND, IMP E COMERCIO LTDA;RANIERE DA CUNHA SILVA;TV LOURENCO OLIVEIRA,18;SERRA DOURADA;CENTRO;47740-108;07/10/2026;     23:59;982866;776,39;49,85;0,224;56;1;1;260;84;CHEGADA NA UNIDADE DE DESTINO;28/09/2026;N  ;          ;JOI002291-8 ;;00003753900575 ;00003753900575 ;Raniere da Cunha Silva;Rua LourenAoo Ferreira Oliveira;18;;Centro;SERRA DOURADA;47740108;BA;42260930621082000314570010000674981001520658 ;91,05;;001-DIVERSOS            ;42260921398314000164550010009828661139279046 ;30671704711095-30671704711260;
LEM;N;REC127255-1;N;A.;     ;PINCEIS ATLAS SA;PINCEIS ATLAS SA;SCHEILA WANDERLEY SILVA EIRELI;R GETULIO VARGAS,SN-CASA;TABOCAS DO BREJO VELHO;CENTRO;47760-000;13/10/2026;          ;306617;4500,19;78,51;0,51;153;20;20;236;84;CHEGADA NA UNIDADE DE DESTINO;28/09/2026;N  ;          ;REC003095-3 ;;06269988000175 ;06269988000175 ;SCHEILA WANDERLEY SILVA EIRELI ME;R GETULIO VARGAS;SN;CASA;CENTRO;TABOCAS DO BREJO VELHO;47760000;BA;26260930621082000152570020001267391001532253 ;153,08;;001-DIVERSOS            ;26260989723837000768550000003066171016696178 ;30671711995366-30671711997459;87475152
LEM;N;BGS001972-1;N;C.;     ;NETMOBIL INDUSTRIA E COMERCIO;NETMOBIL INDUSTRIA E COMERCIO;JOAO GUSTAVO MEDRADO BOMFIM;AVENIDA BENEDITA SILVEIRA,111;BARREIRAS;CENTRO;47800-130;15/10/2026;          ;139376;1742,05;85,1;0,12;85,1;6;0;300;84;CHEGADA NA UNIDADE DE DESTINO;29/09/2026;N  ;          ;BGS000164-3 ;;00003285254564 ;00003285254564 ;JOAO GUSTAVO MEDRADO BOMFIM;AVENIDA BENEDITA SILVEIRA;111;;CENTRO;BARREIRAS;47800130;BA;43260930621082000403570010000019171001532774 ;104,98;;008-MOVEIS              ;43260934190384000174550010001393761936770817 ;30671712304350-30671712305070;144122
LEM;N;REC127358-2;N;C.;     ;ALLTAPE FITAS ADESIVAS DO NORD;ALLTAPE FITAS ADESIVAS DO NORD;INDUSTRIA GRAFICA E EDITORA IR;BENEDITA SILVEIRA,411;BARREIRAS;CENTRO;47800-130;13/10/2026;          ;42281;13056,03;723,418;0;723,418;53;53;1.041;84;CHEGADA NA UNIDADE DE DESTINO;30/09/2026;N  ;          ;REC003096-1 ;;13653928000460 ;13653928000460 ;INDUSTRIA GRAFICA E EDITORA IRMAOS RIBEIRO LTDA;BENEDITA SILVEIRA;411;;CENTRO;BARREIRAS;47800130;BA;26260930621082000152570020001268411001535965 ;676,56;;001-DIVERSOS            ;26260911275007000132550010000422811932728783 ;30671713962547-30671713967920;37842
LEM;N;REC127196-2;N;B.;     ;METALURGICA MOR SA - PE 95.422;METALURGICA MOR SA - PE 95.422;SEMPRELAR UTILIDADES EIRELI;R CUSTODIA ROCHA DE CARVALHO,267;BARREIRAS;CENTRO;47800-187;08/10/2026;08/1007:00;   298776*;72907,67;2984,545;14,1601;3540,025;581;581;5.214;15;ENTREGA AGENDADA PELO CLIENTE;01/10/2026;N  ;          ;REC003095-3 ;REDE SEMPRELAR - CLIENTE AGENDADO;17990747000137 ;17990747000137 ;SEMPRELAR UTILIDADES EIRELI;R CUSTODIA ROCHA DE CARVALHO;267;;CENTRO;BARREIRAS;47800187;BA;26260930621082000152570020001266761001531530 ;3.389,19;;007-MOR                 ;26260995422218000906550010002987761812319087 -26260995422218000906550010002987771165360388 -26260995422218000906550010002987881934652733 ;30671711251615-30671711254117,30671711254254-30671711255314,30671711255451-30671711310251;22241327-22246304-22246303
LEM;N;REC127122-9;N;A.;     ;BETTANIN INDUSTRIAL S/A;BETTANIN INDUSTRIAL S/A;SENDAS DISTRIBUIDORA 242;AVENIDA CLERISTON ANDRADE,1897;BARREIRAS;SAO MIGUEL;47800-390;08/10/2026;08/1007:00;130446;8911,25;132,88;1,17;351;45;45;483;15;ENTREGA AGENDADA PELO CLIENTE;24/09/2026;N  ;          ;REC003090-2 ;AGENDADO X ITINERANTE X PALETIZADO..;06057223046910 ;06057223046910 ;SENDAS DISTRIBUIDORA 242;AVENIDA CLERISTON ANDRADE;1897;;SAO MIGUEL;BARREIRAS;47800390;BA;26260930621082000152570020001266051001529399 ;313,89;;001-DIVERSOS            ;26260989724447000206550000001304461322858442 ;30671710163778-30671710168362;87475694
LEM;N;SSA129681-7;N;A.;     ;MARILAN ALIMENTOS S/A;MARILAN ALIMENTOS S/A;SENDAS DISTRIBUIDORA 242;AVENIDA CLERISTON ANDRADE,1897;BARREIRAS;SAO MIGUEL;47800-390;02/10/2026;          ;22403;31902,49;2030,15;8,27;2030,15;8;0;4.202;35;AGUARDANDO AGENDAMENTO DO CLIENTE;22/09/2026;N  ;          ;           ;;06057223046910 ;06057223046910 ;SENDAS DISTRIBUIDORA 242;AVENIDA CLERISTON ANDRADE;1897;;SAO MIGUEL;BARREIRAS;47800390;BA;29260930621082000233570030001275041001527909 ;1.479,71;;001-DIVERSOS            ;32260952034139002284550010000224031186989190 ;30671710692674-30671710693560;4000024146
LEM;N;SSA129799-6;N;B.;     ;SERGYENE INDUSTRIA E COMERCIO;SERGYENE INDUSTRIA E COMERCIO;SENDAS DISTRIBUIDORA 242;AVENIDA CLERISTON ANDRADE,1897;BARREIRAS;SAO MIGUEL;47800-390;08/10/2026;08/1007:00;27256;12132,32;217,1;2,1224;636,72;66;0;1.186;15;ENTREGA AGENDADA PELO CLIENTE;28/09/2026;N  ;          ;           ;AGENDADO X ITINERANTE X PALETIZADO..;06057223046910 ;06057223046910 ;SENDAS DISTRIBUIDORA 242;AVENIDA CLERISTON ANDRADE;1897;;SAO MIGUEL;BARREIRAS;47800390;BA;29260930621082000233570030001276221001532710 ;174,31;;001-DIVERSOS            ;28260901478812000100550030000272561282915529 ;30671712275156-30671712281811;
LEM;N;REC127428-7;N;A.;     ;PINCEIS ATLAS SA;PINCEIS ATLAS SA;MARIZETE BISPO DE AZEVEDO LTDA;AV JOSE BONIFACIO,2402;BARREIRAS;SAO MIGUEL;47800-410;14/10/2026;          ;306914;10844,02;122,94;0,82;246;47;47;367;84;CHEGADA NA UNIDADE DE DESTINO;30/09/2026;N  ;          ;REC003097-0 ;;13171455000111 ;13171455000111 ;MARIZETE BISPO DE AZEVEDO LTDA;AV JOSE BONIFACIO;2402;;SAO MIGUEL;BARREIRAS;47800410;BA;26260930621082000152570020001269291001538574 ;238,76;;001-DIVERSOS            ;26260989723837000768550000003069141838565008 ;30671714693075-30671714697874;87487711
LEM;N;REC127248-9;N;A.;     ;PINCEIS ATLAS SA;PINCEIS ATLAS SA;ANY GABRIELY ALVES MANO;AV DOM RICARDO WEBERBERGER,1772;BARREIRAS;CIDADE NOVA;47804-121;13/10/2026;          ;306586;186,37;4;0,13;39;1;1;204;84;CHEGADA NA UNIDADE DE DESTINO;29/09/2026;N  ;          ;REC003094-5 ;;61349041000182 ;61349041000182 ;ANY GABRIELY ALVES MANO;AV DOM RICARDO WEBERBERGER;1772;;CIDADE NOVA;BARREIRAS;47804121;BA;26260930621082000152570020001267331001532195 ;132,47;;001-DIVERSOS            ;26260989723837000768550000003065861469998747 ;30671711718954-30671711719199;87477286
LEM;N;REC127394-9;N;A.;     ;BETTANIN INDUSTRIAL S/A;BETTANIN INDUSTRIAL S/A;MULTICOM ATACADO E VAREJO S/A;AV AHYLON MACEDO,745;BARREIRAS;MORADA NOBRE;47810-035;08/10/2026;08/1007:00;130680;9428,43;104,47;1,73;519;38;38;681;15;ENTREGA AGENDADA PELO CLIENTE;01/10/2026;N  ;          ;REC003097-0 ;;28548486002755 ;28548486002755 ;MULTICOM ATACADO E VAREJO S/A;AV AHYLON MACEDO;745;;MORADA NOBRE;BARREIRAS;47810035;BA;26260930621082000152570020001268911001538192 ;442,66;;001-DIVERSOS            ;26260989724447000206550000001306801106274775 ;30671714413061-30671714416975;87486391
LEM;N;JOI067902-0;N;A.;     ;TBX IND, IMP E COMERCIO LTDA;TBX IND, IMP E COMERCIO LTDA;ITAYLANE MALTA SANTOS;AVENIDA PARANA NA LOJA CONSTRUFORTE AO LADO DA ACADEMIA,SN-LOJA CONSTRUFORTE MATERIAIS DE CONSTRUAOA O;SAO DESIDERIO;RODA VELHA;47827-000;07/10/2026;     23:59;981957;2632,29;149,55;0,6719;167,975;3;3;799;84;CHEGADA NA UNIDADE DE DESTINO;28/09/2026;N  ;          ;JOI002291-8 ;;00005317425557 ;00005317425557 ;Itaylane Malta Santos;Avenida ParanA na loja Construforte ao lado da academia;SN;;Roda Velha;SAO DESIDERIO;47827000;BA;42260930621082000314570010000675971001521644 ;529,78;;001-DIVERSOS            ;42260921398314000164550010009819571139210714 ;30671705313572-30671705313911;
LEM;N;REC127264-1;N;A.;     ;PINCEIS ATLAS SA;PINCEIS ATLAS SA;JK MATERIAIS DE CONSTRUCAO LTD;ROD BR 020 KM 136 POSTO NOVE,S/N-Q 2 L 3;SAO DESIDERIO;RODA VELHA;47827-000;13/10/2026;          ;306624;2150,38;32,48;0,27;81;10;10;529;84;CHEGADA NA UNIDADE DE DESTINO;28/09/2026;N  ;          ;REC003095-3 ;;05587342000335 ;05587342000335 ;JK MATERIAIS DE CONSTRUCAO LTDA;ROD BR 020 KM 136 POSTO NOVENTA,SN-Q 2 L 3 ;;;RODA VELHA;SAO DESIDERIO;47827000;BA;26260930621082000152570020001267481001532341 ;593,62;;001-DIVERSOS            ;26260989723837000768550000003066241394921290 ;30671712012232-30671712013306;87477278
LEM;N;REC125826-5;N;A.;     ;PINCEIS ATLAS SA;PINCEIS ATLAS SA;JK MATERIAIS DE CONSTRUCAO LTD;AV LUIS EDUARDO MAGALHAES,99;LUIS EDUARDO MAGALHAES;JD IMPERIAL;47850-001;14/09/2026;          ;304215;5070,72;99,86;0,65;195;21;42;287;34;CTE RETIDO NA ENTREGA;08/09/2026;N  ;          ;REC003061-9 ;;05587342000254 ;05587342000254 ;JK MATERIAIS DE CONSTRUCAO LTDA;AV LUIS EDUARDO MAGALHAES;99;;JD IMPERIAL;LUIS EDUARDO MAGALHAES;47850001;BA;26260830621082000152570020001253131001484678 ;186,32;;001-DIVERSOS            ;26260889723837000768550000003042151284346297 ;30671683153457-30671683155687;87416658
LEM;N;REC127256-0;N;A.;     ;PINCEIS ATLAS SA;PINCEIS ATLAS SA;OESTE MATERIAIS DE CONSTRUCAO ;R DO OITISEIRO,971;LUIS EDUARDO MAGALHAES;JD DAS ACACIAS 1 ETAPA;47850-001;13/10/2026;          ;306618;5435,1;60,3;0,41;123;32;32;228;84;CHEGADA NA UNIDADE DE DESTINO;29/09/2026;N  ;          ;REC003094-5 ;;24336009000136 ;24336009000136 ;OESTE MATERIAIS DE CONSTRUCAO LTDA;R DO OITISEIRO;971;;JD DAS ACACIAS 1 ETAPA;LUIS EDUARDO MAGALHAES;47850001;BA;26260930621082000152570020001267421001532283 ;147,97;;001-DIVERSOS            ;26260989723837000768550000003066181393829678 ;30671711997596-30671712000885;87475229
LEM;N;REC127263-2;N;A.;     ;PINCEIS ATLAS SA;PINCEIS ATLAS SA;JK MATERIAIS DE CONSTRUCAO LTD;RUA PARAIBA,1105;LUIS EDUARDO MAGALHAES;MIMOSO DO OESTE;47850-001;13/10/2026;          ;306623;2974,52;44,12;0,35;105;14;14;218;84;CHEGADA NA UNIDADE DE DESTINO;28/09/2026;N  ;          ;REC003095-3 ;;05587342000173 ;05587342000173 ;JK MATERIAIS DE CONSTRUCAO LTDA ME;RUA PARAIBA;1105;;MIMOSO DO OESTE;LUIS EDUARDO MAGALHAES;47850001;BA;26260930621082000152570020001267451001532315 ;141,47;;001-DIVERSOS            ;26260989723837000768550000003066231238454429 ;30671712010626-30671712012109;87477102
LEM;N;REC127273-0;N;A.;     ;PINCEIS ATLAS SA;PINCEIS ATLAS SA;DAGUETTI E CIA MATS DE CONST L;RUA RONDONIA,546;LUIS EDUARDO MAGALHAES;MIMOSO DO OESTE;47850-001;13/10/2026;          ;306702;1341,09;27,5;0,06;27,5;5;5;207;84;CHEGADA NA UNIDADE DE DESTINO;28/09/2026;N  ;          ;REC003095-3 ;;13110513000105 ;13110513000105 ;DAGUETTI E CIA MATS DE CONST LTDA;RUA RONDONIA;546;;MIMOSO DO OESTE;LUIS EDUARDO MAGALHAES;47850001;BA;26260930621082000152570020001267551001532419 ;134,8;;001-DIVERSOS            ;26260989723837000768550000003067021526077251 ;30671712040857-30671712041430;87480469
LEM;N;REC127324-8;N;B.;     ;METALURGICA MOR SA - PE 95.422;METALURGICA MOR SA - PE 95.422;SUPER SILVA MATERIAIS P/ CONST;R IRECE,1212;LUIS EDUARDO MAGALHAES;CID SANTA CRUZ II;47850-001;13/10/2026;          ;298922;6478,85;126,79;2,2546;563,65;20;20;828;84;CHEGADA NA UNIDADE DE DESTINO;29/09/2026;N  ;          ;REC003094-5 ;;08038990000169 ;08038990000169 ;SUPER SILVA MATERIAIS P/ CONSTRUCAO;R IRECE;1212;;CID SANTA CRUZ II;LUIS EDUARDO MAGALHAES;47850001;BA;26260930621082000152570020001268071001534940 ;538,11;;007-MOR                 ;26260995422218000906550010002989221374660034 ;30671713054684-30671713056777;22251818
LEM;N;REC127334-5;N;B.;     ;BBF DISTRIBUIDORA NE LTDA;BBF DISTRIBUIDORA NE LTDA;ATACADAO DIA A DIA LTDA;AV ANTONIO DIMAS PINTO,391;LUIS EDUARDO MAGALHAES;PQ OESTE FASES I;47850-001;13/10/2026;          ;39721;2770,36;49,544;0,1741;49,544;8;8;459;35;AGUARDANDO AGENDAMENTO DO CLIENTE;29/09/2026;N  ;          ;REC003094-5 ;;17457404001930 ;17457404001930 ;ATACADAO DIA A DIA LTDA;AV ANTONIO DIMAS PINTO;391;;PQ OESTE FASES I;LUIS EDUARDO MAGALHAES;47850001;BA;26260930621082000152570020001268171001535048 ;519,08;;007-MOR                 ;26260940938967000133550010000397211966497270 ;30671713082997-30671713083882;40228
LEM;N;REC127665-4;N;B.;     ;METALURGICA MOR SA - PE 95.422;METALURGICA MOR SA - PE 95.422;ATACADAO DIA A DIA LTDA;AV ANTONIO DIMAS PINTO,391;LUIS EDUARDO MAGALHAES;PQ OESTE FASES I;47850-009;16/10/2026;          ;299462;2573,03;60,522;0,1541;60,522;17;0;459;35;AGUARDANDO AGENDAMENTO DO CLIENTE;01/10/2026;N  ;          ;REC003102-0 ;;17457404001930 ;17457404001930 ;ATACADAO DIA A DIA LTDA;AV ANTONIO DIMAS PINTO;391;;PQ OESTE FASES I;LUIS EDUARDO MAGALHAES;47850009;BA;26260930621082000152570020001271451001543629 ;518,86;;007-MOR                 ;26260995422218000906550010002994621215237539 ;30671716708070-30671716709891;22254496
LEM;N;REC127395-7;N;A.;     ;BETTANIN INDUSTRIAL S/A;BETTANIN INDUSTRIAL S/A;MULTICOM ATACADO E VAREJO S A;AV ARNALDO HORACIO FERREIR,228;LUIS EDUARDO MAGALHAES;BOA VISTA;47853-054;09/10/2026;09/1007:00;130681;12151,38;137,38;2,69;807;55;55;1.027;15;ENTREGA AGENDADA PELO CLIENTE;02/10/2026;N  ;          ;REC003097-0 ;;28548486002321 ;28548486002321 ;MULTICOM ATACADO E VAREJO S A;AV ARNALDO HORACIO FERREIR;228;;BOA VISTA;LUIS EDUARDO MAGALHAES;47853054;BA;26260930621082000152570020001268981001538266 ;667,78;;001-DIVERSOS            ;26260989724447000206550000001306811758669515 ;30671714417072-30671714422678;87486395
LEM;N;REC127261-6;N;A.;     ;PINCEIS ATLAS SA;PINCEIS ATLAS SA;MF MATERIAIS DE CONSTRUCAO LTD;R B16,195;LUIS EDUARDO MAGALHAES;BOA VISTA;47853-056;13/10/2026;          ;306621;3199,8;58,45;0,32;96;17;17;218;84;CHEGADA NA UNIDADE DE DESTINO;28/09/2026;N  ;          ;REC003095-3 ;;33134126000299 ;33134126000299 ;MF MATERIAIS DE CONSTRUCAO LTDA;R B;16;195;BOA VISTA;LUIS EDUARDO MAGALHAES;47853056;BA;26260930621082000152570020001267431001532299 ;141,69;;001-DIVERSOS            ;26260989723837000768550000003066211664519322 ;30671712005781-30671712007562;87475456
LEM;N;JOI067932-1;N;A.;     ;TBX IND, IMP E COMERCIO LTDA;TBX IND, IMP E COMERCIO LTDA;ANALU DE FREITAS MELO;RUA IBITITA,792;LUIS EDUARDO MAGALHAES;SANTA CRUZ;47855-178;08/10/2026;     23:59;983588;1885,83;71,3;0,2059;71,3;2;2;273;84;CHEGADA NA UNIDADE DE DESTINO;28/09/2026;N  ;          ;JOI002291-8 ;;00001968559426 ;00001968559426 ;Analu de Freitas Melo;Rua IbititA;792;;Santa Cruz;LUIS EDUARDO MAGALHAES;47855178;BA;42260930621082000314570010000676831001523922 ;95,62;;001-DIVERSOS            ;42260921398314000164550010009835881139326120 ;30671705399133-30671705399445;
LEM;N;JOI068015-0;N;C.;     ;GALZER IMPORTACAO E EXPORTACAO;GALZER IMPORTACAO E EXPORTACAO;AGROSOLDAS LTDA;R IBITITA,255;LUIS EDUARDO MAGALHAES;SANTA CRUZ;47855-178;08/10/2026;          ;29509;13450,31;192;0,5431;192;1;1;615;84;CHEGADA NA UNIDADE DE DESTINO;28/09/2026;N  ;          ;JOI002291-8 ;;36893397000135 ;36893397000135 ;AGROSOLDAS LTDA;R IBITITA;255;;SANTA CRUZ;LUIS EDUARDO MAGALHAES;47855178;BA;42260930621082000314570010000676531001523613 ;215,14;;001-DIVERSOS            ;42260938658832000334550010000295091000838924 ;30671706378769-30671706378933;
LEM;N;JOI068115-6;N;B2;     ;WENKER REPRESENTACOES COMERCIO;WENKER REPRESENTACOES COMERCIO;MARIA EDUARDA MORAIS DE AZEVED;TRAVESSA IRAQUARA,92;LUIS EDUARDO MAGALHAES;SANTA CRUZ;47855-232;13/10/2026;          ;6491;1192,5;104;0,44;132;2;2;385;84;CHEGADA NA UNIDADE DE DESTINO;28/09/2026;N  ;          ;JOI002291-8 ;;00007135177193 ;00007135177193 ;MARIA EDUARDA MORAIS DE AZEVEDO;TRAVESSA IRAQUARA;92;;SANTA CRUZ;LUIS EDUARDO MAGALHAES;47855232;BA;42260930621082000314570010000677731001527692 ;134,77;;001-DIVERSOS            ;42260931295592000220550010000064911480691711 ;30671708775926-30671708776201;
LEM;N;JOI068218-7;N;B.;     ;PNEUBEST COMERCIAL LTDA;PNEUBEST COMERCIAL LTDA;DANIEL AFONSO FORNARI;RUA 25 DE DEZEMBRO,1495;LUIS EDUARDO MAGALHAES;JARDIM PARAISO;47855-656;14/10/2026;          ;162906;1500,93;38,2;0,2384;38,2;1;1;198;84;CHEGADA NA UNIDADE DE DESTINO;28/09/2026;N  ;          ;JOI002291-8 ;SR MOTORISTA EM CASO DE DUVIDA NA ENTREGA ATENTAR PARA CAMPO DADOS ADICIONAIS/INFORMACOES COMPLEMENTARES DA NOTA FISCAL..;00062420410068 ;00062420410068 ;DANIEL AFONSO FORNARI;RUA 25 DE DEZEMBRO;1495;;JARDIM PARAISO;LUIS EDUARDO MAGALHAES;47855656;BA;42260930621082000314570010000678281001529890 ;75;;009-E-COMMERCE          ;42260936996649000151550080001629061113142781 ;30671710364596-30671710364760;
LEM;N;BGS001953-4;N;C.;     ;NETMOBIL INDUSTRIA E COMERCIO;NETMOBIL INDUSTRIA E COMERCIO;SELMO DA SILVA PONTES;RUA DAS MARGARI,411-CASA 1 FUNDO AGROLUB;LUIS EDUARDO MAGALHAES;TROPICAL VILLE;47861-728;13/10/2026;          ;139237;1530;68,1;0,1;68,1;5;0;315;84;CHEGADA NA UNIDADE DE DESTINO;29/09/2026;N  ;          ;BGS000164-3 ;;00093098197900 ;00093098197900 ;SELMO DA SILVA PONTES;RUA DAS MARGARIDAS;411;CASA 1 FUNDO AGROLUB;TROPICAL VILLE;LUIS EDUARDO MAGALHAES;47861728;BA;43260930621082000403570010000019041001529082 ;110,26;;008-MOVEIS              ;43260934190384000174550010001392371936484705 ;30671709938042-30671709938666;144035
LEM;N;JOI068014-1;N;B.;     ;GCS COMERCIO DE PNEUS EIRELI;GCS COMERCIO DE PNEUS EIRELI;IVANILTON DE OLIVEIRA MATOS MA;RUA DO INGA,712-CASA;LUIS EDUARDO MAGALHAES;JARDIM DAS ACACIAS;47862-180;08/10/2026;          ;1193084;1722,47;22,62;0,1822;22,62;2;2;171;84;CHEGADA NA UNIDADE DE DESTINO;28/09/2026;N  ;          ;JOI002291-8 ;;00000264821505 ;00000264821505 ;IVANILTON DE OLIVEIRA MATOS MATOS;RUA DO INGA;712;CASA;JARDIM DAS ACACIAS;LUIS EDUARDO MAGALHAES;47862180;BA;42260930621082000314570010000676521001523608 ;75;;009-E-COMMERCE          ;42260905326792000102550010011930841108817566 ;30671706372977-30671706373249;
LEM;N;REC127237-3;N;A.;     ;PINCEIS ATLAS SA;PINCEIS ATLAS SA;ADONICIO TOME DE SOUZA;RUA FRANCILIZA RODRIGUES LOPES,124;WANDERLEY;CENTRO;47940-000;13/10/2026;          ;306528;6349,04;102,56;0,93;279;42;42;389;84;CHEGADA NA UNIDADE DE DESTINO;29/09/2026;N  ;          ;REC003094-5 ;;14643639000108 ;14643639000108 ;ADONICIO TOME DE SOUZA;RUA FRANCILIZA RODRIGUES LOPES;124;;CENTRO;WANDERLEY;47940000;BA;26260930621082000152570020001267261001532123 ;253,13;;001-DIVERSOS            ;26260989723837000768550000003065281556859202 ;30671711606417-30671711610788;87474522
LEM;N;JOI068114-8;N;B2;     ;WENKER REPRESENTACOES COMERCIO;WENKER REPRESENTACOES COMERCIO;ANA PRISCILLA DA SILVA ROCHA;AVENIDA J,123-PROX AO CENTEO COMUNITARIO;RIACHAO DAS NEVES;CENTRO;47970-000;13/10/2026;          ;6494;1222;104;0,44;132;2;2;385;84;CHEGADA NA UNIDADE DE DESTINO;28/09/2026;N  ;          ;JOI002291-8 ;;00096094141172 ;00096094141172 ;ANA PRISCILLA DA SILVA ROCHA;AVENIDA JUAREZ DE SOUZA;123;PROX AO CENTEO COMUNITARIO;CENTRO;RIACHAO DAS NEVES;47970000;BA;42260930621082000314570010000677721001527687 ;134,87;;001-DIVERSOS            ;42260931295592000220550010000064941350662527 ;30671708775587-30671708775899;
LRO;N;SSA129793-7;N;B.;     ;SERGYENE INDUSTRIA E COMERCIO;SERGYENE INDUSTRIA E COMERCIO;SENDAS DISTRIBUIDORA 143;AVENIDA SANTOS DUMONT,S/N;LAURO DE FREITAS;ESTRADA DO COCO;42700-000;07/10/2026;07/1007:00;27263;14007,2;235,35;2,3574;707,22;96;0;782;15;ENTREGA AGENDADA PELO CLIENTE;28/09/2026;N  ;          ;           ;AGENDADO X ITINERANTE X PALETIZADO..;06057223032456 ;06057223032456 ;SENDAS DISTRIBUIDORA 143;AVENIDA SANTOS DUMONT;SN;;ESTRADA DO COCO;LAURO DE FREITAS;42700000;BA;29260930621082000233570030001276161001532658 ;88,61;;001-DIVERSOS            ;28260901478812000100550030000272631411088920 ;30671712213674-30671712223388;
LRO;N;SSA130146-2;N;B.;     ;CONDOR S.A;CONDOR S.A;DROGARIA SAO PAULO S.A.;AV JOSE LEITE,3251-GALPAO 01 A 08 LOTEAM;LAURO DE FREITAS;CAJI;42700-000;05/10/2026;05/1007:00;3573;987,24;6,88;0,03;9;6;6;470;15;ENTREGA AGENDADA PELO CLIENTE;01/10/2026;N  ;          ;           ;AGENDADO X DEDICADO X PALETIZADO.;61412110062002 ;61412110062002 ;DROGARIA SAO PAULO S.A.;AV JOSE LEITE;3251;GALPAO 01 A 08 LOTEAM;CAJI;LAURO DE FREITAS;42700000;BA;29261030621082000233570030001279551001546734 ;297,72;;001-DIVERSOS            ;42260986046448001990550050000035731774116594 ;30671718238407-30671718239128;
LRO;N;SSA130149-7;N;B3;     ;CONDOR PINCEIS FILIAL SBS;CONDOR PINCEIS FILIAL SBS;BLUE TINTAS LTDA;RUA D,452-QD 01 LOTE 14 E 15;LAURO DE FREITAS;PORTAO;42700-000;05/10/2026;05/1007:00;   119242*;70303,77;1063,93;7,81;2343;397;397;1.373;15;ENTREGA AGENDADA PELO CLIENTE;01/10/2026;N  ;          ;           ;;01050029001112 ;01050029001112 ;BLUE TINTAS LTDA;RUA D;452;QD 01 LOTE 14 E 15;PORTAO;LAURO DE FREITAS;42700000;BA;29261030621082000233570030001279571001546755 ;337,18;;001-DIVERSOS            ;42260909217430000304550050001193041883230807 -42260909217430000304550050001192421771405740 -42260909217430000304550050001192431095435776 ;30671718324635-30671718324800,30671718284668-30671718321482,30671718321510-30671718324501;--
LRO;N;SSA130150-1;N;B3;     ;CONDOR PINCEIS FILIAL SBS;CONDOR PINCEIS FILIAL SBS;BLUE TINTAS LTDA;AV SANTOS DUMONT,3004-BOM PRECO;LAURO DE FREITAS;CENTRO;42700-000;05/10/2026;05/1007:00;   119241*;39968;572,05;4,69;1407;214;214;830;15;ENTREGA AGENDADA PELO CLIENTE;01/10/2026;N  ;          ;           ;;01050029000221 ;01050029000221 ;BLUE TINTAS LTDA;AV SANTOS DUMONT;3004;BOM PRECO;CENTRO;LAURO DE FREITAS;42700000;BA;29261030621082000233570030001279581001546760 ;189,62;;001-DIVERSOS            ;42260909217430000304550050001192411470831905 -42260909217430000304550050001193031178309085 ;30671718328783-30671718350108,30671718350231-30671718350406;-
LRO;N;SSA130176-4;N;B.;     ;GDC ALIMENTOS S/A;GDC ALIMENTOS S/A;SOST INDUSTRIA E COMERCIO DE A;RUA CANDIDO RISSUT,254-TERREO;LAURO DE FREITAS;CAJI;42700-000;08/10/2026;          ;31433;138559,9;4205,78;0;4205,78;6;0;2.031;35;AGUARDANDO AGENDAMENTO DO CLIENTE;02/10/2026;N  ;          ;           ;;07041307000180 ;07041307000180 ;SOST INDUSTRIA E COMERCIO DE A;RUA CANDIDO RISSUT;254;TERREO;CAJI;LAURO DE FREITAS;42700000;BA;29261030621082000233570030001279831001548707 ;1.279,73;;001-DIVERSOS            ;25260902279324002260550010000314331820966286 ;30671719356002-30671719356750;30194644
LRO;N;SSA130106-3;N;B.;     ;PERFECT EQ DE LIMPEZA EIRELI-F;PERFECT EQ DE LIMPEZA EIRELI-F;LIMP BAHIA COM VAREJ LTDA;AV SANTOS DUMONT,4806-LJ 03;LAURO DE FREITAS;PITANGUEIRAS;42701-260;05/10/2026;          ;    82830*;2813,93;44,78;0,57;171;9;0;139;80;MERCADORIA RECEBIDA PARA TRANSPORTE;01/10/2026;N  ;          ;           ;;47228304000174 ;47228304000174 ;LIMP BAHIA COM VAREJ LTDA;AV SANTOS DUMONT;4806;LJ 03;PITANGUEIRAS;LAURO DE FREITAS;42701260;BA;29261030621082000233570030001279141001546308 ;55;;001-DIVERSOS            ;42260903210886000277550010000828301726279257 -42260903210886000277550010000828321529579317 ;30671718056083-30671718056909,30671718057006-30671718057280;-
LRO;N;REC127173-3;N;C.;LJEQU;CROWN LIFT TRUCKS DO BRASIL - ;G FREIRE BEZERRA DE MORAIS-TRA;CROWN LIFT TRUCKS BRASIL COM E;RUA ITAGIBA,110-GALPAO 07;LAURO DE FREITAS;PITANGUEIRAS;42701-350;05/10/2026;05/1013:30;    11876*;104448,22;818,667;3,51;1053;4;4;1.900;15;ENTREGA AGENDADA PELO CLIENTE;30/09/2026;N  ;          ;REC003092-9 ;;13938390001088 ;13938390001088 ;CROWN LIFT TRUCKS BRASIL COM EMPILHADEIRAS LTDA;RUA ITAGIBA;110;GALPAO 07;PITANGUEIRAS;LAURO DE FREITAS;42701350;BA;26260930621082000152570020001266561001530132 ;1.045,00;;001-DIVERSOS            ;26260913938390000782550010000119201485842767 -26260913938390000782550010000120371271534630 -26260913938390000782550010000120331690402440 -26260913938390000782550010000119901201812447 -26260913938390000782550010000119741400292490 -26260913938390000782550010000119521174944880 -26260913938390000782550010000118761451447466 ;00000000000000-00000000000000,00000000000000-00000000000000,00000000000000-00000000000000,00000000000000-00000000000000,00000000000000-00000000000000,00000000000000-00000000000000,30671710692050-30671710692537;------
LRO;N;SSA130131-4;N;B3;     ;CONDOR PINCEIS FILIAL SBS;CONDOR PINCEIS FILIAL SBS;CORES D TINTAS E ACESSORIOS LT;AVENIDA SANTOS DUMONT,1662-ITINGA;LAURO DE FREITAS;CENTRO;42702-400;05/10/2026;          ;   119255*;2704,17;34,28;0,26;78;22;22;137;80;MERCADORIA RECEBIDA PARA TRANSPORTE;01/10/2026;N  ;          ;           ;;28935566000558 ;28935566000558 ;CORES D TINTAS E ACESSORIOS LTDA;AVENIDA SANTOS DUMONT;1662;ITINGA;CENTRO;LAURO DE FREITAS;42702400;BA;29261030621082000233570030001279391001546579 ;55;;001-DIVERSOS            ;42260909217430000304550050001192561534793505 -42260909217430000304550050001192571432374730 -42260909217430000304550050001193061747470227 -42260909217430000304550050001192551563132859 ;30671718211799-30671718211963,30671718212060-30671718212711,30671718212859-30671718213744,30671718210807-30671718211651;---
LRO;N;MCZ129748-1;N;A3;     ;PANDURATA ALIMENTOS LTDA;PANDURATA ALIMENTOS LTDA;COMERCIAL DE ALIMENTOS GILMAR ;AV LUIZ TARQUINIO PONTE,1-GLEBA: B 1 827;LAURO DE FREITAS;CENTRO;42702-420;01/10/2026;01/1007:00;126343;45905,82;1463,17;7,89;2367;6;6;1.989;35;AGUARDANDO AGENDAMENTO DO CLIENTE;02/10/2026;N  ;          ;MCZ000149-0 ;;05466724000300 ;05466724000300 ;COMERCIAL DE ALIMENTOS GILMAR LTDA;AV LUIZ TARQUINIO PONTES;827;;CENTRO;LAURO DE FREITAS;42702420;BA;29260930621082000233570030001275731001530281 ;456,95;;001-DIVERSOS            ;27260970940994009249550200001263431998224740 ;30671713835287-30671713835938;1765656
LRO;N;MCZ129749-0;N;A3;     ;PANDURATA ALIMENTOS LTDA;PANDURATA ALIMENTOS LTDA;COMERCIAL DE ALIMENTOS GILMAR ;AV LUIZ TARQUINIO PONTE,1-GLEBA: B 1 827;LAURO DE FREITAS;CENTRO;42702-420;01/10/2026;01/1007:00;126344;50006;1901,76;7,675;2302,5;6;6;1.939;35;AGUARDANDO AGENDAMENTO DO CLIENTE;02/10/2026;N  ;          ;MCZ000149-0 ;;05466724000300 ;05466724000300 ;COMERCIAL DE ALIMENTOS GILMAR LTDA;AV LUIZ TARQUINIO PONTES;827;;CENTRO;LAURO DE FREITAS;42702420;BA;29260930621082000233570030001275741001530297 ;588,53;;001-DIVERSOS            ;27260970940994009249550200001263441523315152 ;30671713829300-30671713830079;1765656
LRO;N;SSA129776-7;N;B.;     ;DISTRIBUIDORA MEMPHIS LTDA. (B;DISTRIBUIDORA MEMPHIS LTDA. (B;COMERCIAL DE ALIMENTOS GILMAR ;AV LUIZ TARQUINIO PONTE,1-GLEBA: B 1 827;LAURO DE FREITAS;CENTRO;42702-420;08/10/2026;08/1007:00;12809;5738,62;142,2;0;142,2;16;0;143;17;INFORMATIVA;25/09/2026;N  ;          ;           ;;05466724000300 ;05466724000300 ;COMERCIAL DE ALIMENTOS GILMAR LTDA;AV LUIZ TARQUINIO PONTES GALPAO: B;1;GLEBA: B 1 827;CENTRO;LAURO DE FREITAS;42702420;BA;29260930621082000233570030001275991001532477 ;68;;001-DIVERSOS            ;29260904781843000557550010000128091008207165 ;30671712053549-30671712055292;
LRO;N;SSA130136-5;N;B3;     ;CONDOR PINCEIS FILIAL SBS;CONDOR PINCEIS FILIAL SBS;DENA REALIZACOES IMOBILIARIAS ;R JOAO CHAGAS ORTINS DE FR,577-SALA 1315;LAURO DE FREITAS;BURAQUINHO;42710-610;05/10/2026;          ;119260;3154,52;64,35;0,37;111;16;16;139;80;MERCADORIA RECEBIDA PARA TRANSPORTE;01/10/2026;N  ;          ;           ;;34611633000158 ;34611633000158 ;DENA REALIZACOES IMOBILIARIAS LTDA;R JOAO CHAGAS ORTINS DE FREITAS;577;SALA 1315;BURAQUINHO;LAURO DE FREITAS;42710610;BA;29261030621082000233570030001279441001546625 ;55;;001-DIVERSOS            ;42260909217430000304550050001192601384638057 ;30671718222737-30671718224480;
LRO;N;REC127638-7;N;B.;     ;METALURGICA MOR SA - PE 95.422;METALURGICA MOR SA - PE 95.422;CAJI VIP 20E30 COMERCIO DE ROU;RUA DOUTOR GERINO DE SOUZA FIL,3941-LOJA;LAURO DE FREITAS;CAIXA DAGUA;42711-830;07/10/2026;          ;299458;6012,69;150,52;1,0319;257,975;26;0;235;84;CHEGADA NA UNIDADE DE DESTINO;01/10/2026;N  ;          ;REC003102-0 ;;65788699000141 ;65788699000141 ;CAJI VIP 20E30 COMERCIO DE ROUPAS E ACEE;RUA DOUTOR GERINO DE SOUZA FILHO;3941;LOJA;CAIXA DAGUA;LAURO DE FREITAS;42711830;BA;26260930621082000152570020001271201001543379 ;129,33;;007-MOR                 ;26260995422218000906550010002994581794118445 ;30671716588366-30671716591080;22254271
LRO;N;SSA130139-0;N;B3;     ;CONDOR PINCEIS FILIAL SBS;CONDOR PINCEIS FILIAL SBS;LOTUS IND E COM LTDA;R DR GERINO DE SOUZA FILHO,1453-LJ 03;LAURO DE FREITAS;ITINGA;42738-200;05/10/2026;          ;119245;1531,85;16,73;0,09;27;6;6;133;80;MERCADORIA RECEBIDA PARA TRANSPORTE;01/10/2026;N  ;          ;           ;;47680082000126 ;47680082000126 ;LOTUS IND E COM LTDA;R DR GERINO DE SOUZA FILHO;1453;LJ 03;ITINGA;LAURO DE FREITAS;42738200;BA;29261030621082000233570030001279451001546630 ;55;;001-DIVERSOS            ;42260909217430000304550050001192451674483726 ;30671718228830-30671718229551;
LV1;N;REC127183-1;N;B.;     ;STRAWPLAST INDUSTRIA E COMERCI;STRAWPLAST INDUSTRIA E COMERCI;FORTPEL COM DE DESCARTAVEIS LT;R LAGOA BRANCA,SN-Q GLB LT A;CAMACARI;ABRANTES CAMACARI;42822-394;05/10/2026;05/1007:00;36435;8471,38;267,786;0,8858;267,786;162;162;270;84;CHEGADA NA UNIDADE DE DESTINO;28/09/2026;N  ;          ;REC003095-3 ;;11976959000183 ;11976959000183 ;FORTPEL COM DE DESCARTAVEIS LTDA;ROD BA;99;ESTRADA DO COCO SN SN;MALICIA ABRANTES;CAMACARI;42822394;BA;26260930621082000152570020001266641001530568 ;148,3;;004-STRAWPLAST          ;26260902591442000266550010000364351435097355 ;30671711134370-30671711150602;
LV1;N;REC127640-9;N;B.;     ;METALURGICA MOR SA - PE 95.422;METALURGICA MOR SA - PE 95.422;VIP COMERCIO DE ROUPAS ACESSOR;AVENIDA TIRADENTES,1098;CAMACARI;VILA DE ABRANTES (ABRANTES);42827-762;07/10/2026;          ;299460;16179,35;353,353;2,8826;720,65;65;0;619;84;CHEGADA NA UNIDADE DE DESTINO;01/10/2026;N  ;          ;REC003102-0 ;;55597321000107 ;55597321000107 ;VIP COMERCIO DE ROUPAS ACESSORIOS E UTILIDADES LTDA;AVENIDA TIRADENTES;1098;;VILA DE ABRANTES (ABRANTES);CAMACARI;42827762;BA;26260930621082000152570020001271221001543390 ;340,2;;007-MOR                 ;26260995422218000906550010002994601695376517 ;30671716596326-30671716602950;22254353
LV1;N;REC127641-7;N;B.;     ;METALURGICA MOR SA - PE 95.422;METALURGICA MOR SA - PE 95.422;VIP COMERCIO DE ROUPAS ACESSOR;AVENIDA TIRADENTES,1098;CAMACARI;VILA DE ABRANTES (ABRANTES);42827-762;07/10/2026;          ;299461;13374,04;481,41;8,333;2083,25;256;0;1.625;84;CHEGADA NA UNIDADE DE DESTINO;01/10/2026;N  ;          ;REC003102-0 ;;55597321000107 ;55597321000107 ;VIP COMERCIO DE ROUPAS ACESSORIOS E UTILIDADES LTDA;AVENIDA TIRADENTES;1098;;VILA DE ABRANTES (ABRANTES);CAMACARI;42827762;BA;26260930621082000152570020001271211001543384 ;893,67;;007-MOR                 ;26260995422218000906550010002994611190943624 ;30671716603057-30671716628782;22254355
LV1;N;REC127648-4;N;B.;     ;METALURGICA MOR SA - PE 95.422;METALURGICA MOR SA - PE 95.422;VIP COMERCIO DE ROUPAS ACESSOR;AVENIDA TIRADENTES,1098;CAMACARI;VILA DE ABRANTES (ABRANTES);42827-762;07/10/2026;          ;299469;485,46;27,043;0,17;42,5;2;0;110;84;CHEGADA NA UNIDADE DE DESTINO;01/10/2026;N  ;          ;REC003102-0 ;;55597321000107 ;55597321000107 ;VIP COMERCIO DE ROUPAS ACESSORIOS E UTILIDADES LTDA;AVENIDA TIRADENTES;1098;;VILA DE ABRANTES (ABRANTES);CAMACARI;42827762;BA;26260930621082000152570020001271301001543472 ;60,77;;007-MOR                 ;26260995422218000906550010002994691983522557 ;30671716671020-30671716671331;22254560
LV1;N;REC127660-3;N;B.;     ;METALURGICA MOR SA - PE 95.422;METALURGICA MOR SA - PE 95.422;VLIMA MATERIAIS DE CONSTRUCAO ;EST VELHA DE MONTE GORDO,0;CAMACARI;BARRA DO JACUIPE MONTE GORDO;42837-470;07/10/2026;          ;299481;938,58;18,032;0,4613;115,325;4;0;115;84;CHEGADA NA UNIDADE DE DESTINO;01/10/2026;N  ;          ;REC003102-0 ;;66120423000153 ;66120423000153 ;VLIMA MATERIAIS DE CONSTRUCAO LTDA;EST VELHA DE MONTE GORDO;0;;BARRA DO JACUIPE MONTE GORDO;CAMACARI;42837470;BA;26260930621082000152570020001271421001543597 ;63,2;;007-MOR                 ;26260995422218000906550010002994811932768901 ;30671716696131-30671716696618;22255008
LV1;N;REC127293-4;N;A.;     ;SANREMO SA;SANREMO SA;FORTPEL COM DE DESCARTAVEIS LT;R LAGOA BRANCA,SN-Q GLB LT A;CAMACARI;ABRANTES CAMACARI;42840-000;05/10/2026;05/1007:00;190701;1495,65;25,55;0,25;75;4;4;127;15;ENTREGA AGENDADA PELO CLIENTE;30/09/2026;N  ;          ;REC003095-3 ;;11976959000183 ;11976959000183 ;FORTPEL COM DE DESCARTAVEIS LTDA;R LAGOA BRANCA;SN;Q GLB LT A;ABRANTES CAMACARI;CAMACARI;42840000;BA;26260930621082000152570020001267771001534648 ;69,88;;001-DIVERSOS            ;26260989738173000549550000001907011696691649 ;30671712878748-30671712879294;87486434
LV1;N;REC127403-1;N;A.;     ;SUPERPRO BETTANIN S.A. - IND.;SUPERPRO BETTANIN S.A. - IND.;FORTPEL COM DE DESCARTAVEIS LT;R LAGOA BRANCA,SN-Q GLB LT A;CAMACARI;ABRANTES CAMACARI;42840-000;05/10/2026;05/1007:00;    33236*;18334,64;302,47;4,97;1491;108;108;1.087;84;CHEGADA NA UNIDADE DE DESTINO;30/09/2026;N  ;          ;REC003097-0 ;;11976959000183 ;11976959000183 ;FORTPEL COM DE DESCARTAVEIS LTDA;R LAGOA BRANCA;SN;Q GLB LT A;ABRANTES CAMACARI;CAMACARI;42840000;BA;26260930621082000152570020001268991001538271 ;597,98;;001-DIVERSOS            ;26260911071732000270550000000332381384612200 -26260911071732000270550000000332371526874288 -26260911071732000270550000000332361179831325 ;30671714514413-30671714520904,30671714521001-30671714523680,30671714512320-30671714514386;0087488463-0087488460-0087488459
LV1;N;REC127653-1;N;B.;     ;METALURGICA MOR SA - PE 95.422;METALURGICA MOR SA - PE 95.422;IRMAOS QUEIROZ LTDA;R DAS FLORES,0-LOT RECREIO DAS AGUAS;CAMACARI;ITACIMIRIM MONTE GORDO;42840-786;06/10/2026;06/1007:00;299474;2023,62;47,419;0,3484;87,1;8;0;118;84;CHEGADA NA UNIDADE DE DESTINO;01/10/2026;N  ;          ;REC003102-0 ;;13509849000560 ;13509849000560 ;IRMAOS QUEIROZ LTDA;R DAS FLORES;0;LOT RECREIO DAS AGUAS;ITACIMIRIM MONTE GORDO;CAMACARI;42840786;BA;26260930621082000152570020001271331001543504 ;64,85;;007-MOR                 ;26260995422218000906550010002994741629930671 ;30671716685707-30671716686606;22254970
LVE;N;REC127655-7;N;B.;     ;METALURGICA MOR SA - PE 95.422;METALURGICA MOR SA - PE 95.422;LITORAL MADEIREIRA MATERIAIS D;R SIZINIO MENDES,0;CONDE;CENTRO;48300-000;15/10/2026;          ;299476;1262,34;4,921;0,1057;26,425;2;0;160;84;CHEGADA NA UNIDADE DE DESTINO;01/10/2026;N  ;          ;REC003102-0 ;;67726103000104 ;67726103000104 ;LITORAL MADEIREIRA MATERIAIS D;R SIZINIO MENDES;0;;CENTRO;CONDE;48300000;BA;26260930621082000152570020001271351001543525 ;103,8;;007-MOR                 ;26260995422218000906550010002994761404871451 ;30671716687762-30671716688034;22254986
MAT;N;SBS067989-5;N;C.;     ;LOJA DE MOVEIS DECORA LTDA;LOJA DE MOVEIS DECORA LTDA;AGNALDO SILVA;RUA QUINTINO BOCAIUVA,092-CASA 1;MATA DE SAO JOAO;CENTRO;48280-000;07/10/2026;          ;1196;2208,91;25;0,089;26,7;1;1;197;84;CHEGADA NA UNIDADE DE DESTINO;28/09/2026;N  ;          ;JOI002291-8 ;;00099523639587 ;00099523639587 ;AGNALDO CARDOSO;RUA QUINTINO BOCAIUVA;92;CASA 1;CENTRO;MATA DE SAO JOAO;48280000;BA;42260930621082000314570010000676291001523146 ;68,79;;001-DIVERSOS            ;42260915080683000101550040000011961549174930 ;30671706288708-30671706288979;
PAF;N;JOI068078-8;N;A.;     ;TBX IND, IMP E COMERCIO LTDA;TBX IND, IMP E COMERCIO LTDA;IGOR RAMOS DE SOUZA NASCIMENTO;AVENIDA OLIVEIRA BRITO,135-PRA DIO DA CAIXA ECONA MICA FEDERAL;RIBEIRA DO POMBAL;CENTRO;48400-000;13/10/2026;     23:59;984605;909,34;44;0,2099;52,475;1;1;257;84;CHEGADA NA UNIDADE DE DESTINO;28/09/2026;N  ;          ;JOI002291-8 ;;00003408808562 ;00003408808562 ;Igor Ramos de Souza Nascimento;Avenida Oliveira Brito;135;;Centro;RIBEIRA DO POMBAL;48400000;BA;42260930621082000314570010000678071001528702 ;89,92;;001-DIVERSOS            ;42260921398314000164550010009846051139444929 ;30671707788330-30671707788505;
PAF;N;REC127276-4;N;A.;     ;PINCEIS ATLAS SA;PINCEIS ATLAS SA;PASSOS CONSTRUCAO LTDA;AV PEDRO RODRIGUES DA CONCEICAO,796;RIBEIRA DO POMBAL;CENTRO;48400-000;13/10/2026;          ;306707;4044,05;73,15;0,46;138;25;25;207;84;CHEGADA NA UNIDADE DE DESTINO;28/09/2026;N  ;          ;REC003095-3 ;;03529262000136 ;03529262000136 ;PASSOS CONSTRUCAO LTDA;AV PEDRO RODRIGUES DA CONCEICAO;796;;CENTRO;RIBEIRA DO POMBAL;48400000;BA;26260930621082000152570020001267591001532450 ;134,77;;001-DIVERSOS            ;26260989723837000768550000003067071165513910 ;30671712044419-30671712047058;87480629
PAF;N;SSA130135-7;N;B3;     ;CONDOR PINCEIS FILIAL SBS;CONDOR PINCEIS FILIAL SBS;MUNDO DA KARIN COMERCIO LTDA;RUA DR SALUSTIANO GUERRA,28;RIBEIRA DO POMBAL;CENTRO;48400-000;14/10/2026;          ;119355;5688,71;36,53;0,19;57;26;26;188;80;MERCADORIA RECEBIDA PARA TRANSPORTE;01/10/2026;N  ;          ;           ;;31898029000166 ;31898029000166 ;MUNDO DA KARIN COMERCIO LTDA;RUA DR SALUSTIANO GUERRA;28;;CENTRO;RIBEIRA DO POMBAL;48400000;BA;29261030621082000233570030001279411001546593 ;90;;001-DIVERSOS            ;42260909217430000304550050001193551354382297 ;30671718219985-30671718222603;
PAF;N;REC125213-5;N;A.;     ;PINCEIS ATLAS SA;PINCEIS ATLAS SA;LAURINDO RIBEIRO DE CASTRO ME;RUA ANTONIO PIRES DE ALMEIDA,269-SALA;CICERO DANTAS;CENTRO;48410-000;02/09/2026;          ;303534;2370,98;46,5;0,33;99;19;38;199;17;INFORMATIVA;31/08/2026;N  ;          ;REC003049-0 ;;33874108000162 ;33874108000162 ;LAURINDO RIBEIRO DE CASTRO ME;RUA ANTONIO PIRES DE ALMEIDA;269;SALA;CENTRO;CICERO DANTAS;48410000;BA;26260830621082000152570020001247001001464897 ;129,4;;001-DIVERSOS            ;26260889723837000768550000003035341698090308 ;30671669926614-30671669928670;87403062
PAF;N;REC127242-0;N;A.;     ;PINCEIS ATLAS SA;PINCEIS ATLAS SA;MAYANA ISRAEL CARNEIRO DOS ANJ;AV ACM,390-LJ;CICERO DANTAS;CENTRO;48410-000;13/10/2026;          ;306581;5454,06;87,24;0,67;201;30;30;276;84;CHEGADA NA UNIDADE DE DESTINO;28/09/2026;N  ;          ;REC003095-3 ;;05151712000125 ;05151712000125 ;MAYANA ISRAEL CARNEIRO DOS ANJOS ME;AV ACM;390;LJ;CENTRO;CICERO DANTAS;48410000;BA;26260930621082000152570020001267291001532150 ;179,09;;001-DIVERSOS            ;26260989723837000768550000003065811379972866 ;30671711620217-30671711623332;87475444
PAF;N;SSA130121-7;N;B3;     ;CONDOR PINCEIS FILIAL SBS;CONDOR PINCEIS FILIAL SBS;ANTONIO JOSE SOUZA;RUA SANTA CRUZ,7-SALAO;CICERO DANTAS;CENTRO;48410-000;14/10/2026;          ;   119261*;1476,46;3,08;0,01;3,08;2;2;175;80;MERCADORIA RECEBIDA PARA TRANSPORTE;01/10/2026;N  ;          ;           ;;08360791000172 ;08360791000172 ;ANTONIO JOSE SOUZA;RUA SANTA CRUZ;7;SALAO;CENTRO;CICERO DANTAS;48410000;BA;29261030621082000233570030001279291001546475 ;90;;001-DIVERSOS            ;42260909217430000304550050001193021464419876 -42260909217430000304550050001192611746641105 ;30671718187978-30671718188102,30671718187666-30671718187830;-
PAF;N;JOI068118-1;N;A.;     ;TBX IND, IMP E COMERCIO LTDA;TBX IND, IMP E COMERCIO LTDA;JOAO PAULO DE OLIVEIRA BISPO;AVENIDA,7-DE SETEMBRO 121 EM FRENTE A PLACA COM O NOME DA RUA;FATIMA;CENTRO;48415-023;13/10/2026;     23:59;984839;999,93;46,5;0,2387;59,675;1;1;258;84;CHEGADA NA UNIDADE DE DESTINO;28/09/2026;N  ;          ;JOI002291-8 ;;00004926347504 ;00004926347504 ;Joao Paulo de Oliveira Bispo;Avenida;7;de Setembro 121;Centro;FATIMA;48415023;BA;42260930621082000314570010000678021001528650 ;90,22;;001-DIVERSOS            ;42260921398314000164550010009848391139473812 ;30671709115248-30671709115412;
PAF;N;JOI067760-4;N;A.;     ;TBX IND, IMP E COMERCIO LTDA;TBX IND, IMP E COMERCIO LTDA;GUILHERME CORREIA NASCIMENTO;PRAAOA DANIEL DE SOUZA OLIVEIRA,202;RIBEIRA DO AMPARO;CENTRO;48440-000;07/10/2026;     23:59;982617;1217,78;41;0,1887;47,175;1;1;234;84;CHEGADA NA UNIDADE DE DESTINO;28/09/2026;N  ;          ;JOI002291-8 ;;00012016587563 ;00012016587563 ;Guilherme Correia Nascimento;PraAoa Daniel de Souza Oliveira;202;;Centro;RIBEIRA DO AMPARO;48440000;BA;42260930621082000314570010000675761001521431 ;82,04;;001-DIVERSOS            ;42260921398314000164550010009826171139261095 ;30671704569795-30671704569960;
PAF;N;JOI068101-6;N;A.;     ;TBX IND, IMP E COMERCIO LTDA;TBX IND, IMP E COMERCIO LTDA;ELIENE GONCALVES DE MATOS SOUZ;SIREGUELA,10-CASA DE ESQUINA;CIPO;VITORIA;48450-000;13/10/2026;     23:59;984697;1005,86;56;0,2579;64,475;1;1;258;53;MERCADORIA AVARIADA;30/09/2026;N  ;          ;JOI002291-8 ;;00008415028547 ;00008415028547 ;Eliene Goncalves de Matos Souza;Sireguela;10;;Vitoria;CIPO;48450000;BA;42260930621082000314570010000678191001528827 ;90,24;;001-DIVERSOS            ;42260921398314000164550010009846971139455493 ;30671708062640-30671708062815;
PAF;N;JOI068124-5;N;A.;     ;TBX IND, IMP E COMERCIO LTDA;TBX IND, IMP E COMERCIO LTDA;MARIA HELOISA DE OLIVEIRA SANT;RUA QUIXABEIRINHA,25;NOVA SOURE;CENTRO;48460-000;09/10/2026;     23:59;984899;1911,13;149,55;0,6719;167,975;3;3;397;84;CHEGADA NA UNIDADE DE DESTINO;28/09/2026;N  ;          ;JOI002291-8 ;;00009520241523 ;00009520241523 ;Maria Heloisa de Oliveira Santos;Rua Quixabeirinha;25;;Centro;NOVA SOURE;48460000;BA;42260930621082000314570010000678101001528732 ;138,99;;001-DIVERSOS            ;42260921398314000164550010009848991139478332 ;30671709136201-30671709136650;
PAF;N;JOI067891-1;N;A.;     ;TBX IND, IMP E COMERCIO LTDA;TBX IND, IMP E COMERCIO LTDA;JEFERSON SANTOS;RUA SA O JOA O,81;PAULO AFONSO;NOSSA SENHORA DE FA TIMA;48601-045;08/10/2026;     23:59;983282;1457,76;53,65;0,2544;63,6;1;1;263;84;CHEGADA NA UNIDADE DE DESTINO;28/09/2026;N  ;          ;JOI002291-8 ;;00010986805530 ;00010986805530 ;Jeferson Santos;Rua SA o JoA o;81;;Nossa Senhora de FA tima;PAULO AFONSO;48601045;BA;42260930621082000314570010000676701001523797 ;91,99;;001-DIVERSOS            ;42260921398314000164550010009832821139300792 ;30671704816800-30671704817031;
PAF;N;BGS001951-8;N;C.;     ;NETMOBIL INDUSTRIA E COMERCIO;NETMOBIL INDUSTRIA E COMERCIO;COMERCIAL MOURA DE FERRAGENS L;RUA SAO FRANCISCO,295;PAULO AFONSO;NOSSA SENHORA DE FATIMA;48601-070;13/10/2026;          ;139101;2397,22;122,9;0,3;122,9;10;0;388;84;CHEGADA NA UNIDADE DE DESTINO;29/09/2026;N  ;          ;BGS000164-3 ;;73634040000169 ;73634040000169 ;COMERCIAL MOURA DE FERRAGENS LTDA;RUA SAO FRANCISCO;295;;NOSSA SENHORA DE FATIMA;PAULO AFONSO;48601070;BA;43260930621082000403570010000019021001529061 ;135,92;;008-MOVEIS              ;43260934190384000174550010001391011936207509 ;30671709933934-30671709935064;143800
PAF;N;JOI068119-9;N;C3;     ;ESPACO CASA E JARDIM MOVEIS E ;DONNA UTILIDADES;DONNA UTILIDADES;AV JOSE HEMETERIO DE CARVALHO,761;PAULO AFONSO;CENTRO;48601-320;13/10/2026;          ;47237;2672,42;58,3;1,5876;476,28;3;3;0;84;CHEGADA NA UNIDADE DE DESTINO;28/09/2026;N  ;          ;JOI002291-8 ;;39357841000196 ;39357841000196 ;DONNA UTILIDADES;AV JOSE HEMETERIO DE CARVALHO;761;;CENTRO;PAULO AFONSO;48601320;BA;42260930621082000314570010000677761001527953 ;0,01;;001-DIVERSOS            ;42260908270749000160550010000472371565437961 ;30671709118675-30671709119084;
PAF;N;SSA130142-0;N;B3;     ;CONDOR PINCEIS FILIAL SBS;CONDOR PINCEIS FILIAL SBS;VIDAL CONSTRUCOES LTDA;AV OTAVIANO LEANDRO DE MORAES,689;PAULO AFONSO;CENTRO;48602-595;14/10/2026;          ;119258;1818,17;24,59;0,2;60;19;19;177;80;MERCADORIA RECEBIDA PARA TRANSPORTE;01/10/2026;N  ;          ;           ;;55397120000166 ;55397120000166 ;VIDAL CONSTRUCOES LTDA;AV OTAVIANO LEANDRO DE MORAES;689;;CENTRO;PAULO AFONSO;48602595;BA;29261030621082000233570030001279501001546681 ;90;;001-DIVERSOS            ;42260909217430000304550050001192581500276863 ;30671718232303-30671718234369;
PAF;N;SBS067991-7;N;C.;     ;LOJA DE MOVEIS DECORA LTDA;LOJA DE MOVEIS DECORA LTDA;JAINE FREIRE;RUA PRINCESA,062-CASA DE VAILDE OLIVEIRA;PAULO AFONSO;PERPETUO SOCORRO;48603-070;13/10/2026;          ;988;4279,8;84,2;0,2151;84,2;5;5;241;84;CHEGADA NA UNIDADE DE DESTINO;28/09/2026;N  ;          ;JOI002291-8 ;;00005542864406 ;00005542864406 ;JAINE MARCELA CARVALHO CRUZ FREIRE;RUA PRINCESA ISABEL;62;CASA DE VAILDE OLIVEIRA;PERPETUO SOCORRO;PAULO AFONSO;48603070;BA;42260930621082000314570010000676311001523160 ;84,43;;001-DIVERSOS            ;42260915080683000101550040000009881537348391 ;30671706289552-30671706290184;
PAF;N;MCZ129888-7;N;A3;     ;PANDURATA ALIMENTOS LTDA;PANDURATA ALIMENTOS LTDA;SENDAS DIS S.A (106);AV. DO AEROPORTO,13;PAULO AFONSO;JARDIM BAHIA;48604-005;08/10/2026;08/1007:00;126508;11339,53;271,485;2,82;846;2;0;920;15;ENTREGA AGENDADA PELO CLIENTE;30/09/2026;N  ;          ;MCZ000153-8 ;;06057223034076 ;06057223034076 ;SENDAS DIS S.A (106);AV DO AEROPORTO;13;;JARDIM BAHIA;PAULO AFONSO;48604005;BA;29260930621082000233570030001276921001535837 ;213,47;;001-DIVERSOS            ;27260970940994009249550200001265081882485530 ;30671714788385-30671714788697;
PAF;N;MCZ129889-5;N;A3;     ;PANDURATA ALIMENTOS LTDA;PANDURATA ALIMENTOS LTDA;SENDAS DIS S.A (106);AV. DO AEROPORTO,13;PAULO AFONSO;JARDIM BAHIA;48604-005;08/10/2026;08/1007:00;126509;16275,44;589,438;4,98;1494;5;0;1.617;15;ENTREGA AGENDADA PELO CLIENTE;30/09/2026;N  ;          ;MCZ000153-8 ;;06057223034076 ;06057223034076 ;SENDAS DIS S.A (106);AV DO AEROPORTO;13;;JARDIM BAHIA;PAULO AFONSO;48604005;BA;29260930621082000233570030001276931001535842 ;442,4;;001-DIVERSOS            ;27260970940994009249550200001265091158520660 ;30671714903193-30671714903707;
PAF;N;REC127116-4;N;A.;     ;BETTANIN INDUSTRIAL S/A;BETTANIN INDUSTRIAL S/A;SENDAS DIS S.A (106);AV. DO AEROPORTO,13;PAULO AFONSO;JARDIM BAHIA;48604-005;08/10/2026;08/1007:00;130445;23743,09;657,72;6,49;1947;136;136;2.212;15;ENTREGA AGENDADA PELO CLIENTE;02/10/2026;N  ;          ;REC003090-2 ;AGENDADO X ITINERANTE X PALETIZADO..;06057223034076 ;06057223034076 ;SENDAS DIS S.A (106);AV DO AEROPORTO;13;;JARDIM BAHIA;PAULO AFONSO;48604005;BA;26260930621082000152570020001266001001529341 ;1.437,94;;001-DIVERSOS            ;26260989724447000206550000001304451392869705 ;30671710096383-30671710110041;87475689
PAF;N;SSA129682-5;N;A.;     ;MARILAN ALIMENTOS S/A;MARILAN ALIMENTOS S/A;SENDAS DIS S.A (106);AV. DO AEROPORTO,13;PAULO AFONSO;JARDIM BAHIA;48604-005;29/09/2026;          ;22404;28791,75;1889,53;7,86;1889,53;6;0;3.240;35;AGUARDANDO AGENDAMENTO DO CLIENTE;22/09/2026;N  ;          ;           ;CARGA PALETIZADA - TAB 13;06057223034076 ;06057223034076 ;SENDAS DIS S.A (106);AV DO AEROPORTO;13;;JARDIM BAHIA;PAULO AFONSO;48604005;BA;29260930621082000233570030001275051001527914 ;1.378,46;;001-DIVERSOS            ;32260952034139002284550010000224041336750950 ;30671710694592-30671710695203;4000024146
PAF;N;JOI068162-8;N;B.;     ;GCS COMERCIO DE PNEUS EIRELI;GCS COMERCIO DE PNEUS EIRELI;PEDRO GUEDES DE ALMEIDA JUNIOR;RUA LAGO DOURADO,120;PAULO AFONSO;CAMINHO DOS LAGOS;48605-410;13/10/2026;          ;1195405;3007,74;77,24;0,6813;77,24;4;4;287;84;CHEGADA NA UNIDADE DE DESTINO;28/09/2026;N  ;          ;JOI002291-8 ;;00011618245457 ;00011618245457 ;PEDRO GUEDES DE ALMEIDA JUNIOR;RUA LAGO DOURADO;120;;CAMINHO DOS LAGOS;PAULO AFONSO;48605410;BA;42260930621082000314570010000677771001528060 ;100,6;;009-E-COMMERCE          ;42260905326792000102550010011954051603056377 ;30671709150313-30671709150803;
PAF;N;REC127391-4;N;A.;     ;BETTANIN INDUSTRIAL S/A;BETTANIN INDUSTRIAL S/A;386174-MULTICOM ATACADO E VARE;ROD BA 210,S/N;PAULO AFONSO;TANCREDO NEVES I;48609-024;08/10/2026;08/1007:00;130684;5592,23;53,98;1,15;345;27;27;430;15;ENTREGA AGENDADA PELO CLIENTE;02/10/2026;N  ;          ;REC003097-0 ;;28548486001007 ;28548486001007 ;386174-MULTICOM ATACADO E VAREJO LTDA;ROD BA;210;SN;TANCREDO NEVES I;PAULO AFONSO;48609024;BA;26260930621082000152570020001268941001538224 ;279,66;;001-DIVERSOS            ;26260989724447000206550000001306841034128424 ;30671714399917-30671714402774;87486394
PAF;N;JOI067863-5;N;A.;     ;TBX IND, IMP E COMERCIO LTDA;TBX IND, IMP E COMERCIO LTDA;PRISCILA VITORIA SANTOS OLIVEI;RUA MEM DE SA,492;PAULO AFONSO;TANCREDO NEVES I;48609-050;07/10/2026;     23:59;982852;771,46;49,85;0,224;56;1;1;256;84;CHEGADA NA UNIDADE DE DESTINO;28/09/2026;N  ;          ;JOI002291-8 ;;00010065146514 ;00010065146514 ;Priscila Vitoria Santos Oliveira;Rua Mem de SA;492;;Tancredo Neves I;PAULO AFONSO;48609050;BA;42260930621082000314570010000675481001521151 ;89,46;;001-DIVERSOS            ;42260921398314000164550010009828521139278508 ;30671704730305-30671704730580;
PAF;N;BGS000406-5;N;B.;     ;MOVEIS K1 LTDA;MOVEIS K1 LTDA;KENIO SUPERMERCADO LTDA;R.PADRE LOURENCO 408,0;PAULO AFONSO;TRANCREDO NEVES II;48609-140;05/03/2026;          ;2176670;21678,07;448,662;4,737;1421,1;228;0;3.236;34;CTE RETIDO NA ENTREGA;06/03/2026;N  ;          ;BGS000039-6 ;;10601633000109 ;10601633000109 ;KENIO SUPERMERCADO LTDA;R.PADRE LOURENCO 408;0;;TRANCREDO NEVES II;PAULO AFONSO;48609140;BA;43260230621082000403570010000003731001045764 ;1.132,62;;016-UZ                  ;43260200912882000161550020021766701000000187 ;30671454917906-30671454940822;
S01;N;SSA130105-5;N;B.;     ;PERFECT EQ DE LIMPEZA EIRELI-F;PERFECT EQ DE LIMPEZA EIRELI-F;ARCA DA ALIANCA DISTRIBUICAO E;TRAVESSA DA LIBERDADE,000082;SALVADOR;PIRAJA;41295-195;05/10/2026;          ;82820;5785,69;98,99;1,41;423;34;0;252;80;MERCADORIA RECEBIDA PARA TRANSPORTE;01/10/2026;N  ;          ;           ;;45791718000181 ;45791718000181 ;ARCA DA ALIANCA DISTRIBUICAO E COMERCIO;TRAVESSA DA LIBERDADE;82;;PIRAJA;SALVADOR;41295195;BA;29261030621082000233570030001279131001546297 ;55;;001-DIVERSOS            ;42260903210886000277550010000828201135739713 ;30671718052411-30671718055986;
S01;N;REC127399-0;N;A.;     ;BETTANIN INDUSTRIAL S/A;BETTANIN INDUSTRIAL S/A;R F ATACADO PG EM DINHEIRO;ROD BR-324 (SENTIDO SSA),SN-KM 11 GALP;SALVADOR;VALERIA;41300-501;26/10/2026;26/1007:00;   130573*;35137,94;574,74;6,75;2025;455;455;1.500;15;ENTREGA AGENDADA PELO CLIENTE;02/10/2026;N  ;          ;REC003097-0 ;PAGAMENTO DE DESCARAGA EM DINHEIRO..;18922507000168 ;18922507000168 ;R F ATACADO PG EM DINHEIRO;ROD BR-324 (SENTIDO SSA),SN-KM 11 GALP ;;;VALERIA;SALVADOR;41300501;BA;26260930621082000152570020001268951001538230 ;824,8;;001-DIVERSOS            ;26260989724447000206550000001306171550595291 -26260989724447000206550000001305731668792566 ;30671714445385-30671714465453,30671714465590-30671714491197;0087487229-0087484286
S01;N;REC127161-0;N;B.;     ;DOCILE NORDESTE IND. E COM. DE;DOCILE NORDESTE IND. E COM. DE;CANDEIAS MELO IND E COM DE PRO;RUA MORADA DA LOGOA,SN;SALVADOR;NOVA BRASILIA DE VALARIA;41306-745;05/10/2026;05/1007:00;125556;68307,22;2290,306;8,35;2290,306;1.805;1.805;2.501;84;CHEGADA NA UNIDADE DE DESTINO;29/09/2026;N  ;          ;REC003094-5 ;AGENDADA..;08219041000185 ;08219041000185 ;CANDEIAS MELO IND E COM DE PROD ALIM LTDA;RUA MORADA DA LOGOA;SN;;NOVA BRASILIA DE VALARIA;SALVADOR;41306745;BA;26260930621082000152570020001266441001530000 ;1.375,68;;001-DIVERSOS            ;26260912020480000131550020001255561013394948 ;30671710369180-30671710549723;
S01;N;REC127357-4;N;C.;     ;ALLTAPE FITAS ADESIVAS DO NORD;ALLTAPE FITAS ADESIVAS DO NORD;DISK DOCES BEBIDAS E EMBALAGEN;RUA MUNIZ F,000089-SETOR 01 PAVMTOTERREO;SALVADOR;MORADA DAS LAGOAS;41307-565;02/10/2026;          ;42277;2729,09;114,163;0;114,163;8;8;179;38;CLIENTE RECUSA/NAO PODE RECEBER MERCAD;29/09/2026;N  ;          ;SSA029909-0 ;;59855543000133 ;59855543000133 ;DISK DOCES BEBIDAS E EMBALAGENS LTDA;RUA MUNIZ FERREIRA;89;SETOR 01 PAVMTOTERREO;MORADA DAS LAGOAS;SALVADOR;41307565;BA;26260930621082000152570020001268401001535950 ;98,27;;001-DIVERSOS            ;26260911275007000132550010000422771130298571 ;30671713961514-30671713962400;37827
S01;N;SSA130133-1;N;B3;     ;CONDOR PINCEIS FILIAL SBS;CONDOR PINCEIS FILIAL SBS;MRV MDI BAHIA INCORPORACOES LT;AVENIDA LUIS VIANA,7291-LOJA;SALVADOR;PARALELA;41315-290;05/10/2026;          ;119246;1204,09;18,08;0,04;18,08;8;8;132;80;MERCADORIA RECEBIDA PARA TRANSPORTE;01/10/2026;N  ;          ;           ;;31749522000386 ;31749522000386 ;RESERVA DAS FLORES;RUA GENARO DE CARVALHO;SN;;DOM AVELAR;SALVADOR;41315290;BA;29261030621082000233570030001279541001546729 ;55;;001-DIVERSOS            ;42260909217430000304550050001192461978901320 ;30671718217920-30671718218815;
S02;N;REC126817-1;N;A.;     ;PINCEIS ATLAS SA;PINCEIS ATLAS SA;O FAZENDAO COM. MAT. CONSTR. L;AV ENG RAYMUNDO CARLOS NERY,51-LJ;SALVADOR;CAJAZEIRAS;41340-280;22/09/2026;22/0907:00;305903;4876,16;63,78;0,41;123;24;48;142;17;INFORMATIVA;28/09/2026;N  ;          ;REC003082-1 ;;42135855000170 ;42135855000170 ;O FAZENDAO COM. MAT. CONSTR. LTDA;AV ENG RAYMUNDO CARLOS NERY;51;LJ;CAJAZEIRAS;SALVADOR;41340280;BA;26260930621082000152570020001263001001519900 ;78,14;;001-DIVERSOS            ;26260989723837000768550000003059031776729705 ;30671705033087-30671705035519;87460944
S03;N;SSA129796-1;N;B.;     ;SERGYENE INDUSTRIA E COMERCIO;SERGYENE INDUSTRIA E COMERCIO;SENDAS DISTRIBUIDORA 164;AV ALIOMAR BALEEIRO,2249-EDIF ASSAI LOJA;SALVADOR;VILA CANARIA;41230-304;06/10/2026;06/1007:00;27266;24543,36;428,85;4,2144;1264,32;126;0;1.371;15;ENTREGA AGENDADA PELO CLIENTE;28/09/2026;N  ;          ;           ;AGENDADO X ITINERANTE X PALETIZADO..;06057223038144 ;06057223038144 ;SENDAS DISTRIBUIDORA 164;R GENARO DE CARVALHO;516;;JARDIM CAJAZEIRAS;SALVADOR;41230304;BA;29260930621082000233570030001276191001532684 ;146,66;;001-DIVERSOS            ;28260901478812000100550030000272661758924241 ;30671712247155-30671712259887;
S03;N;SSA129652-3;N;A.;     ;COOPERATIVA CENTRAL GAUCHA LTD;COOPERATIVA CENTRAL GAUCHA LTD;ATACADAO S/A;ROD. BR324 KM 08,8420,S/N;SALVADOR;PORTO SECO PIRAJA;41233-030;07/10/2026;07/1007:00;2609;242862,45;8599,953;0;8599,953;16;0;3.073;15;ENTREGA AGENDADA PELO CLIENTE;24/09/2026;N  ;          ;           ;AGENDADA. PALETIZADO E DEDICADO..;75315333034194 ;75315333034194 ;ATACADAO S/A;RODOVIA BR 324 8420 OUTROS;KM 08; GALPAO B SN;PORTO SECO PIRAJA;SALVADOR;41233030;BA;29260930621082000233570030001274781001527583 ;1.719,99;;011-ACIMA DE 7 TT       ;32260988933114003827551750000026091108752431 ;30671709289880-30671709291572;91453
S03;N;SSA130178-1;N;B.;     ;DISTRIBUIDORA MEMPHIS LTDA. (B;DISTRIBUIDORA MEMPHIS LTDA. (B;ATACADAO S/A;ROD. BR324 KM 08,8420,S/N;SALVADOR;PORTO SECO PIRAJA;41233-030;05/10/2026;05/1007:00;12826;273038,25;7013,1;0;7013,1;1.280;0;4.850;15;ENTREGA AGENDADA PELO CLIENTE;02/10/2026;N  ;          ;           ;AGENDADA. PALETIZADO E DEDICADO;75315333034194 ;75315333034194 ;ATACADAO S/A;ROD. BR324 KM 08,8420,SN ;;;PORTO SECO PIRAJA;SALVADOR;41233030;BA;29261030621082000233570030001279851001548809 ;2.371,93;;001-DIVERSOS            ;29261004781843000557550010000128261008216050 ;30671719356897-30671719484905;
S03;N;SSA130085-7;N;B.;     ;DISTRIBUIDORA MEMPHIS LTDA. (B;DISTRIBUIDORA MEMPHIS LTDA. (B;COMERCIAL DE ALIMENTOS GILMAR;AVE,1261-EDIF SUPERMERCADO TODO IMOVEL .;SALVADOR;SAO MARCOS;41253-190;05/10/2026;05/1007:00;12823;7835,28;195;0;195;20;0;158;15;ENTREGA AGENDADA PELO CLIENTE;02/10/2026;N  ;          ;           ;;05466724000491 ;05466724000491 ;COMERCIAL DE ALIMENTOS GILMAR;AVENIDA SAO RAFAEL;1261;EDIF SUPERMERCADO TODO IMOVEL;SAO MARCOS;SALVADOR;41253190;BA;29261030621082000233570030001279021001545696 ;76,5;;001-DIVERSOS            ;29260904781843000557550010000128231008214470 ;30671717813457-30671717815540;
S03;N;SSA130147-1;N;B.;     ;CONDOR S.A;CONDOR S.A;RAIA DROGASIL SA;ESTR CAMPINAS PIRAJA,1068-GLP 12 13 14;SALVADOR;MARECHAL RONDON;41280-117;05/10/2026;05/1007:00;3574;3441,29;16,15;0,15;45;28;28;477;15;ENTREGA AGENDADA PELO CLIENTE;01/10/2026;N  ;          ;           ;AGENDADO  X DEDICADO X PALETIZADO.;61585865163298 ;61585865163298 ;RAIA DROGASIL SA;ESTR CAMPINAS PIRAJA;1068;GLP 12 13 14;MARECHAL RONDON;SALVADOR;41280117;BA;29261030621082000233570030001279561001546740 ;297,72;;001-DIVERSOS            ;42260986046448001990550050000035741814031451 ;30671718239265-30671718242154;
S04;N;SSA130143-8;N;B3;     ;CONDOR PINCEIS FILIAL SBS;CONDOR PINCEIS FILIAL SBS;ADIVALDO SILVA NASCIMENTO;RUA DOUTOR EDUARDO DOTTO,47;SALVADOR;PARIPE;40800-010;05/10/2026;          ;119234;1859,13;17,46;0,15;45;12;12;134;80;MERCADORIA RECEBIDA PARA TRANSPORTE;01/10/2026;N  ;          ;           ;;56390390000108 ;56390390000108 ;ADIVALDO SILVA NASCIMENTO;RUA DOUTOR EDUARDO DOTTO;47;;PARIPE;SALVADOR;40800010;BA;29261030621082000233570030001279491001546672 ;55;;001-DIVERSOS            ;42260909217430000304550050001192341574887325 ;30671718234400-30671718235730;
S04;N;MCZ129029-1;N;A3;     ;PANDURATA ALIMENTOS LTDA;PANDURATA ALIMENTOS LTDA;SENDAS DISTRIBUIDORA 90;AV AFRANIO PEIXOTO,SN;SALVADOR;PARIPE;40800-570;08/10/2026;08/1007:00;125608;5381,91;230,672;0,811;243,3;1;1;211;15;ENTREGA AGENDADA PELO CLIENTE;01/10/2026;N  ;          ;MCZ000135-0 ;;06057223032294 ;06057223032294 ;SENDAS DISTRIBUIDORA 90;AV AFRANIO PEIXOTO;SN;;PARIPE;SALVADOR;40800570;BA;29260930621082000233570030001268501001498687 ;87,2;;001-DIVERSOS            ;27260870940994009249550200001256081646580530 ;30671700260195-30671700260360;1756169
S04;N;MCZ129751-1;N;A3;     ;PANDURATA ALIMENTOS LTDA;PANDURATA ALIMENTOS LTDA;SENDAS DISTRIBUIDORA 90;AV AFRANIO PEIXOTO,SN;SALVADOR;PARIPE;40800-570;05/10/2026;05/1007:00;126346;25756,58;962,533;7,892;2367,6;5;5;1.980;15;ENTREGA AGENDADA PELO CLIENTE;02/10/2026;N  ;          ;MCZ000150-3 ;;06057223032294 ;06057223032294 ;SENDAS DISTRIBUIDORA 90;AV AFRANIO PEIXOTO;SN;;PARIPE;SALVADOR;40800570;BA;29260930621082000233570030001275771001530426 ;306,76;;001-DIVERSOS            ;27260970940994009249550200001263461479510115 ;30671714225723-30671714226307;
S04;N;MCZ129807-1;N;A3;     ;PANDURATA ALIMENTOS LTDA;PANDURATA ALIMENTOS LTDA;SENDAS DISTRIBUIDORA 90;AV AFRANIO PEIXOTO,SN;SALVADOR;PARIPE;40800-570;05/10/2026;05/1007:00;126400;20451,86;853,937;7,174;2152,2;5;0;1.800;15;ENTREGA AGENDADA PELO CLIENTE;02/10/2026;N  ;          ;MCZ000151-1 ;;06057223032294 ;06057223032294 ;SENDAS DISTRIBUIDORA 90;AV AFRANIO PEIXOTO;SN;;PARIPE;SALVADOR;40800570;BA;29260930621082000233570030001276301001533300 ;274,18;;001-DIVERSOS            ;27260970940994009249550200001264001876106961 ;30671713839325-30671713839949;1770799
S04;N;REC127124-5;N;A.;     ;BETTANIN INDUSTRIAL S/A;BETTANIN INDUSTRIAL S/A;SENDAS DISTRIBUIDORA 90;AV AFRANIO PEIXOTO,SN;SALVADOR;PARIPE;40800-570;05/10/2026;05/1007:00;130464;17425,93;346,56;4,82;1446;81;81;1.054;15;ENTREGA AGENDADA PELO CLIENTE;02/10/2026;N  ;          ;REC003090-2 ;AGENDADO X ITINERANTE X PALETIZADO..;06057223032294 ;06057223032294 ;SENDAS DISTRIBUIDORA 90;AV AFRANIO PEIXOTO;SN;;PARIPE;SALVADOR;40800570;BA;26260930621082000152570020001266071001529415 ;579,89;;001-DIVERSOS            ;26260989724447000206550000001304641228183710 ;30671710176460-30671710184608;87475695
S04;N;SSA129795-3;N;B.;     ;SERGYENE INDUSTRIA E COMERCIO;SERGYENE INDUSTRIA E COMERCIO;SENDAS DISTRIBUIDORA 90;AV AFRANIO PEIXOTO,SN;SALVADOR;PARIPE;40800-570;07/10/2026;07/1007:00;27265;26710,24;505,7;4,7165;1414,95;134;0;1.492;15;ENTREGA AGENDADA PELO CLIENTE;28/09/2026;N  ;          ;           ;AGENDADO X ITINERANTE X PALETIZADO..;06057223032294 ;06057223032294 ;SENDAS DISTRIBUIDORA 90;AVENIDA AFRANIO PEIXOTO;SN;;PARIPE;SALVADOR;40800570;BA;29260930621082000233570030001276181001532679 ;169,71;;001-DIVERSOS            ;28260901478812000100550030000272651326421487 ;30671712232857-30671712246300;
S05;N;REC126819-8;N;A.;     ;PINCEIS ATLAS SA;PINCEIS ATLAS SA;SETUBAL MAT.CONST.LTDA;RUA EDUARDO DOTTO,SN-LT147;SALVADOR;PARIPE;40313-495;24/09/2026;          ;305904;5154,01;74,06;0,76;228;27;54;209;34;CTE RETIDO NA ENTREGA;21/09/2026;N  ;          ;REC003082-1 ;;13051685000147 ;13051685000147 ;SETUBAL MAT.CONST.LTDA;RUA EDUARDO DOTTO;SN;LT 147;PARIPE;SALVADOR;40313495;BA;26260930621082000152570020001263021001519921 ;114,96;;001-DIVERSOS            ;26260989723837000768550000003059041916243335 ;30671705040638-30671705043441;87461909
S05;N;MCZ129278-1;N;A3;     ;PANDURATA ALIMENTOS LTDA;PANDURATA ALIMENTOS LTDA;ATACADAO CENTRO SUL LTDA;RUA ARTUR CATRAMBI 157 TERREO,0;SALVADOR;CALCADA;40411-370;07/10/2026;07/1007:00;125477;52659,74;1357,034;11,554;3466,2;8;0;2.903;15;ENTREGA AGENDADA PELO CLIENTE;25/09/2026;N  ;          ;MCZ000140-6 ;AGENDADO X ITINERANTE X BATIDO;03927907000199 ;03927907000199 ;ATACADAO CENTRO SUL LTDA;R ARTHUR CATRAMBI;157;LOJA LJ;CALCADA;SALVADOR;40411370;BA;29260930621082000233570030001271081001508626 ;425,11;;001-DIVERSOS            ;27260870940994009249550200001254771098153264 ;30671701190449-30671701191334;1755054
S05;N;SSA129653-1;N;A.;     ;COOPERATIVA CENTRAL GAUCHA LTD;COOPERATIVA CENTRAL GAUCHA LTD;ATACADAO CENTRO SUL LTDA;RUA ARTUR CATRAMBI 157 TERREO,0;SALVADOR;CALCADA;40411-370;08/10/2026;08/1007:00;2618;52000;1788,688;0;1788,688;4;0;963;15;ENTREGA AGENDADA PELO CLIENTE;25/09/2026;N  ;          ;           ;AGENDADO X ITINERANTE X BATIDO..;03927907000199 ;03927907000199 ;ATACADAO CENTRO SUL LTDA;RUA ARTHUR CATRAMBI;157;LOJA TERREO SN;CALCADA;SALVADOR;40411370;BA;29260930621082000233570030001274791001527599 ;357,74;;001-DIVERSOS            ;32260988933114003827551750000026181889081720 ;30671710361200-30671710361782;
S05;N;SSA129782-1;N;B.;     ;SERGYENE INDUSTRIA E COMERCIO;SERGYENE INDUSTRIA E COMERCIO;ATACADAO CENTRO SUL LTDA;RUA ARTUR CATRAMBI 157 TERREO,0;SALVADOR;CALCADA;40411-370;09/10/2026;09/1007:10;    27218*;11631,51;223,35;2,0638;619,14;77;0;650;15;ENTREGA AGENDADA PELO CLIENTE;28/09/2026;N  ;          ;           ;AGENDADO X ITINERANTE X BATIDO..;03927907000199 ;03927907000199 ;ATACADAO CENTRO SUL LTDA;RUA ARTHUR CATRAMBI;157;;CALCADA;SALVADOR;40411370;BA;29260930621082000233570030001276061001532554 ;85,01;;001-DIVERSOS            ;28260801478812000100550030000272191676388920 -28260801478812000100550030000272181243886160 ;30671712095127-30671712095603,30671712095740-30671712103192;-323016
S05;N;MCZ129819-4;N;A3;     ;PANDURATA ALIMENTOS LTDA;PANDURATA ALIMENTOS LTDA;COMERCIAL CENTRO SUL DE CEREAI;R NILO PECANHA,227;SALVADOR;CALCADA;40411-380;21/10/2026;21/1007:00;126412;14126,06;364,907;3,104;931,2;2;0;785;15;ENTREGA AGENDADA PELO CLIENTE;25/09/2026;N  ;          ;MCZ000151-1 ;AGENDADO  X  ITINERANTE X BATIDO;14442891000140 ;14442891000140 ;COMERCIAL CENTRO SUL DE CEREAIS LTD;R NILO PECANHA;227;;CALCADA;SALVADOR;40411380;BA;29260930621082000233570030001276421001533425 ;127,47;;001-DIVERSOS            ;27260970940994009249550200001264121759303141 ;30671713978491-30671713978707;1770799
S05;N;REC127639-5;N;B.;     ;METALURGICA MOR SA - PE 95.422;METALURGICA MOR SA - PE 95.422;JULIA COM VARIED E UTIL P O LA;R RESENDE COSTA,151-LJ TERREO;SALVADOR;VILA RUI BARBOSA;40430-000;07/10/2026;          ;299459;2406,16;87,882;1,7802;445,05;50;0;361;84;CHEGADA NA UNIDADE DE DESTINO;01/10/2026;N  ;          ;REC003102-0 ;;03423782000160 ;03423782000160 ;JULIA COM VARIED E UTIL P O LAR EIR;R RESENDE COSTA;151;LJ TERREO;VILA RUI BARBOSA;SALVADOR;40430000;BA;26260930621082000152570020001271191001543360 ;198,68;;007-MOR                 ;26260995422218000906550010002994591488400888 ;30671716591118-30671716596299;22254341
S05;N;MCZ129811-9;N;A3;     ;PANDURATA ALIMENTOS LTDA;PANDURATA ALIMENTOS LTDA;WMS SUPERMERCADOS DO BRASIL LT;AV CONSELHEIRO ZACARIAS,85;SALVADOR;MARES;40445-080;22/10/2026;22/1007:00;126404;23538,95;767,851;6,396;1918,8;4;0;1.608;15;ENTREGA AGENDADA PELO CLIENTE;25/09/2026;N  ;          ;MCZ000151-1 ;;93209765031500 ;93209765031500 ;WMS SUPERMERCADOS DO BRASIL LTDA;AV CONSELHEIRO ZACARIAS;85;;MARES;SALVADOR;40445080;BA;29260930621082000233570030001276341001533342 ;248,36;;001-DIVERSOS            ;27260970940994009249550200001264041857857778 ;30671714220827-30671714221373;1770799
S06;N;SSA129676-1;N;A.;     ;MARILAN ALIMENTOS S/A;MARILAN ALIMENTOS S/A;SENDAS DISTRIBUIDORA 321;AV ANTONIO CARLOS MAGALHAES,001400-LOJA5;SALVADOR;LUIS ANSELMO;40260-700;24/09/2026;24/0907:00;22398;31025,96;2023,19;8,21;2023,19;6;0;1.431;35;AGUARDANDO AGENDAMENTO DO CLIENTE;25/09/2026;N  ;          ;           ;PALETIZADO - TAB 13 - CLIENTE NAO RECEBE CARRETA;06057223055235 ;06057223055235 ;SENDAS DISTRIBUIDORA 321;AV ANTONIO CARLOS MAGALHAES;1400;;LUIZ ANSELMO;SALVADOR;40260700;BA;29260930621082000233570030001274991001527850 ;624,96;;001-DIVERSOS            ;32260952034139002284550010000223981563936729 ;30671711115050-30671711115701;4000024146
S06;N;SSA129791-1;N;B.;     ;SERGYENE INDUSTRIA E COMERCIO;SERGYENE INDUSTRIA E COMERCIO;SENDAS DISTRIBUIDORA 321;AV ANTONIO CARLOS MAGALHAES,001400-LOJA5;SALVADOR;LUIS ANSELMO;40260-700;05/10/2026;05/1007:00;27272;14787,04;257,15;2,5286;758,58;84;84;826;15;ENTREGA AGENDADA PELO CLIENTE;02/10/2026;N  ;          ;           ;AGENDADO X ITINERANTE X PALETIZADO..;06057223055235 ;06057223055235 ;SENDAS DISTRIBUIDORA 321;AVENIDA ANTONIO CARLOS MAGALHAES;1400;LOJA 0005;LUIS ANSELMO;SALVADOR;40260700;BA;29260930621082000233570030001276141001532637 ;95,15;;001-DIVERSOS            ;28260901478812000100550030000272721454594885 ;30671712193802-30671712202314;
S08;N;REC127163-6;N;B.;     ;DOCILE NORDESTE IND. E COM. DE;DOCILE NORDESTE IND. E COM. DE;TAOBOMFESTLTDA;RUA PERNAMBUCO,36-E;SALVADOR;TANCREDO NEVES;41205-140;30/09/2026;          ;125558;5126,21;187,765;0,82;187,765;75;75;242;52;RETENCAO INDEVIDA;28/09/2026;N  ;          ;REC003092-9 ;;44985419000115 ;44985419000115 ;TAOBOMFESTLTDA;RUA PERNAMBUCO;36;E;TANCREDO NEVES;SALVADOR;41205140;BA;26260930621082000152570020001266461001530020 ;133,31;;001-DIVERSOS            ;26260912020480000131550020001255581958029379 ;30671710551864-30671710559437;
S08;N;JOI068023-1;N;B.;     ;PNEUBEST COMERCIAL LTDA;PNEUBEST COMERCIAL LTDA;IONE SANTANA MACHADO;AVENIDA CARDEAL AVELAR BRANDAO VIL,101;SALVADOR;MATA ESCURA;41219-600;30/09/2026;          ;162192;901,36;21,2;0,3573;21,2;4;8;132;29;REENTREGA AUTORIZADA;02/10/2026;N  ;          ;JOI002291-8 ;SR MOTORISTA EM CASO DE DUVIDA NA ENTREGA ATENTAR PARA CAMPO DADOS ADICIONAIS/INFORMACOES COMPLEMENTARES DA NOTA FISCAL..;00082533814504 ;00082533814504 ;IONE SANTANA MACHADO;AVENIDA CARDEAL AVELAR BRANDAO VIL;101;;MATA ESCURA;SALVADOR;41219600;BA;42260930621082000314570010000676981001524077 ;55;;009-E-COMMERCE          ;42260936996649000151550080001621921628193623 ;30671706390788-30671706391224;
S08;N;SSA130102-1;N;B.;     ;PERFECT EQ DE LIMPEZA EIRELI-F;PERFECT EQ DE LIMPEZA EIRELI-F;ATLANTICO SUL COMERCIO E IND L;RUA DO PAQUISTAO,510-GALPAO 04;SALVADOR;GRANJAS RURAIS PRESIDENTE VARG;41230-050;05/10/2026;          ;    82827*;16213,91;465,61;4,66;1398;157;1;759;51;SOBRA DE MERCADORIA;02/10/2026;N  ;          ;           ;;08261139000109 ;08261139000109 ;ATLANTICO SUL COMERCIO E IND LTDA E;RUA DO PAQUISTAO;510;GALPAO 04;GRANJAS RURAIS PRESIDENTE VARG;SALVADOR;41230050;BA;29261030621082000233570030001279101001546260 ;157,68;;001-DIVERSOS            ;42260903210886000277550010000828281993185213 -42260903210886000277550010000828271658183657 ;30671718048801-30671718049046,30671718033064-30671718048774;-
S09;N;SSA129190-4;N;B.;     ;CONDOR S.A.;CONDOR S.A.;IAP COSMETICOS LTDA;AVENIDA SETE DE SETEMBRO,76;SALVADOR;DOIS DE JULHO;40060-001;11/09/2026;          ;1030691;1964,05;15,84;0,13;39;24;24;134;17;INFORMATIVA;10/09/2026;N  ;          ;           ;;05346644002608 ;05346644002608 ;IAP COSMETICOS LTDA;AVENIDA SETE DE SETEMBRO;76;;DOIS DE JULHO;SALVADOR;40060001;BA;29260930621082000233570030001270171001505817 ;55;;001-DIVERSOS            ;42260886046448000161550050010306911814097481 ;30671696653132-30671696655674;
S09;N;SSA130120-9;N;B3;     ;CONDOR PINCEIS FILIAL SBS;CONDOR PINCEIS FILIAL SBS;COMERCIAL BAIANA DE BIJUTERIAS;R CARLOS GOMES,89;SALVADOR;DOIS DE JULHO;40060-330;05/10/2026;          ;119250;2127,59;3,63;0,01;3,63;4;4;134;80;MERCADORIA RECEBIDA PARA TRANSPORTE;01/10/2026;N  ;          ;           ;;05847699000143 ;05847699000143 ;COMERCIAL BAIANA DE BIJUTERIAS EIRELI;R CARLOS GOMES;89;;DOIS DE JULHO;SALVADOR;40060330;BA;29261030621082000233570030001279281001546460 ;55;;001-DIVERSOS            ;42260909217430000304550050001192501210243956 ;30671718187042-30671718187529;
S09;N;REC127644-1;N;B.;     ;METALURGICA MOR SA - PE 95.422;METALURGICA MOR SA - PE 95.422;FERREIRA COSTA E CIA LTDA;AV VALE DOS BARRIS,125-GAP FUND;SALVADOR;BARRIS;40070-055;06/10/2026;06/1007:00;299465;1603,68;34,88;0,576;144;4;0;409;15;ENTREGA AGENDADA PELO CLIENTE;01/10/2026;N  ;          ;REC003102-0 ;;10230480004047 ;10230480004047 ;FERREIRA COSTA;AVENIDA VALE DOS BARRIS;125;;BARRIS;SALVADOR;40070055;BA;26260930621082000152570020001271261001543437 ;445,55;;007-MOR                 ;26260995422218000906550010002994651620626180 ;30671716653520-30671716654077;22254514
S09;N;MCZ128903-9;N;A3;     ;PANDURATA ALIMENTOS LTDA;PANDURATA ALIMENTOS LTDA;SENDAS DISTRIBUIDORA 243;R DO SALETE,30;SALVADOR;BARRIS;40070-200;23/09/2026;23/0907:00;125422;7252,73;393,175;1,276;393,175;1;1;327;35;AGUARDANDO AGENDAMENTO DO CLIENTE;25/09/2026;N  ;          ;MCZ000132-5 ;;06057223047054 ;06057223047054 ;SENDAS DISTRIBUIDORA 243;R DO SALETE;30;;BARRIS;SALVADOR;40070200;BA;29260930621082000233570030001267411001494520 ;135,95;;001-DIVERSOS            ;27260870940994009249550200001254221036946360 ;30671693797528-30671693797706;1754979
S09;N;MCZ128904-7;N;A3;     ;PANDURATA ALIMENTOS LTDA;PANDURATA ALIMENTOS LTDA;SENDAS DISTRIBUIDORA 243;R DO SALETE,30;SALVADOR;BARRIS;40070-200;05/10/2026;05/1007:00;125423;1112,41;39,379;0,26;78;1;2;71;35;AGUARDANDO AGENDAMENTO DO CLIENTE;01/10/2026;N  ;          ;MCZ000132-5 ;;06057223047054 ;06057223047054 ;SENDAS DISTRIBUIDORA 243;R DO SALETE;30;;BARRIS;SALVADOR;40070200;BA;29260930621082000233570030001267401001494515 ;55;;001-DIVERSOS            ;27260870940994009249550200001254231526850471 ;30671709961623-30671709961801;1754979
S09;N;MCZ128905-5;N;A3;     ;PANDURATA ALIMENTOS LTDA;PANDURATA ALIMENTOS LTDA;SENDAS DISTRIBUIDORA 243;R DO SALETE,30;SALVADOR;BARRIS;40070-200;01/10/2026;01/1007:00;125424;14668,21;701,469;2,702;810,6;4;4;686;35;AGUARDANDO AGENDAMENTO DO CLIENTE;25/09/2026;N  ;          ;MCZ000132-5 ;;06057223047054 ;06057223047054 ;SENDAS DISTRIBUIDORA 243;R DO SALETE;30;;BARRIS;SALVADOR;40070200;BA;29260930621082000233570030001267431001494541 ;228,44;;001-DIVERSOS            ;27260870940994009249550200001254241563582822 ;30671709959455-30671709959931;1754979
S09;N;MCZ128906-3;N;A3;     ;PANDURATA ALIMENTOS LTDA;PANDURATA ALIMENTOS LTDA;SENDAS DISTRIBUIDORA 243;R DO SALETE,30;SALVADOR;BARRIS;40070-200;23/09/2026;23/0907:00;125425;3318,31;100,969;0,695;208,5;1;1;182;35;AGUARDANDO AGENDAMENTO DO CLIENTE;25/09/2026;N  ;          ;MCZ000132-5 ;;06057223047054 ;06057223047054 ;SENDAS DISTRIBUIDORA 243;R DO SALETE;30;;BARRIS;SALVADOR;40070200;BA;29260930621082000233570030001267421001494536 ;55;;001-DIVERSOS            ;27260870940994009249550200001254251687267160 ;30671693876370-30671693876544;1754979
S09;N;MCZ129821-6;N;A3;     ;PANDURATA ALIMENTOS LTDA;PANDURATA ALIMENTOS LTDA;WMS SUPERMERCADOS DO BRASI LTD;AVENIDA REITOR MIGUEL ,557-OUTROS LADO A;SALVADOR;CANELA;40110-100;21/10/2026;21/1007:00;126414;15200,38;496,293;4,134;1240,2;3;0;1.042;15;ENTREGA AGENDADA PELO CLIENTE;25/09/2026;N  ;          ;MCZ000151-1 ;;93209765061841 ;93209765061841 ;WMS SUPERMERCADOS DO BRASI LTDA. 618 C;AVENIDA REITOR MIGUEL CALMON;557;OUTROS LADO A;CANELA;SALVADOR;40110100;BA;29260930621082000233570030001276441001533446 ;166,89;;001-DIVERSOS            ;27260970940994009249550200001264141753139484 ;30671713968952-30671713969361;1770799
S09;N;REC126889-9;N;A.;     ;BETTANIN INDUSTRIAL S/A;BETTANIN INDUSTRIAL S/A;ATACADAO CENTRO SUL LTDA;RUA ARTUR CATRAMBI 157 TERREO,0;SALVADOR;CALCADA;40140-370;05/10/2026;05/1007:00;   130287*;7506,34;122,15;0,71;213;46;46;208;15;ENTREGA AGENDADA PELO CLIENTE;23/09/2026;N  ;          ;REC003086-4 ;AGENDADO X ITINERANTE X BATIDO..;03927907000199 ;03927907000199 ;ATACADAO CENTRO SUL LTDA;R ARTHUR CATRAMBI;157;LOJA LJ;CALACADA;SALVADOR;40140370;BA;26260930621082000152570020001263451001522083 ;114,27;;001-DIVERSOS            ;26260989724447000206550000001302881642464614 -26260989724447000206550000001302871967194503 ;30671705623199-30671705624084,30671705619130-30671705623051;0087465939-0087465936
S09;N;MCZ129822-4;N;A3;     ;PANDURATA ALIMENTOS LTDA;PANDURATA ALIMENTOS LTDA;WMS ATACADAO;AV CENTENARIO,002786-EDIF BOMPRECO LJ;SALVADOR;BARRA;40140-400;21/10/2026;21/1007:00;126415;13759,91;458,817;3,822;1146,6;3;0;963;15;ENTREGA AGENDADA PELO CLIENTE;25/09/2026;N  ;          ;MCZ000151-1 ;;93209765069583 ;93209765069583 ;WMS ATACADAO;AV CENTENARIO;2786;EDIF BOMPRECO LJ;BARRA;SALVADOR;40140400;BA;29260930621082000233570030001276451001533451 ;155,65;;001-DIVERSOS            ;27260970940994009249550200001264151039956602 ;30671713969848-30671713970209;1770799
S09;N;REC127456-2;N;B.;     ;DOCILE NORDESTE IND. E COM. DE;DOCILE NORDESTE IND. E COM. DE;JOAO PEDRO DANTAS RAMIRO DA SI;TRAV NOSSA SENHORA DE FATIMA,79-TER;SALVADOR;ALTO DAS POMBAS;40226-615;05/10/2026;          ;125731;5171,89;309,6;0,85;309,6;44;44;341;13;ENTREGA PREJUDICADA PELO HORARIO;02/10/2026;N  ;          ;REC003098-8 ;;39835655000115 ;39835655000115 ;JOAO PEDRO DANTAS RAMIRO DA SILVA 04921463573;TRAV NOSSA SENHORA DE FATIMA;79;TER;ALTO DAS POMBAS;SALVADOR;40226615;BA;26260930621082000152570020001269361001538641 ;187,31;;001-DIVERSOS            ;26260912020480000131550020001257311596446232 ;30671714898555-30671714903056;
S09;N;MCZ129727-9;N;A3;     ;PANDURATA ALIMENTOS LTDA;PANDURATA ALIMENTOS LTDA;SENDAS DISTRIBUIDORA 256;AVENIDA VASCO DA GAMA,4049-LJ FEDE;SALVADOR;FEDERACAO;40230-731;05/10/2026;05/1007:00;126314;28462,37;966,517;7,782;2334,6;5;5;1.955;15;ENTREGA AGENDADA PELO CLIENTE;30/09/2026;N  ;          ;MCZ000148-1 ;;06057223048450 ;06057223048450 ;SENDAS DISTRIBUIDORA 256;AVENIDA VASCO DA GAMA;4049;LJ FEDE;FEDERACAO;SALVADOR;40230731;BA;29260930621082000233570030001275521001529267 ;307,96;;001-DIVERSOS            ;27260970940994009249550200001263141579317852 ;30671712816207-30671712816817;1766953
S09;N;SSA130125-0;N;B3;     ;CONDOR PINCEIS FILIAL SBS;CONDOR PINCEIS FILIAL SBS;A GOMES E IRMAO LTDA;LD DA AGUA BRUSCA,98;SALVADOR;STO ANTONIO;40301-296;05/10/2026;          ;119237;2429,63;5,46;0,03;9;1;1;135;80;MERCADORIA RECEBIDA PARA TRANSPORTE;01/10/2026;N  ;          ;           ;AGENDADA;15112196000183 ;15112196000183 ;A GOMES E IRMAO LTDA;LD DA AGUA BRUSCA;98;;STO ANTONIO;SALVADOR;40301296;BA;29261030621082000233570030001279331001546516 ;55;;001-DIVERSOS            ;42260909217430000304550050001192371513522922 ;30671718189896-30671718190079;
S10;N;REC127118-1;N;A.;     ;BETTANIN INDUSTRIAL S/A;BETTANIN INDUSTRIAL S/A;SENDAS DISTRIBUIDORA 309;AV LUIS VIANA FILHO,3056;SALVADOR;IMBUI;41720-200;07/10/2026;07/1007:00;130468;29010,32;544,46;7,17;2151;132;132;1.560;15;ENTREGA AGENDADA PELO CLIENTE;24/09/2026;N  ;          ;REC003090-2 ;AGENDADO X ITINERANTE X PALETIZADO..;06057223054182 ;06057223054182 ;SENDAS DISTRIBUIDORA 309;AV LUIS VIANA FILHO;3056;LJ TRECH A;IMBUI;SALVADOR;41720200;BA;26260930621082000152570020001266021001529362 ;858,01;;001-DIVERSOS            ;26260989724447000206550000001304681848788995 ;30671710117517-30671710130870;87474870
S10;N;SSA129679-5;N;A.;     ;MARILAN ALIMENTOS S/A;MARILAN ALIMENTOS S/A;SENDAS DISTRIBUIDORA 309;AV LUIS VIANA FILHO,3056;SALVADOR;IMBUI;41720-200;07/10/2026;07/1007:00;22401;40593,82;2644,6;10,82;2644,6;9;0;1.871;15;ENTREGA AGENDADA PELO CLIENTE;30/09/2026;N  ;          ;           ;;06057223054182 ;06057223054182 ;SENDAS DISTRIBUIDORA 309;AV LUIS VIANA FILHO;3056;;IMBUI;SALVADOR;41720200;BA;29260930621082000233570030001275021001527882 ;811,38;;001-DIVERSOS            ;32260952034139002284550010000224011567333945 ;30671710686210-30671710687243;4000024146
S10;N;JOI068240-3;N;C.;     ;IMD COMERCIO DE MOVEIS LTDA;CONNECT MOVEIS PARA ESCRITORIO;CONNECT MOVEIS PARA ESCRITORIO;R MONSENHOR GASPAR SAD,84-TODO IMOVEL 84;SALVADOR;COSTA AZUL;41760-200;05/10/2026;          ;439258;2762,97;42,8;0,9455;283,65;4;4;475;84;CHEGADA NA UNIDADE DE DESTINO;28/09/2026;N  ;          ;JOI002291-8 ;;63409314000162 ;63409314000162 ;CONNECT MOVEIS PARA ESCRITORIO;R MONSENHOR GASPAR SADOC;84;TODO IMOVEL 84;COSTA AZUL;SALVADOR;41760200;BA;42260930621082000314570010000678411001530350 ;118,81;;001-DIVERSOS            ;42260903961151000447550060004392581519593937 ;30671710927931-30671710928488;444899
S10;N;SSA130132-2;N;B3;     ;CONDOR PINCEIS FILIAL SBS;CONDOR PINCEIS FILIAL SBS;CORES D TINTAS E ACESSORIOS LT;AVENIDA PAULO VI,1119-TODO IMO LOJA;SALVADOR;PITUBA;41810-001;05/10/2026;          ;119249;4616,34;64,95;0,43;129;39;39;143;80;MERCADORIA RECEBIDA PARA TRANSPORTE;01/10/2026;N  ;          ;           ;;28935566000639 ;28935566000639 ;CORES D TINTAS E ACESSORIOS LTDA;AVENIDA PAULO VI;1119;TODO IMO LOJA;PITUBA;SALVADOR;41810001;BA;29261030621082000233570030001279401001546588 ;55;;001-DIVERSOS            ;42260909217430000304550050001192491472445920 ;30671718213881-30671718217892;
S10;N;SSA130086-5;N;B.;     ;DISTRIBUIDORA MEMPHIS LTDA. (B;DISTRIBUIDORA MEMPHIS LTDA. (B;MAMAE PRESENTES LOJA DE DEPART;AV. TRANCREDO NEVES,3133;SALVADOR;CAMINHO DAS ARVORES;41820-021;05/10/2026;05/1007:00;12824;1220,6;25,27;0;25,27;12;0;115;15;ENTREGA AGENDADA PELO CLIENTE;02/10/2026;N  ;          ;           ;;33508154002515 ;33508154002515 ;MAMAE PRESENTES LOJA DE DEPARTAMENTOS LTDA.;AV TRANCREDO NEVES;3133;;CAMINHO DAS ARVORES;SALVADOR;41820021;BA;29261030621082000233570030001279031001545707 ;55;;001-DIVERSOS            ;29260904781843000557550010000128241008214532 ;30671717815687-30671717816911;
S10;N;SSA130129-2;N;B3;     ;CONDOR PINCEIS FILIAL SBS;CONDOR PINCEIS FILIAL SBS;KITARTE COM E SERVICOS DE ARTE;RUA MINAS GERAIS,800-LOJA;SALVADOR;PITUBA;41830-020;05/10/2026;          ;119309;4301,51;7,88;0,09;27;3;3;140;80;MERCADORIA RECEBIDA PARA TRANSPORTE;01/10/2026;N  ;          ;           ;;23050167000162 ;23050167000162 ;KITARTE COM E SERVICOS DE ARTE E ARTESANATO LTDA ME;RUA MINAS GERAIS;800;LOJA;PITUBA;SALVADOR;41830020;BA;29261030621082000233570030001279371001546558 ;55;;001-DIVERSOS            ;42260909217430000304550050001193091765862290 ;30671718208313-30671718208762;
S10;N;MCZ129823-2;N;A3;     ;PANDURATA ALIMENTOS LTDA;PANDURATA ALIMENTOS LTDA;WMS SUPERMERCADOS DO BRASIL LT;RUA PERNAMBUCO,000510-LOJA LJ;SALVADOR;PITUBA;41830-390;21/10/2026;21/1007:00;126416;12372,46;393,311;3,276;982,8;2;0;826;15;ENTREGA AGENDADA PELO CLIENTE;25/09/2026;N  ;          ;MCZ000151-1 ;;93209765069664 ;93209765069664 ;WMS SUPERMERCADOS DO BRASIL LTDA. 696 C;RUA PERNAMBUCO;510;LOJA LJ;PITUBA;SALVADOR;41830390;BA;29260930621082000233570030001276461001533467 ;135,99;;001-DIVERSOS            ;27260970940994009249550200001264161118866158 ;30671713977770-30671713978042;1770799
S10;N;SSA130112-8;N;B.;     ;CONDOR S.A.;CONDOR S.A.;LINK EVENTOS LTDA EPP;AL GENOVA,172;SALVADOR;PITUBA;41830-470;05/10/2026;          ;1035229;2822,86;63,3;0,69;207;30;30;140;80;MERCADORIA RECEBIDA PARA TRANSPORTE;01/10/2026;N  ;          ;           ;;07206983000166 ;07206983000166 ;LINK EVENTOS LTDA EPP;AL GENOVA;172;;PITUBA;SALVADOR;41830470;BA;29261030621082000233570030001279201001546372 ;55;;001-DIVERSOS            ;42260986046448000161550050010352291857798625 ;30671718115710-30671718118835;
S11;N;SSA130127-6;N;B3;     ;CONDOR PINCEIS FILIAL SBS;CONDOR PINCEIS FILIAL SBS;CONFIBRAS INDUSTRIA E COMERCIO;RODOVIA BA,526-SN GLP 5;SALVADOR;BARRAGEM DE IPITANGA;41410-025;05/10/2026;          ;119253;32609,89;280,14;2,28;684;168;168;455;80;MERCADORIA RECEBIDA PARA TRANSPORTE;01/10/2026;N  ;          ;           ;;16629686000114 ;16629686000114 ;CONFIBRAS INDUSTRIA E COMERCIO LTDA;RODOVIA BA;526;SN GLP 5;BARRAGEM DE IPITANGA;SALVADOR;41410025;BA;29261030621082000233570030001279351001546537 ;102,04;;001-DIVERSOS            ;42260909217430000304550050001192531582672419 ;30671718190720-30671718207606;
S11;N;SSA129787-2;N;B.;     ;SERGYENE INDUSTRIA E COMERCIO;SERGYENE INDUSTRIA E COMERCIO;SENDAS DISTRIBUIDORA 177;RUA PROFESSOR PLINIO GARCEZ DE SENA,1240;SALVADOR;MUSSURUNGA;41490-340;06/10/2026;06/1007:00;27267;19059,84;341,2;3,3267;998,01;108;0;1.064;15;ENTREGA AGENDADA PELO CLIENTE;28/09/2026;N  ;          ;           ;AGENDADO X ITINERANTE X PALETIZADO..;06057223042419 ;06057223042419 ;SENDAS DISTRIBUIDORA 177;RUA PROFESSOR PLINIO GARCEZ DE SENA;1240;;MUSSURUNGA;SALVADOR;41490340;BA;29260930621082000233570030001276101001532590 ;120,36;;001-DIVERSOS            ;28260901478812000100550030000272671191427002 ;30671712125665-30671712136576;
S11;N;EXT129120-3;N;A3;     ;PANDURATA ALIMENTOS LTDA;PANDURATA ALIMENTOS LTDA;MATEUS SUPERMERCADOS SA;ROD BA 526,305;SALVADOR;CASSANGE;41505-220;29/09/2026;29/0907:00;758699;2279,96;101,092;0,309;101,092;1;2;137;52;RETENCAO INDEVIDA;30/09/2026;N  ;          ;EXT000088-4 ;;03995515034819 ;03995515034819 ;MATEUS SUPERMERCADOS SA;RODOVIA BA;526000305;;CASSANGE;SALVADOR;41505220;BA;29260930621082000233570030001269391001502569 ;55;;001-DIVERSOS            ;31260870940994008277550200007586991170110780 ;30671700260400-30671700260671;1755404
S11;N;MCZ129820-8;N;A3;     ;PANDURATA ALIMENTOS LTDA;PANDURATA ALIMENTOS LTDA;WMS SUPERMERCADOS DO BRASIL LT;AVENIDA DORIVAL CAYMMI,000749-OUTROS A;SALVADOR;ITAPUA;41635-150;21/10/2026;21/1007:00;126413;13399,79;449,448;3,744;1123,2;3;0;944;15;ENTREGA AGENDADA PELO CLIENTE;25/09/2026;N  ;          ;MCZ000151-1 ;;93209765061175 ;93209765061175 ;WMS SUPERMERCADOS DO BRASIL LTDA;AVENIDA DORIVAL CAYMMI;749;OUTROS A;ITAPUA;SALVADOR;41635150;BA;29260930621082000233570030001276431001533430 ;152,83;;001-DIVERSOS            ;27260970940994009249550200001264131860875071 ;30671714389240-30671714389690;1770799
S11;N;SSA129871-2;N;B.;     ;PIETROBON E CIA. LTDA.;PIETROBON E CIA. LTDA.;ESQUINA ITAPUA COMERCIO DE ALI;AVENIDA DORIVAL CAYMMI, 13987 LOJA TER,0;SALVADOR;ITAPUA;41635-151;29/09/2026;          ;1160862;4064,54;330,2;0,93;330,2;31;62;321;17;INFORMATIVA;29/09/2026;N  ;          ;           ;;37173419000155 ;37173419000155 ;ESQUINA ITAPUA COMERCIO DE ALIMENTOS  E DOCES LLLTDA;AVENIDA DORIVAL CAYMMI;13987;LOJA TERREO 0;ITAPUA;SALVADOR;41635151;BA;29260930621082000233570030001276861001535490 ;117,06;;001-DIVERSOS            ;43260997580260000115550010011608621833574132 ;30671713772941-30671713776164;1838841COND
S11;N;REC127465-1;N;C.;     ;NEG COMERCIO;NEG COMERCIO;HELENILZE MARQUES OLIVEIRA;RUA MAGNO VALENTE,275-1003;SALVADOR;AQUARIUS;41771-080;05/10/2026;          ;2320;2523,99;30;0;30;2;2;318;84;CHEGADA NA UNIDADE DE DESTINO;01/10/2026;N  ;          ;REC003098-8 ;DEVOLVER CANHOTO NF. .;00029563321553 ;00029563321553 ;HELENILZE MARQUES OLIVEIRA;RUA MAGNO VALENTE;275;1003;AQUARIUS;SALVADOR;41771080;BA;26260930621082000152570020001269481001539142 ;175,08;;001-DIVERSOS            ;43260960251534000112550010000023201377883791 ;30671715217605-30671715217903;
SEA;N;JOI067862-7;N;A.;     ;TBX IND, IMP E COMERCIO LTDA;TBX IND, IMP E COMERCIO LTDA;JAQUELINE DOS SANTOS CORREIA;RUA ALMIR CARN,32-PRA XIMO AO MINE POSTO;RAFAEL JAMBEIRO;CENTRO;44520-000;06/10/2026;     23:59;983142;1443,38;99,7;0,4479;111,975;2;2;290;84;CHEGADA NA UNIDADE DE DESTINO;28/09/2026;N  ;          ;JOI002291-8 ;;00009822148550 ;00009822148550 ;Jaqueline dos Santos Correia;Rua Almir Carneiro;32;;Centro;RAFAEL JAMBEIRO;44520000;BA;42260930621082000314570010000675491001521167 ;101,34;;001-DIVERSOS            ;42260921398314000164550010009831421139290753 ;30671704729958-30671704730278;
SEA;N;BGS001986-1;N;B.;     ;SIMONETTO ALIMENTOS LTDA - MAT;SIMONETTO ALIMENTOS LTDA - MAT;SANTA DISTRIBUIDORA LTDA;RUA A LOT AMELIA TORRES, 140 QUADRA:05,0;ITABERABA;BATALHAO;46880-000;15/10/2026;          ;463605;5224,67;405,28;1,2158;405,28;37;0;923;84;CHEGADA NA UNIDADE DE DESTINO;29/09/2026;N  ;          ;BGS000164-3 ;;69040636000163 ;69040636000163 ;SANTA DISTRIBUIDORA LTDA;RUA A LOT AMELIA TORRES;140;QUADRA:05 LOTE:05 0;BATALHAO;ITABERABA;46880000;BA;43260930621082000403570010000019291001532899 ;322,95;;001-DIVERSOS            ;43260991519595000141550020004636051221405826 ;30671712370404-30671712374240;674117COND
SEA;N;REC127364-7;N;B.;     ;ALUKENTI EMBALAGENS LTDA.;ALUKENTI EMBALAGENS LTDA.;A PINA DOS SANTOS DELEZZOTTE E;ROD BA 233,N 27-KM 6 SITIO SO PASSAROS E;ITABERABA;ZONA RURAL;46880-000;06/10/2026;06/1007:00;95087;42417,13;827,612;0;827,612;330;330;1.664;15;ENTREGA AGENDADA PELO CLIENTE;30/09/2026;N  ;          ;REC003095-3 ;AGENDADA..;30578948000190 ;30578948000190 ;A PINA DOS SANTOS DELEZZOTTE EIRELI          067866;ROD BA 233,N 27-KM 6 SITIO SO PASSAROS E ;;;ZONA RURAL;ITABERABA;46880000;BA;26260930621082000152570020001268471001536043 ;1.081,50;;001-DIVERSOS            ;26260908867557000136550010000950871228876806 ;30671714038318-30671714071438;
SEA;N;SSA130123-3;N;B3;     ;CONDOR PINCEIS FILIAL SBS;CONDOR PINCEIS FILIAL SBS;MAIS PAPEL E CIA LTDA;RUA JOSUE RIBEIRO,128;ITABERABA;CENTRO;46880-000;14/10/2026;          ;119247;6382,57;21,62;0,06;21,62;4;4;189;80;MERCADORIA RECEBIDA PARA TRANSPORTE;01/10/2026;N  ;          ;           ;;12149947000148 ;12149947000148 ;MAIS PAPEL E CIA LTDA;RUA JOSUE RIBEIRO;128;;CENTRO;ITABERABA;46880000;BA;29261030621082000233570030001279311001546490 ;90;;001-DIVERSOS            ;42260909217430000304550050001192471092808996 ;30671718188551-30671718189001;
SEA;N;REC127429-5;N;A.;     ;PINCEIS ATLAS SA;PINCEIS ATLAS SA;BURITI COM VAREJ DE MAT DE CON;1A TV PIO XII,47;SEABRA;SAO JOSE;46900-000;14/10/2026;          ;306948;4989,11;63,24;0,61;183;29;29;255;84;CHEGADA NA UNIDADE DE DESTINO;30/09/2026;N  ;          ;REC003097-0 ;;43512901000175 ;43512901000175 ;BURITI COM VAREJ DE MAT DE CONS LTD;1 A TV PIO XII,47 ;1;A TV PIO XII 47;SAO JOSE;SEABRA;46900000;BA;26260930621082000152570020001269251001538532 ;165,46;;001-DIVERSOS            ;26260989723837000768550000003069481520935450 ;30671714697901-30671714700933;87486140
SEA;N;SSA130023-7;N;C.;LJEQU;DJESSICA EMANUELLI DE CARVALHO;G FREIRE BEZERRA DE MORAIS-TRA;MAIS RACOES AGRICOLA LTDA;FRANCISCO HERACLITO,782-COMODO;SEABRA;SANTA LUZIA;46900-000;13/10/2026;          ;1883;990;28;0,29;87;2;0;191;80;MERCADORIA RECEBIDA PARA TRANSPORTE;29/09/2026;N  ;          ;           ;;10855568000148 ;10855568000148 ;MAIS RACOES AGRICOLA LTDA;FRANCISCO HERACLITO;782;COMODO;SANTA LUZIA;SEABRA;46900000;BA;29260930621082000233570030001278421001542077 ;90;;001-DIVERSOS            ;25260929484429000183550010000018831000018842 ;30671715768310-30671715768621;
SEA;N;JOI067858-9;N;A.;     ;TBX IND, IMP E COMERCIO LTDA;TBX IND, IMP E COMERCIO LTDA;POLIANA DA SILVA SOUZA;RUA TULIPA,45;SEABRA;SANTA LUZIA;46903-715;07/10/2026;     23:59;983113;1989,98;149,55;0,6719;167,975;3;3;469;84;CHEGADA NA UNIDADE DE DESTINO;28/09/2026;N  ;          ;JOI002291-8 ;;00007979413555 ;00007979413555 ;Poliana da Silva Souza;Rua Tulipa;45;;Santa Luzia;SEABRA;46903715;BA;42260930621082000314570010000675451001521125 ;164,23;;001-DIVERSOS            ;42260921398314000164550010009831131139289435 ;30671704728301-30671704728750;
SEA;N;JOI067957-7;N;A.;     ;TBX IND, IMP E COMERCIO LTDA;TBX IND, IMP E COMERCIO LTDA;EDUARDO ARAUJO DE SOUZA;RUA FRANCISCO COSTA,440;SEABRA;VASCO FILHO;46904-105;08/10/2026;     23:59;983741;1118,24;56;0,2579;64,475;1;1;259;84;CHEGADA NA UNIDADE DE DESTINO;28/09/2026;N  ;          ;JOI002291-8 ;;00009891028585 ;00009891028585 ;Eduardo Araujo de Souza;Rua Francisco Costa;440;;Vasco Filho;SEABRA;46904105;BA;42260930621082000314570010000676951001524040 ;90,62;;001-DIVERSOS            ;42260921398314000164550010009837411139344204 ;30671705584319-30671705584593;
SEA;N;JOI067790-6;N;A.;     ;TBX IND, IMP E COMERCIO LTDA;TBX IND, IMP E COMERCIO LTDA;GEANE PEREIRA DE ALMEIDA;RUA JOSA LOURENAOO PINTO,664;SEABRA;NOSSA SENHORA DAS GRAAOAS;46906-550;07/10/2026;     23:59;982732;955,48;49,85;0,224;56;1;1;257;84;CHEGADA NA UNIDADE DE DESTINO;28/09/2026;N  ;          ;JOI002291-8 ;;00002296450547 ;00002296450547 ;Geane Pereira de Almeida;Rua JosA LourenAoo Pinto;664;;Nossa Senhora das GraAoas;SEABRA;46906550;BA;42260930621082000314570010000675001001520674 ;90,07;;001-DIVERSOS            ;42260921398314000164550010009827321139273117 ;30671704690640-30671704690814;
SER;N;JOI068097-4;N;A.;     ;TBX IND, IMP E COMERCIO LTDA;TBX IND, IMP E COMERCIO LTDA;TAMIRES LIMA SOUZA;RUA PEDRO PORTELA SOBRINHO,759;IRARA;PRA XIMO A DONA CHICA;44255-000;08/10/2026;     23:59;984652;1002,97;44;0,2099;52,475;1;1;199;84;CHEGADA NA UNIDADE DE DESTINO;28/09/2026;N  ;          ;JOI002291-8 ;;00005348049506 ;00005348049506 ;Tamires Lima Souza;Rua Pedro Portela Sobrinho;759;;PrA ximo a Dona Chica;IRARA;44255000;BA;42260930621082000314570010000678001001528639 ;69,55;;001-DIVERSOS            ;42260921398314000164550010009846521139450260 ;30671707799690-30671707799865;
SER;N;JOI067960-7;N;A.;     ;TBX IND, IMP E COMERCIO LTDA;TBX IND, IMP E COMERCIO LTDA;JOSA  UILSON FERREIRA DE SOUZA;TV GALDINO ALVES,170-B CASA TA RREA;EUCLIDES DA CUNHA;JEREMIAS;48500-000;08/10/2026;     23:59;983757;931,54;46,5;0,2387;59,675;1;1;257;84;CHEGADA NA UNIDADE DE DESTINO;28/09/2026;N  ;          ;JOI002291-8 ;;00002022542592 ;00002022542592 ;JosA  Uilson Ferreira de Souza;Tv Galdino Alves;170;B;Jeremias;EUCLIDES DA CUNHA;48500000;BA;42260930621082000314570010000676601001523693 ;90;;001-DIVERSOS            ;42260921398314000164550010009837571139346495 ;30671705586374-30671705586549;
SER;N;REC125313-1;N;B.;     ;DOCILE NORDESTE IND. E COM. DE;DOCILE NORDESTE IND. E COM. DE;A. C. DE A SEVERO EIRELI - EPP;AVENIDA ALMERINDO REHEN,573;EUCLIDES DA CUNHA;CENTRO;48500-000;08/09/2026;          ;   124757*;10621,16;412,69;1,63;412,69;120;120;729;34;CTE RETIDO NA ENTREGA;01/09/2026;N  ;          ;REC003052-0 ;;10371112000102 ;10371112000102 ;A. C. DE A SEVERO EIRELI - EPP;AVENIDA ALMERINDO REHEN;573;;CENTRO;EUCLIDES DA CUNHA;48500000;BA;26260830621082000152570020001247911001470867 ;473,97;;001-DIVERSOS            ;26260812020480000131550020001247571438772056 -26260812020480000131550020001247581938253594 ;30671674350618-30671674362102,30671674362240-30671674362904;-
SER;N;BGS001978-0;N;B.;     ;SIMONETTO ALIMENTOS LTDA - MAT;SIMONETTO ALIMENTOS LTDA - MAT;CRISPINA MATOS DE ARAUJO SANTO;R. JONAS CARVALHO, 179 CASA,0;SERRINHA;CENTRO;48700-000;14/10/2026;          ;463456;4570,05;314,8;0,9444;314,8;28;0;683;84;CHEGADA NA UNIDADE DE DESTINO;29/09/2026;N  ;          ;BGS000164-3 ;;03960000000121 ;03960000000121 ;CRISPINA MATOS DE ARAUJO SANTOS;R JONAS CARVALHO;179;CASA 0;CENTRO;SERRINHA;48700000;BA;43260930621082000403570010000019241001532841 ;238,98;;001-DIVERSOS            ;43260991519595000141550020004634561301322585 ;30671712336050-30671712338930;673968COND
SER;N;JOI067887-2;N;A.;     ;TBX IND, IMP E COMERCIO LTDA;TBX IND, IMP E COMERCIO LTDA;DEIVISSON DA SILVA LEITE;RUA JASMIM N,34-34 RUA DO FUNDO DO GALPA O DA MYLSISTEN INTERNET;SERRINHA;CENTRO;48700-000;06/10/2026;     23:59;983219;1088,46;47,2;0,2284;57,1;1;1;199;84;CHEGADA NA UNIDADE DE DESTINO;28/09/2026;N  ;          ;JOI002291-8 ;;00001960804529 ;00001960804529 ;Deivisson da Silva Leite;Rua jasmim n;34;34;Centro;SERRINHA;48700000;BA;42260930621082000314570010000675801001521477 ;69,76;;001-DIVERSOS            ;42260921398314000164550010009832191139295701 ;30671704810707-30671704810978;
SER;N;REC127117-2;N;A.;     ;BETTANIN INDUSTRIAL S/A;BETTANIN INDUSTRIAL S/A;SENDAS DISTRIBUIDORA 185;AV. LOMANTO JUNIOR MARGEM BR 116,SN;SERRINHA;CIDADE NOVA;48700-000;07/10/2026;07/1007:00;130470;13545,44;291,16;3,58;1074;72;72;1.166;15;ENTREGA AGENDADA PELO CLIENTE;24/09/2026;N  ;          ;REC003090-2 ;AGENDADO X ITINERANTE X PALETIZADO..;06057223040637 ;06057223040637 ;SENDAS DISTRIBUIDORA 185;AVENIDA LOMANTO JUNIOR MARGEM BR;116;SN;CIDADE NOVA;SERRINHA;48700000;BA;26260930621082000152570020001265991001529330 ;757,58;;001-DIVERSOS            ;26260989724447000206550000001304701642187510 ;30671710110189-30671710117480;87475697
SER;N;SSA129680-9;N;A.;     ;MARILAN ALIMENTOS S/A;MARILAN ALIMENTOS S/A;SENDAS DISTRIBUIDORA 185;AV. LOMANTO JUNIOR MARGEM BR 116,SN;SERRINHA;CIDADE NOVA;48700-000;07/10/2026;07/1007:00;22402;26206,49;1657,14;7,45;1657,14;5;0;2.841;15;ENTREGA AGENDADA PELO CLIENTE;02/10/2026;N  ;          ;           ;;06057223040637 ;06057223040637 ;SENDAS DISTRIBUIDORA 185;AV LOMANTO JUNIOR;SN;;CIDADE NOVA;SERRINHA;48700000;BA;29260930621082000233570030001275031001527898 ;929,43;;001-DIVERSOS            ;32260952034139002284550010000224021010292245 ;30671712056527-30671712057100;4000024146
SER;N;SSA130161-6;N;B.;     ;PIETROBON E CIA. LTDA.;PIETROBON E CIA. LTDA.;CRISPINA MATOS DE ARAUJO SANTO;R. JONAS CARVALHO, 179 CASA,0;SERRINHA;CENTRO;48700-000;13/10/2026;          ;1162269;7830,51;551;1,33;551;47;0;785;80;MERCADORIA RECEBIDA PARA TRANSPORTE;01/10/2026;N  ;          ;           ;;03960000000121 ;03960000000121 ;CRISPINA MATOS DE ARAUJO SANTOS;R JONAS CARVALHO;179;CASA 0;CENTRO;SERRINHA;48700000;BA;29261030621082000233570030001279651001547362 ;321,05;;001-DIVERSOS            ;43260997580260000115550010011622691383786069 ;30671718404859-30671718409618;1848418COND
SER;N;JOI067906-2;N;A.;     ;TBX IND, IMP E COMERCIO LTDA;TBX IND, IMP E COMERCIO LTDA;VANEZA RIBEIRO;RUA ANA C,255-SN PRA XIMO A ASSOCIAAOA O;CANDEAL;ANA CORDEIRO;48710-000;06/10/2026;     23:59;983364;709,06;49,85;0,224;56;1;1;198;84;CHEGADA NA UNIDADE DE DESTINO;28/09/2026;N  ;          ;JOI002291-8 ;;00010616184557 ;00010616184557 ;Vaneza Ribeiro;Rua Ana cordeiro;255;SN;Ana cordeiro;CANDEAL;48710000;BA;42260930621082000314570010000676961001524056 ;69,22;;001-DIVERSOS            ;42260921398314000164550010009833641139311023 ;30671705327800-30671705328045;
SER;N;BGS001977-1;N;B.;     ;SIMONETTO ALIMENTOS LTDA - MAT;SIMONETTO ALIMENTOS LTDA - MAT;M J DE ARAUJO CARNEIRO;RUA DUQUE DE CAXIAS, 211,0;CONCEICAO DO COITE;MARAJOARA;48730-000;14/10/2026;          ;463458;4692,21;370,41;1,1112;370,41;30;0;793;84;CHEGADA NA UNIDADE DE DESTINO;29/09/2026;N  ;          ;BGS000164-3 ;;11809715000106 ;11809715000106 ;M J DE ARAUJO CARNEIRO;RUA DUQUE DE CAXIAS;211;0;MARAJOARA;CONCEICAO DO COITE;48730000;BA;43260930621082000403570010000019211001532815 ;277,45;;001-DIVERSOS            ;43260991519595000141550020004634581329756878 ;30671712332837-30671712335952;674118COND
SER;N;REC127269-1;N;A.;     ;PINCEIS ATLAS SA;PINCEIS ATLAS SA;CONQUISTA OUTLET DAS TINTAS LT;R DIONISIO PINTO,48;CONCEICAO DO COITE;CENTRO;48730-000;09/10/2026;          ;306662;678,89;6,9;0,03;9;4;4;170;84;CHEGADA NA UNIDADE DE DESTINO;28/09/2026;N  ;          ;REC003095-3 ;;44596421000100 ;44596421000100 ;CONQUISTA OUTLET DAS TINTAS LTDA;R DIONISIO PINTO;48;;CENTRO;CONCEICAO DO COITE;48730000;BA;26260930621082000152570020001267511001532371 ;110,63;;001-DIVERSOS            ;26260989723837000768550000003066621654267471 ;30671712026300-30671712026882;87467192
SER;N;REC127294-2;N;A.;     ;PINCEIS ATLAS SA;PINCEIS ATLAS SA;ETEVALDO DA SILVA MENDES FILHO;RUA SENHORA SANTANA,24-CASA;CONCEICAO DO COITE;CENTRO;48730-000;09/10/2026;          ;   306746*;8632,48;83,58;0,33;99;14;14;204;84;CHEGADA NA UNIDADE DE DESTINO;28/09/2026;N  ;          ;REC003095-3 ;;03038470000132 ;03038470000132 ;ETEVALDO DA SILVA MENDES FILHO DE C;RUA SENHORA SANTANA;24;CASA;CENTRO;CONCEICAO DO COITE;48730000;BA;26260930621082000152570020001267761001534632 ;132,8;;001-DIVERSOS            ;26260989723837000768550000003067461801143110 -26260989723837000768550000003067531212328560 ;30671712879321-30671712880306,30671712880430-30671712881013;0087481515-0087481713
SER;N;REC127407-4;N;A.;     ;PINCEIS ATLAS SA;PINCEIS ATLAS SA;DAO MATERIAIS DE CONSTRUCAO LT;RUA ANTONIO ARAUJO,140-CASA;CONCEICAO DO COITE;SEDE;48730-000;13/10/2026;          ;306815;1491,19;25,05;0,25;75;8;8;177;84;CHEGADA NA UNIDADE DE DESTINO;30/09/2026;N  ;          ;REC003097-0 ;;13721964000170 ;13721964000170 ;DAO MATERIAIS DE CONSTRUCAO LTDA EP;RUA ANTONIO ARAUJO;140;CASA;SEDE;CONCEICAO DO COITE;48730000;BA;26260930621082000152570020001269121001538402 ;114,95;;001-DIVERSOS            ;26260989723837000768550000003068151017672694 ;30671714533394-30671714534280;87483410
SER;N;REC127419-8;N;A.;     ;PINCEIS ATLAS SA;PINCEIS ATLAS SA;JOSE FIRMINO CIA LTDA;RUA RUI BARBOSA,219-CASA;CONCEICAO DO COITE;CENTRO;48730-000;13/10/2026;          ;306898;7754,14;95,94;0,76;228;42;42;297;84;CHEGADA NA UNIDADE DE DESTINO;30/09/2026;N  ;          ;REC003097-0 ;;13955471000286 ;13955471000286 ;JOSE FIRMINO CIA LTDA;RUA RUI BARBOSA;219;CASA;CENTRO;CONCEICAO DO COITE;48730000;BA;26260930621082000152570020001269221001538506 ;193,07;;001-DIVERSOS            ;26260989723837000768550000003068981622780681 ;30671714629939-30671714634260;87486631
SER;N;REC127424-4;N;A.;     ;PINCEIS ATLAS SA;PINCEIS ATLAS SA;D T SILVA MATERIAIS DE CONSTRU;AV LUIZ EDUARDO MAGALHAES,588-CASA;CONCEICAO DO COITE;VILA TOIDE;48730-000;13/10/2026;          ;   306910*;21519,47;370,43;3;900;135;135;1.020;84;CHEGADA NA UNIDADE DE DESTINO;30/09/2026;N  ;          ;REC003097-0 ;;14051231000139 ;14051231000139 ;D T SILVA MATERIAIS DE CONSTRUCAO L TDA;AV LUIZ EDUARDO MAGALHAES;588;CASA;VILA TOIDE;CONCEICAO DO COITE;48730000;BA;26260930621082000152570020001269211001538495 ;663,27;;001-DIVERSOS            ;26260989723837000768550000003069111243556485 -26260989723837000768550000003069101392237716 ;30671714680383-30671714686651,30671714672803-30671714680246;0087486643-0087486642
SER;N;REC127436-8;N;A.;     ;PINCEIS ATLAS SA;PINCEIS ATLAS SA;CONQUISTA OUTLET DAS TINTAS LT;R DIONISIO PINTO,48;CONCEICAO DO COITE;CENTRO;48730-000;13/10/2026;          ;306954;5079,9;46,63;0,29;87;23;23;191;84;CHEGADA NA UNIDADE DE DESTINO;30/09/2026;N  ;          ;REC003097-0 ;;44596421000100 ;44596421000100 ;CONQUISTA OUTLET DAS TINTAS LTDA;R DIONISIO PINTO;48;;CENTRO;CONCEICAO DO COITE;48730000;BA;26260930621082000152570020001268771001538053 ;123,91;;001-DIVERSOS            ;26260989723837000768550000003069541818505765 ;30671714712116-30671714714510;87486658
SER;N;REC127431-7;N;A.;     ;PINCEIS ATLAS SA;PINCEIS ATLAS SA;TAUAN DA SILVA MIRANDA CORDEIR;AV LAGOA DO CANTO,905;RETIROLANDIA;CENTRO;48750-000;13/10/2026;          ;306950;2122,28;25,94;0,07;25,94;2;2;176;84;CHEGADA NA UNIDADE DE DESTINO;30/09/2026;N  ;          ;REC003097-0 ;;27650871000107 ;27650871000107 ;TAUAN DA SILVA MIRANDA CORDEIRO;AV LAGOA DO CANTO;905;;CENTRO;RETIROLANDIA;48750000;BA;26260930621082000152570020001268731001538011 ;114,67;;001-DIVERSOS            ;26260989723837000768550000003069501683505283 ;30671714702687-30671714702999;87486626
SER;N;JOI067918-6;N;A.;     ;TBX IND, IMP E COMERCIO LTDA;TBX IND, IMP E COMERCIO LTDA;BRENDA ALVES DE OLIVEIRA;TRAVESSA PRISCO PARAA SO,90;ARACI;CENTRO;48760-000;08/10/2026;     23:59;983483;1989,98;149,55;0,6719;167,975;3;3;469;84;CHEGADA NA UNIDADE DE DESTINO;28/09/2026;N  ;          ;JOI002291-8 ;;00086385156508 ;00086385156508 ;Brenda Alves de Oliveira;Travessa Prisco ParaA so;90;;Centro;ARACI;48760000;BA;42260930621082000314570010000676791001523881 ;164,23;;001-DIVERSOS            ;42260921398314000164550010009834831139316514 ;30671705335733-30671705336142;
SER;N;JOI068043-5;N;A.;     ;TBX IND, IMP E COMERCIO LTDA;TBX IND, IMP E COMERCIO LTDA;LAISE DE JESUS;RUA FERNANDO,51-DISTRIBUIDORA DE BEBIDAS;TEOFILANDIA;CENTRO;48770-000;09/10/2026;     23:59;984144;1094,96;47,2;0,2284;57,1;1;1;199;84;CHEGADA NA UNIDADE DE DESTINO;28/09/2026;N  ;          ;JOI002291-8 ;;00004835703545 ;00004835703545 ;Laise de Jesus;Rua Fernando Lopes;51;;Centro;TEOFILANDIA;48770000;BA;42260930621082000314570010000677351001526881 ;69,77;;001-DIVERSOS            ;42260921398314000164550010009841441139394485 ;30671706800554-30671706800729;
SER;N;REC127226-8;N;B.;     ;DOCILE NORDESTE IND. E COM. DE;DOCILE NORDESTE IND. E COM. DE;E.S. BRANDAO FERNANDES;PRACA MONSENHOR BERENGUER,NO 458;MONTE SANTO;CENTRO;48800-000;08/10/2026;          ;   125599*;3493,4;123,818;0,88;123,818;39;39;253;84;CHEGADA NA UNIDADE DE DESTINO;28/09/2026;N  ;          ;REC003095-3 ;;10341001000234 ;10341001000234 ;E.S. BRANDAO FERNANDES;PRACA MONSENHOR BERENGUER NO;458;;CENTRO;MONTE SANTO;48800000;BA;26260930621082000152570020001267061001531833 ;164,63;;001-DIVERSOS            ;26260912020480000131550020001255991864514551 -26260912020480000131550020001256001070944080 ;30671711546100-30671711549973,30671711550019-30671711550320;-
SER;N;SSA130174-8;N;..;     ;SCIENCELAB COMERCIO DE PRODUTO;SCIENCELAB COMERCIO DE PRODUTO;COOPERSABOR -COOP. REG. AGRI.;RUA: HELCIO CARDOSO DE MATOS,55;MONTE SANTO;CENTRO;48800-000;15/10/2026;          ;1563;4411,8;16;0,3963;118,89;1;0;240;80;MERCADORIA RECEBIDA PARA TRANSPORTE;02/10/2026;N  ;          ;           ;;21212321000120 ;21212321000120 ;COOPERSABOR -COOP. REG. AGRI.;RUA: HELCIO CARDOSO DE MATOS;55;;CENTRO;MONTE SANTO;48800000;BA;29261030621082000233570030001279811001548419 ;90;;001-DIVERSOS            ;29260932161577000171550010000015631000561460 ;30671719154422-30671719154600;
SER;N;BGS001987-9;N;B.;     ;SIMONETTO ALIMENTOS LTDA - MAT;SIMONETTO ALIMENTOS LTDA - MAT;ES BRANDAO FERNANDES;PRACA DOMINGOS MANOEL DE JESUS, 34,0;CANSANCAO;CENTRO;48840-000;15/10/2026;          ;463465;2402,65;178,65;0,5359;178,65;17;0;425;84;CHEGADA NA UNIDADE DE DESTINO;29/09/2026;N  ;          ;BGS000164-3 ;;10341001000153 ;10341001000153 ;ES BRANDAO FERNANDES;PRACA DOMINGOS MANOEL DE JESUS;34;0;CENTRO;CANSANCAO;48840000;BA;43260930621082000403570010000019341001532945 ;148,62;;001-DIVERSOS            ;43260991519595000141550020004634651605057929 ;30671712374388-30671712376169;674272COND
SER;N;JOI067805-8;N;A.;     ;TBX IND, IMP E COMERCIO LTDA;TBX IND, IMP E COMERCIO LTDA;WEVERTON DE OLIVEIRA LIMA;RUA IPI,SN-CASA DE REIZINHO DE BRAZILINO;SANTALUZ;PEREIRA;48880-000;07/10/2026;     23:59;982784;1334,04;99,7;0,4479;111,975;2;2;319;84;CHEGADA NA UNIDADE DE DESTINO;28/09/2026;N  ;          ;JOI002291-8 ;;00085843985547 ;00085843985547 ;Weverton de Oliveira Lima;Rua Ipiranga;SN;;Pereira;SANTALUZ;48880000;BA;42260930621082000314570010000675391001521063 ;111,49;;001-DIVERSOS            ;42260921398314000164550010009827841139275620 ;30671704695858-30671704696120;
SER;N;JOI068102-4;N;A.;     ;TBX IND, IMP E COMERCIO LTDA;TBX IND, IMP E COMERCIO LTDA;ELBER ALMEIDA MOTA JUNIOR;RUA PRINCESA ISA,17-PRA XIMO A DELEGACIA;VALENTE;DIONA SIO MOTA;48891-040;09/10/2026;     23:59;984695;835,48;59,25;0,2414;60,35;1;1;198;84;CHEGADA NA UNIDADE DE DESTINO;28/09/2026;N  ;          ;JOI002291-8 ;;00089154193591 ;00089154193591 ;Elber Almeida Mota Junior;Rua Princesa Isabel;17;;DionA sio Mota;VALENTE;48891040;BA;42260930621082000314570010000678141001528774 ;69,22;;001-DIVERSOS            ;42260921398314000164550010009846951139455294 ;30671708062952-30671708063197;
SER;N;JOI067880-5;N;A.;     ;TBX IND, IMP E COMERCIO LTDA;TBX IND, IMP E COMERCIO LTDA;IVANA MILEISE ARAUJO DA COSTA;RUA ANG,63-PRA XIMO A CASA DE SR GRACIAS;SAO DOMINGOS;CENTRO;48895-000;06/10/2026;     23:59;983145;709,06;49,85;0,224;56;1;1;198;84;CHEGADA NA UNIDADE DE DESTINO;28/09/2026;N  ;          ;JOI002291-8 ;;00085961911519 ;00085961911519 ;Ivana Mileise Araujo da Costa;RUA ANGELO PEREIRA DE MATOS;63;;Centro;SAO DOMINGOS;48895000;BA;42260930621082000314570010000675691001521364 ;69,22;;001-DIVERSOS            ;42260921398314000164550010009831451139290950 ;30671704736100-30671704736371;
SMF;N;999002215-2;N;B.;     ;DISTRIBUIDORA MEMPHIS LTDA. (B;DISTRIBUIDORA MEMPHIS LTDA. (B;RMIX COMERCIO DE GENEROS ALIME;V PERIFERICA SN,10;SIMOES FILHO;CIA SUL;43700-000;02/10/2026;          ;12822;11710,45;276;0;276;35;0;215;35;AGUARDANDO AGENDAMENTO DO CLIENTE;30/09/2026;N  ;          ;           ;;06337087001226 ;06337087001226 ;RMIX COMERCIO DE GENEROS ALIMENTICIOS LT;V DE PENETRACAO IV;331;LOJA 02;CIA SUL;SIMOES FILHO;43700000;BA;8130670003883904 ;100,8;;001-DIVERSOS            ;29260904781843000557550010000128221008212454 ;30671716773065-30671716776667;
SMF;N;MCZ129744-9;N;A3;     ;PANDURATA ALIMENTOS LTDA;PANDURATA ALIMENTOS LTDA;AMERICANAS S.A.;ESTRADA DO SEST SENAT,980-MOD GALP;SIMOES FILHO;CIA I;43700-000;06/10/2026;06/1007:00;126339;21955,56;707,546;3,155;946,5;4;0;801;15;ENTREGA AGENDADA PELO CLIENTE;30/09/2026;N  ;          ;MCZ000149-0 ;AGENDADO  X DEDICADO X BATIDO;00776574194767 ;00776574194767 ;AMERICANAS S.A.;EST DO SEST SENAT;908;;CIA I;SIMOES FILHO;43700000;BA;29260930621082000233570030001275691001530246 ;230,26;;001-DIVERSOS            ;27260970940994009249550200001263391798652702 ;30671713789507-30671713790005;1765656
SMF;N;MCZ129745-7;N;A3;     ;PANDURATA ALIMENTOS LTDA;PANDURATA ALIMENTOS LTDA;AMERICANAS S.A.;ESTRADA DO SEST SENAT,980-MOD GALP;SIMOES FILHO;CIA I;43700-000;06/10/2026;06/1007:00;126340;2380,5;135,18;0,39;135,18;1;0;105;15;ENTREGA AGENDADA PELO CLIENTE;30/09/2026;N  ;          ;MCZ000149-0 ;AGENDADO  X DEDICADO X BATIDO;00776574194767 ;00776574194767 ;AMERICANAS S.A.;EST DO SEST SENAT;908;;CIA I;SIMOES FILHO;43700000;BA;29260930621082000233570030001275701001530255 ;68;;001-DIVERSOS            ;27260970940994009249550200001263401125294350 ;30671713833057-30671713833221;1765656
SMF;N;MCZ129746-5;N;A3;     ;PANDURATA ALIMENTOS LTDA;PANDURATA ALIMENTOS LTDA;AMERICANAS S.A.;ESTRADA DO SEST SENAT,980-MOD GALP;SIMOES FILHO;CIA I;43700-000;30/09/2026;          ;126341;3999,36;95,454;0,954;286,2;1;0;245;35;AGUARDANDO AGENDAMENTO DO CLIENTE;25/09/2026;N  ;          ;MCZ000149-0 ;AGENDADO  X DEDICADO X BATIDO;00776574194767 ;00776574194767 ;AMERICANAS S.A.;EST DO SEST SENAT;908;;CIA I;SIMOES FILHO;43700000;BA;29260930621082000233570030001275711001530260 ;55;;001-DIVERSOS            ;27260970940994009249550200001263411434867212 ;30671713832785-30671713832950;1765656
SMF;N;MCZ129757-1;N;A3;     ;PANDURATA ALIMENTOS LTDA;PANDURATA ALIMENTOS LTDA;AMERICANAS S.A.;ESTRADA DO SEST SENAT,980-MOD GALP;SIMOES FILHO;CIA I;43700-000;30/09/2026;          ;126352;101317,17;2421,588;21,66;6498;16;0;5.438;35;AGUARDANDO AGENDAMENTO DO CLIENTE;25/09/2026;N  ;          ;MCZ000150-3 ;AGENDADO  X DEDICADO X BATIDO;00776574194767 ;00776574194767 ;AMERICANAS S.A.;EST DO SEST SENAT;908;;CIA I;SIMOES FILHO;43700000;BA;29260930621082000233570030001275831001530482 ;744,48;;001-DIVERSOS            ;27260970940994009249550200001263521524875102 ;30671713836796-30671713838430;
SMF;N;MCZ129758-9;N;A3;     ;PANDURATA ALIMENTOS LTDA;PANDURATA ALIMENTOS LTDA;AMERICANAS S.A.;ESTRADA DO SEST SENAT,980-MOD GALP;SIMOES FILHO;CIA I;43700-000;10/10/2026;10/1007:00;126353;123481;1859,92;12,73;3819;670;0;3.229;15;ENTREGA AGENDADA PELO CLIENTE;30/09/2026;N  ;          ;MCZ000150-3 ;AGENDADO  X DEDICADO X BATIDO;00776574194767 ;00776574194767 ;AMERICANAS S.A.;EST DO SEST SENAT;908;;CIA I;SIMOES FILHO;43700000;BA;29260930621082000233570030001275841001530498 ;575,98;;001-DIVERSOS            ;27260970940994009249550200001263531619387390 ;30671711047082-30671711114165;
SMF;N;MCZ129814-3;N;A3;     ;PANDURATA ALIMENTOS LTDA;PANDURATA ALIMENTOS LTDA;AMERICANAS S.A.;ESTRADA DO SEST SENAT,980-MOD GALP;SIMOES FILHO;CIA I;43700-000;10/10/2026;10/1007:00;126407;57133;837;5,89;1767;310;0;1.497;15;ENTREGA AGENDADA PELO CLIENTE;30/09/2026;N  ;          ;MCZ000151-1 ;AGENDADO  X DEDICADO X BATIDO;00776574194767 ;00776574194767 ;AMERICANAS S.A.;EST DO SEST SENAT;908;;CIA I;SIMOES FILHO;43700000;BA;29260930621082000233570030001276371001533379 ;269,1;;001-DIVERSOS            ;27260970940994009249550200001264071349395798 ;30671712564500-30671712595613;1770799
SMF;N;MCZ129815-1;N;A3;     ;PANDURATA ALIMENTOS LTDA;PANDURATA ALIMENTOS LTDA;AMERICANAS S.A.;ESTRADA DO SEST SENAT,980-MOD GALP;SIMOES FILHO;CIA I;43700-000;10/10/2026;10/1007:00;126408;65426,5;958,5;6,745;2023,5;355;0;1.714;15;ENTREGA AGENDADA PELO CLIENTE;30/09/2026;N  ;          ;MCZ000151-1 ;AGENDADO  X DEDICADO X BATIDO;00776574194767 ;00776574194767 ;AMERICANAS S.A.;EST DO SEST SENAT;908;;CIA I;SIMOES FILHO;43700000;BA;29260930621082000233570030001276381001533384 ;305,55;;001-DIVERSOS            ;27260970940994009249550200001264081685899671 ;30671712595750-30671712631378;1770799
SMF;N;REC127362-1;N;B.;     ;ALUKENTI EMBALAGENS LTDA.;ALUKENTI EMBALAGENS LTDA.;RMIX COMERCIO DE GENEROS ALIME;V PERIFERICA SN,10;SIMOES FILHO;CIA SUL;43700-000;09/10/2026;09/1007:00;95058;28684,28;660,616;0;660,616;266;266;807;15;ENTREGA AGENDADA PELO CLIENTE;02/10/2026;N  ;          ;REC003095-3 ;;06337087001226 ;06337087001226 ;RMIX COMERCIO DE GENEROS ALIMENTICIOS LT;V DE PENETRACAO IV;331;LOJA 02;CIA SUL;SIMOES FILHO;43700000;BA;26260930621082000152570020001268451001536022 ;444,11;;001-DIVERSOS            ;26260908867557000136550010000950581744035095 ;30671713987823-30671714014540;
SMF;N;REC127384-1;N;A.;     ;SANREMO SA;SANREMO SA;HIPERIDEAL EMPREENDIMENTOS LTD;VIA PERIFERICA I PENETRACAO,24;SIMOES FILHO;CENTRO;43700-000;06/10/2026;06/1007:00;190703;30359,44;488,88;4,73;1419;218;218;1.084;84;CHEGADA NA UNIDADE DE DESTINO;01/10/2026;N  ;          ;REC003098-8 ;CLIENTE AGENDADO;02212937000407 ;02212937000407 ;HIPERIDEAL EMPREENDIMENTOS LTDA;VIA PERIFERICA I PENETRACAO;2410;SN;CIA;SIMOES FILHO;43700000;BA;26260930621082000152570020001268671001537328 ;596,15;;001-DIVERSOS            ;26260989738173000549550000001907031132355325 ;30671714228198-30671714250095;87487183
SMF;N;REC127388-4;N;A.;     ;BETTANIN INDUSTRIAL S/A;BETTANIN INDUSTRIAL S/A;RMIX COMERCIO DE GENEROS ALIME;V PERIFERICA SN,10;SIMOES FILHO;CIA SUL;43700-000;06/10/2026;06/1007:00;   130607*;127674,3;2510,11;23,02;6906;686;685;5.046;50;FALTA DE VOLUME;01/10/2026;N  ;          ;REC003098-8 ;;06337087001226 ;06337087001226 ;RMIX COMERCIO DE GENEROS ALIMENTICIOS LT;V DE PENETRACAO IV;331;LOJA 02;CIA SUL;SIMOES FILHO;43700000;BA;26260930621082000152570020001268711001537363 ;2.775,17;;001-DIVERSOS            ;26260989724447000206550000001306081688718067 -26260989724447000206550000001306071462175812 ;30671714346153-30671714351896,30671714282922-30671714346016;0087485873-0087483142
SMF;N;REC127397-3;N;A.;     ;BETTANIN INDUSTRIAL S/A;BETTANIN INDUSTRIAL S/A;RMIX COMERCIO DE GENEROS ALIME;V PERIFERICA SN,10;SIMOES FILHO;CIA SUL;43700-000;06/10/2026;06/1007:00;130663;3494,62;55,82;0,91;273;56;56;233;15;ENTREGA AGENDADA PELO CLIENTE;30/09/2026;N  ;          ;REC003097-0 ;;06337087001226 ;06337087001226 ;RMIX COMERCIO DE GENEROS ALIMENTICIOS LT;V DE PENETRACAO IV;331;LOJA 02;CIA SUL;SIMOES FILHO;43700000;BA;26260930621082000152570020001269001001538282 ;127,88;;001-DIVERSOS            ;26260989724447000206550000001306631989641871 ;30671714427262-30671714432909;87488466
SMF;N;REC127400-7;N;A.;     ;BETTANIN INDUSTRIAL S/A;BETTANIN INDUSTRIAL S/A;HIPERIDEAL EMPREENDIMENTOS LTD;VIA PERIFERICA I PENETRACAO,24;SIMOES FILHO;CENTRO;43700-000;06/10/2026;06/1007:00;   130657*;6115,55;91,2;1,44;432;26;26;347;15;ENTREGA AGENDADA PELO CLIENTE;30/09/2026;N  ;          ;REC003097-0 ;CLIENTE AGENDADO..;02212937000407 ;02212937000407 ;HIPERIDEAL EMPREENDIMENTOS LTDA;VIA PERIFERICA I PENETRACAO;2410;SN;CIA;SIMOES FILHO;43700000;BA;26260930621082000152570020001269041001538320 ;190,62;;001-DIVERSOS            ;26260989724447000206550000001306581266329453 -26260989724447000206550000001306571030687456 ;30671714493454-30671714494175,30671714491224-30671714493317;0087488133-0087488131
SMF;N;REC127448-1;N;A.;     ;BETTANIN INDUSTRIAL S/A;BETTANIN INDUSTRIAL S/A;HIPERIDEAL EMPREENDIMENTOS LTD;VIA PERIFERICA I PENETRACAO,24;SIMOES FILHO;CENTRO;43700-000;06/10/2026;06/1007:00;130656;3269,94;66,4;0,8;240;22;22;210;15;ENTREGA AGENDADA PELO CLIENTE;30/09/2026;N  ;          ;REC003097-0 ;CLIENTE AGENDADO..;02212937000407 ;02212937000407 ;HIPERIDEAL EMPREENDIMENTOS LTDA;VIA PERIFERICA I PENETRACAO;2410;SN;CIA;SIMOES FILHO;43700000;BA;26260930621082000152570020001269311001538599 ;115,5;;001-DIVERSOS            ;26260989724447000206550000001306561184164987 ;30671714748927-30671714751206;87488130
SMF;N;SSN005748-7;N;B.;     ;CONDOR S.A.;CONDOR S.A.;AMERICANAS S.A.;ESTRADA DO SEST SENAT,980-MOD GALP;SIMOES FILHO;CIA I;43700-000;05/10/2026;          ;  1035227*;54647,82;378,16;3,14;942;2;2;804;35;AGUARDANDO AGENDAMENTO DO CLIENTE;01/10/2026;N  ;          ;           ;AGENDADO  X DEDICADO X BATIDO;00776574194767 ;00776574194767 ;AMERICANAS S.A.;ESTRADA DO SEST SENAT;980;MOD GALP;CIA I;SIMOES FILHO;43700000;BA;8130670003887578 ;374,17;;001-DIVERSOS            ;42260986046448000161550050010352271037217482 -42260986046448000161550050010352281135037613 ;30671719495816-30671719496198,00000000000000-00000000000000;-
SMF;N;REC127289-6;N;A.;     ;BETTANIN INDUSTRIAL S/A;BETTANIN INDUSTRIAL S/A;NOVO MIX ATACADO DE ALIMENTOS;CJ BA535,19661-KM 19 6;SIMOES FILHO;GOES CALMON;43709-360;01/10/2026;01/1007:00;130561;48909,99;871,86;7,41;2223;7;354;1.680;52;RETENCAO INDEVIDA;01/10/2026;N  ;          ;REC003095-3 ;AGENDADA..;27326415000106 ;27326415000106 ;NOVO MIX ATACADO DE ALIMENTOS;CJ BA535,19661-KM 19 6 ;;;GOES CALMON;SIMOES FILHO;43709360;BA;26260930621082000152570020001267731001534606 ;924,06;;001-DIVERSOS            ;26260989724447000206550000001305611752879617 ;30671717839591-30671717840398;87480666
SMF;N;REC127398-1;N;A.;     ;BETTANIN INDUSTRIAL S/A;BETTANIN INDUSTRIAL S/A;NOVO MIX ATACADO DE ALIMENTOS;CJ BA535,19661-KM 19 6;SIMOES FILHO;GOES CALMON;43709-360;01/10/2026;01/1007:00;130665;6674,8;117,52;1,52;456;2;108;364;52;RETENCAO INDEVIDA;01/10/2026;N  ;          ;REC003097-0 ;AGENDADA..;27326415000106 ;27326415000106 ;NOVO MIX ATACADO DE ALIMENTOS;CJ BA535,19661-KM 19 6 ;;;GOES CALMON;SIMOES FILHO;43709360;BA;26260930621082000152570020001269021001538309 ;200,42;;001-DIVERSOS            ;26260989724447000206550000001306651244971823 ;30671717840425-30671717840737;87488470
SMF;N;SSN005740-1;N;B.;     ;GDC ALIMENTOS S/A;GDC ALIMENTOS S/A;NOVO MIX ATACADO DE ALIMENTOS;CJ BA535,19661-KM 19 6;SIMOES FILHO;GOES CALMON;43709-360;06/10/2026;          ;31427;154447,48;4686,54;0;4686,54;10;0;1.883;35;AGUARDANDO AGENDAMENTO DO CLIENTE;30/09/2026;N  ;          ;           ;AGENDADA..;27326415000106 ;27326415000106 ;NOVO MIX ATACADO DE ALIMENTOS;CJ BA535,19661-KM 19 6 ;;;GOES CALMON;SIMOES FILHO;43709360;BA;8130670003884200 ;1.451,52;;001-DIVERSOS            ;25260902279324002260550010000314271327372296 ;30671717997529-30671717998699;30194503
SMF;N;999002323-0;N;B.;     ;JANILI MONTEIRO LIMA          ;DISTRIBUIDORA MEMPHIS LTDA. (B;DISTRIBUIDORA MEMPHIS LTDA. (B;ACESSO 2 BR-324 QUADRA 02 LOTE 52,178;SIMOES FILHO;CIA SUL;43721-765;05/10/2026;          ;4931632;147,9;4,7;0;4,7;1;0;109;17;INFORMATIVA;01/10/2026;N  ;          ;           ;;04781843000557 ;04781843000557 ;DISTRIBUIDORA MEMPHIS LTDA. (BA);ACESSO;2;BR 324 QUADRA 02 LOTE 52 178;CIA SUL;SIMOES FILHO;43721765;BA;8130670003888345 ;55;;001-DIVERSOS            ;29261018982415000173550010049316321043741858 ;30671718379707-30671718379978;
SMF;N;AJU113630-5;N;B.;     ;DISTRIBUIDORA SUPER AMIGOS LTD;SIMONETTO ALIMENTOS LTDA - MAT;SIMONETTO ALIMENTOS LTDA - MAT;AURELIO SOSSELLA,98;SIMOES FILHO;SAO CRISTOVAO;43721-765;02/02/2026;          ;8725;575,16;1;0;1;4;0;43;27;DEVOLUCAO AUTORIZADA;30/01/2026;N  ;          ;AJU000021-3 ;;91519595000141 ;30621082000233 ;BNRV TRANSPORTE DE CARGAS LTDA;ACESSO II BR;324;QD 2 GP C 01 178;CIA SUL;SIMOES FILHO;43721765;BA;26260130621082000152570020001132011001008910 ;0,01;;001-DIVERSOS            ;28251148626911000155550010000087251291817250 ;30671438876798-30671438877234;
SMF;N;FS1117859-8;N;..;     ;DISTRIB DE PRODUTOS ALIMENTICI;OXFORD PORCELANAS SUDESTE LTDA;OXFORD PORCELANAS SUDESTE LTDA;AVENIDA CEM, MODULOS 10 A 16, QUADRA 0,0;SIMOES FILHO;TERMINAL INTERMODAL DA SERRA;43721-765;26/03/2026;          ;449793;246,61;2,64;0;2,64;1;0;0;17;INFORMATIVA;27/03/2026;N  ;          ;FS1000126-1 ;;12390523000170 ;30621082000233 ;BNRV TRANSPORTE DE CARGAS LTDA;AC;2;BR 324 QD 2 LT 52 GP 1 C 178;CIA SUL;SIMOES FILHO;43721765;BA;29260330621082000233570030001157971001128848 ;0,01;;001-DIVERSOS            ;29260103705630000583550010004497931158627722 ;30671499149214-30671499149499;
SMF;N;FS1117867-9;N;C.;     ;SIGMOVE TRANSPORTES LTDA;BNRV TRANSPORTE DE CARGAS LTDA;BNRV TRANSPORTE DE CARGAS LTDA;ACESSO A,00201;SIMOES FILHO;CIA SUL;43721-765;26/03/2026;          ;    64181*;0,06;98;0;98;101;0;0;84;CHEGADA NA UNIDADE DE DESTINO;20/03/2026;N  ;          ;FS1000127-9 ;;30621082000233 ;30621082000233 ;BNRV TRANSPORTE DE CARGAS LTDA;ACESSO A;201;;CIA SUL;SIMOES FILHO;43700000;BA;29260330621082000233570030001158051001129058 ;0,01;;001-DIVERSOS            ; - - - - - ;30671499213007-30671499217508,30671499212084-30671499212900,30671499207753-30671499211987,30671499207441-30671499207616,30671499207130-30671499207304,30671499206381-30671499207006;-----
SMF;N;FS1126701-9;N;C.;     ;SIGMOVE TRANSPORTES LTDA;BNRV TRANSPORTE DE CARGAS LTDA;BNRV TRANSPORTE DE CARGAS LTDA;ACESSO A,00201;SIMOES FILHO;CIA SUL;43721-765;31/07/2026;          ;289606;0,01;2;0;2;1;0;0;84;CHEGADA NA UNIDADE DE DESTINO;29/07/2026;N  ;          ;FS1000160-1 ;;30621082000233 ;30621082000233 ;BNRV TRANSPORTE DE CARGAS LTDA;ACESSO A;201;;CIA SUL;SIMOES FILHO;43700000;BA;29260730621082000233570030001245651001412553 ;0,01;;001-DIVERSOS            ; ;30671644163210-30671644163494;
SMF;N;FS1126707-8;N;C.;     ;SIGMOVE TRANSPORTES LTDA;BNRV TRANSPORTE DE CARGAS LTDA;BNRV TRANSPORTE DE CARGAS LTDA;ACESSO A,00201;SIMOES FILHO;CIA SUL;43721-765;31/07/2026;          ;184752;0,01;4;0;4;4;0;0;84;CHEGADA NA UNIDADE DE DESTINO;29/07/2026;N  ;          ;FS1000160-1 ;;30621082000233 ;30621082000233 ;BNRV TRANSPORTE DE CARGAS LTDA;ACESSO A;201;;CIA SUL;SIMOES FILHO;43700000;BA;29260730621082000233570030001245711001413190 ;0,01;;001-DIVERSOS            ; ;30671644177695-30671644178131;
SMF;N;FS1126710-8;N;C.;     ;SIGMOVE TRANSPORTES LTDA;BNRV TRANSPORTE DE CARGAS LTDA;BNRV TRANSPORTE DE CARGAS LTDA;ACESSO A,00201;SIMOES FILHO;CIA SUL;43721-765;31/07/2026;          ;124945;0,01;2;0;2;1;0;0;84;CHEGADA NA UNIDADE DE DESTINO;29/07/2026;N  ;          ;FS1000160-1 ;;30621082000233 ;30621082000233 ;BNRV TRANSPORTE DE CARGAS LTDA;ACESSO A;201;;CIA SUL;SIMOES FILHO;43700000;BA;29260730621082000233570030001245731001413217 ;0,01;;001-DIVERSOS            ; ;30671644178920-30671644179164;
SMF;N;FS1126711-6;N;C.;     ;SIGMOVE TRANSPORTES LTDA;BNRV TRANSPORTE DE CARGAS LTDA;BNRV TRANSPORTE DE CARGAS LTDA;ACESSO A,00201;SIMOES FILHO;CIA SUL;43721-765;31/07/2026;          ;288295;0,01;2;0;2;1;0;0;84;CHEGADA NA UNIDADE DE DESTINO;29/07/2026;N  ;          ;FS1000160-1 ;;30621082000233 ;30621082000233 ;BNRV TRANSPORTE DE CARGAS LTDA;ACESSO A;201;;CIA SUL;SIMOES FILHO;43700000;BA;29260730621082000233570030001245741001413222 ;0,01;;001-DIVERSOS            ; ;30671644179205-30671644179476;
SMF;N;FS1127658-1;N;C.;     ;SUPER LOJAO DO BEBE LTDA;PLASUTIL INDUSTRIA E COMERCIO;PLASUTIL INDUSTRIA E COMERCIO;RUA JOSE PINHEIRO DE GOES,435;SIMOES FILHO;DISTRITO INDUSTRIAL;43721-765;19/08/2026;          ;  1274709*;12533,18;230,229;4,717;1415,1;95;0;867;27;DEVOLUCAO AUTORIZADA;26/08/2026;N  ;          ;FS1000166-0 ;;56450877000309 ;30621082000233 ;BNRV TRANSPORTE DE CARGAS LTDA;ACESSO II BR;324;QD 2 GP C 01 178;CIA SUL;SIMOES FILHO;43721765;BA;29260830621082000233570030001255011001452858 ;0,01;;001-DIVERSOS            ;35260756450877000309550010012747091023167975 -35260756450877000309550010012747101023203590 ;30671663540140-30671663549369,30671663549400-30671663549982;-
SMF;N;SSA111276-7;N;B.;     ;SENDAS DISTRIBUIDORA 914;GDC ALIMENTOS S/A;GDC ALIMENTOS S/A;RODOVIA BR ,SN-SALA GP G236 LOTE 19 E 20;SIMOES FILHO;CENTRO;43721-765;07/01/2026;          ;    21775*;439318,3;10974,79;0;10974,79;1.446;0;0;27;DEVOLUCAO AUTORIZADA;30/12/2025;N  ;          ;           ;;02279324002260 ;30621082000233 ;BNRV TRANSPORTE DE CARGAS LTDA;ACESSO II BR;324;QD 2 GP C 01 178;CIA SUL;SIMOES FILHO;43721765;BA;29251230621082000233570030001092991000952244 ;0,01;;001-DIVERSOS            ; - - - - - ;30671413544747-30671413562695,30671413563755-30671413640689,30671413562722-30671413563618,30671413533702-30671413544600,30671413507928-30671413533661,30671413494929-30671413507890;-----
SMF;N;SSA123972-4;N;B2;JIKBF;BYD AUTO DO BRASIL LTDA;AVIOES TRANSPORTES LTDA;86 MAQUINAS AGRICOLAS JACTO S.;RUA DR. LUIZ MIRANDA,1800;SIMOES FILHO;PIRAJA;43721-765;09/06/2026;          ;14436;36137,5;0,001;0;0,001;1;0;224;27;DEVOLUCAO AUTORIZADA;03/06/2026;N  ;          ;           ;;55064562000786 ;30621082000233 ;BNRV TRANSPORTE DE CARGAS LTDA;ACESSO II BR;324;QD 2 GP C 01 178;CIA SUL;SIMOES FILHO;43721765;BA;29260630621082000233570030001218591001299589 ;55;;001-DIVERSOS            ;35260455064562000786550020000144361220028195 ;23301397504692-23301397504867;
SMF;N;SSA130164-1;N;A.;     ;COMPRE FACIL SUPERMERCADO LTDA;MARILAN ALIMENTOS S/A;MARILAN ALIMENTOS S/A;AV ALCACIBAS FURTADO,800-GALPAO01;SIMOES FILHO;CANAA;43721-765;09/10/2026;          ;6284;89,97;1;0;1;24;0;0;80;MERCADORIA RECEBIDA PARA TRANSPORTE;02/10/2026;N  ;          ;           ;;52034139002284 ;30621082000233 ;BNRV TRANSPORTE DE CARGAS LTDA;ACESSO II BR;324;QD 2 GP C 01 178;CIA SUL;SIMOES FILHO;43721765;BA;29261030621082000233570030001279721001547723 ;0,01;;001-DIVERSOS            ;29260902594348000180550000000062841281117255 ;30671719030051-30671719032593;
SMF;N;SSA130166-7;N;A.;     ;COMERCIO DE ALIMENTOS PAGUE ME;MARILAN ALIMENTOS S/A;MARILAN ALIMENTOS S/A;AV ALCACIBAS FURTADO,800-GALPAO01;SIMOES FILHO;CANAA;43721-765;09/10/2026;          ;45;319,49;1;0;1;1;0;0;27;DEVOLUCAO AUTORIZADA;02/10/2026;N  ;          ;           ;;52034139002284 ;30621082000233 ;BNRV TRANSPORTE DE CARGAS LTDA;ACESSO II BR;324;QD 2 GP C 01 178;CIA SUL;SIMOES FILHO;43721765;BA;29261030621082000233570030001279731001547941 ;0,01;;001-DIVERSOS            ;29260959074980000110550010000000451217086450 ;30671719085600-30671719085870;
SMF;N;SSA130167-5;N;A.;     ;WMS SUPERMERCADOS DO BRASIL LT;MARILAN ALIMENTOS S/A;MARILAN ALIMENTOS S/A;AV ALCACIBAS FURTADO,800-GALPAO01;SIMOES FILHO;CANAA;43721-765;09/10/2026;          ;43527;118,81;5,859;0;5,859;12;0;0;27;DEVOLUCAO AUTORIZADA;02/10/2026;N  ;          ;           ;;52034139002284 ;30621082000233 ;BNRV TRANSPORTE DE CARGAS LTDA;ACESSO II BR;324;QD 2 GP C 01 178;CIA SUL;SIMOES FILHO;43721765;BA;29261030621082000233570030001279741001548260 ;0,01;;001-DIVERSOS            ;29260993209765054713551010000435271751921838 ;30671719127005-30671719128340;
SMF;N;SSA130168-3;N;A.;     ;WMS SUPERMERCADO DO BRASIL LTD;MARILAN ALIMENTOS S/A;MARILAN ALIMENTOS S/A;AV ALCACIBAS FURTADO,800-GALPAO01;SIMOES FILHO;CANAA;43721-765;07/10/2026;          ;49668;534,66;26,37;0;26,37;3;0;0;27;DEVOLUCAO AUTORIZADA;02/10/2026;N  ;          ;           ;;52034139002284 ;30621082000233 ;BNRV TRANSPORTE DE CARGAS LTDA;ACESSO II BR;324;QD 2 GP C 01 178;CIA SUL;SIMOES FILHO;43721765;BA;29261030621082000233570030001279751001548276 ;0,01;;001-DIVERSOS            ;29260993209765053660551010000496681751921835 ;30671719128487-30671719128826;
SMF;N;SSN004577-2;N;..;     ;MELISSA FRANCA CORDEIRO;SNT LOG LTDA;BNRV TRANSPORTE DE CARGAS LTDA;ACESSO A,00201;SIMOES FILHO;CIA SUL;43721-765;02/01/2026;          ;464666;905,27;129;0;129;4;0;0;27;DEVOLUCAO AUTORIZADA;06/01/2026;N  ;          ;           ;;30621082000233 ;30621082000233 ;BNRV TRANSPORTE DE CARGAS LTDA;ACESSO II BR;324;QD 2 GP C 01 178;CIA SUL;SIMOES FILHO;43721765;BA;8130670003179492 ;0,01;;001-DIVERSOS            ; ;30671413467813-30671413468360;
SMF;N;SSN004595-1;N;.1;GEXJO;JUACI NUNES DOS SANTOS;SNT LOG LTDA;INFOAR COMERCIO E SERVICOS EM ;RUA IDALINO CARVALHO,SN-GALPAO 1;SIMOES FILHO;PARQUE INDUSTRIAL;43721-765;07/01/2026;          ;2584230;1047,13;21,3;0;21,3;1;0;62;27;DEVOLUCAO AUTORIZADA;27/02/2026;N  ;          ;           ;;08584116000470 ;30621082000233 ;BNRV TRANSPORTE DE CARGAS LTDA;ACESSO II BR;324;QD 2 GP C 01 178;CIA SUL;SIMOES FILHO;43721765;BA;8130670003185841 ;55;;001-DIVERSOS            ;32251208584116000470550030025842301202344403 ;41290356050400-41290356050671;
SMF;N;SSN004713-9;N;B2;JIKBF;CAMILLE DOS SANTOS FREITAS;AVIOES TRANSPORTES LTDA;MAXI DO BRASIL ECOMMERCE LTDA;RUA AUGUSTO,334-MAXI DO BRASIL;SIMOES FILHO;DISTRITO INDUSTRIAL MARCIANO D;43721-765;28/01/2026;          ;15285;1200,82;128,9;0;128,9;4;0;80;27;DEVOLUCAO AUTORIZADA;26/01/2026;N  ;          ;           ;;52185308000152 ;30621082000233 ;BNRV TRANSPORTE DE CARGAS LTDA;ACESSO II BR;324;QD 2 GP C 01 178;CIA SUL;SIMOES FILHO;43721765;BA;8130670003236437 ;68;;001-DIVERSOS            ;35250752185308000152550020000152851093633962 ;23301224774836-23301224775382;
SMF;N;SSN004807-1;N;.1;GEXJO;FABRICIO DE MORAIS;SNT LOG LTDA;INFOAR COMERCIO E SERVICOS EM ;RUA IDALINO CARVALHO,SN-GALPAO 1;SIMOES FILHO;PARQUE INDUSTRIAL;43721-765;19/02/2026;          ;2606024;1306,19;33;0;33;1;0;62;27;DEVOLUCAO AUTORIZADA;16/02/2026;N  ;          ;           ;;08584116000470 ;30621082000233 ;BNRV TRANSPORTE DE CARGAS LTDA;ACESSO II BR;324;QD 2 GP C 01 178;CIA SUL;SIMOES FILHO;43721765;BA;8130670003298521 ;55;;001-DIVERSOS            ;32260108584116000470550030026060241731857161 ;41290359613382-41290359613557;
SMF;N;SSN004895-0;N;B2;JIKBF;538578 - 43.074.824 AMANDA DE ;AVIOES TRANSPORTES LTDA;CASSINI E MOREIRA COMERCIO DE;AVENIDA NILO PANDOLPHI,4470;SIMOES FILHO;INDUSTRIAL ALTO MIRASSOL;43721-765;05/03/2026;          ;1083852;768,54;44;0;44;1;0;39;27;DEVOLUCAO AUTORIZADA;03/03/2026;N  ;          ;           ;;15482241000191 ;30621082000233 ;BNRV TRANSPORTE DE CARGAS LTDA;ACESSO II BR;324;QD 2 GP C 01 178;CIA SUL;SIMOES FILHO;43721765;BA;8130670003338671 ;55;;001-DIVERSOS            ;35260115482241000191550010010838521306988488 ;23301239940380-23301239940555;
SMF;N;SSN005164-1;N;B2;JIKBF;ANA PAULA MATTOS;AVIOES TRANSPORTES LTDA;J A OUTLET COMERCIO DE MOVEIS;RUA CIDADAO JOAO NOVAES,147;SIMOES FILHO;CENTRO;43721-765;15/04/2026;          ;3784;900;28;0;28;1;0;43;27;DEVOLUCAO AUTORIZADA;13/04/2026;N  ;          ;           ;;47308858000181 ;30621082000233 ;BNRV TRANSPORTE DE CARGAS LTDA;ACESSO II BR;324;QD 2 GP C 01 178;CIA SUL;SIMOES FILHO;43721765;BA;8130670003445842 ;55;;001-DIVERSOS            ;35251147308858000181550010000037841000039517 ;23301322758959-23301322759193;
SMF;N;SSN005352-0;N;B2;JIKBF;CLINICA DE GINECOLOGIA MINIMAM;AVIOES TRANSPORTES LTDA;MENEGAZZI ARTIGOS DE DECORACAO;AVENIDA MALASIA,1420;SIMOES FILHO;JARDIM PANORAMA;43721-765;03/06/2026;          ;182325;4240,4;52,5;0;52,5;2;0;42;27;DEVOLUCAO AUTORIZADA;29/05/2026;N  ;          ;           ;;08391279000193 ;30621082000233 ;BNRV TRANSPORTE DE CARGAS LTDA;ACESSO II BR;324;QD 2 GP C 01 178;CIA SUL;SIMOES FILHO;43721765;BA;8130670003574600 ;55;;001-DIVERSOS            ;35260308391279000193550010001823251743488207 ;23301388501619-23301388501920;
SMF;N;SSN005371-6;N;B2;JIKBF;RMIX COMERCIO DE GENEROS ALIME;AVIOES TRANSPORTES LTDA;MOINHOS UNIDOS BRAZIL MATE S.A;RUA PREFEITO EURIPEDES DE ,105-BOTIATUBA;SIMOES FILHO;BOTIATUBA;43721-765;09/06/2026;          ;324968;100;1;0;1;1;0;39;27;DEVOLUCAO AUTORIZADA;03/06/2026;N  ;          ;           ;;76496702000170 ;30621082000233 ;BNRV TRANSPORTE DE CARGAS LTDA;ACESSO II BR;324;QD 2 GP C 01 178;CIA SUL;SIMOES FILHO;43721765;BA;8130670003588511 ;55;;001-DIVERSOS            ;29260406337087001226550010003249681279916142 ;23301396750499-23301396750663;
SMF;N;SSN005372-4;N;B2;JIKBF;EMPREENDIMENTOS PAGUE MENOS S/;AVIOES TRANSPORTES LTDA;MMC INDUSTRIA DE PRODUTOS NUTR;RUA ERMELINDO GIACOMO MOMOLI,0;SIMOES FILHO;LOTEAMENTO MONTREAL;43721-765;09/06/2026;          ;41217;1135,45;100;0;100;216;0;118;27;DEVOLUCAO AUTORIZADA;03/06/2026;N  ;          ;           ;;17103570000100 ;30621082000233 ;BNRV TRANSPORTE DE CARGAS LTDA;ACESSO II BR;324;QD 2 GP C 01 178;CIA SUL;SIMOES FILHO;43721765;BA;8130670003588520 ;55;;001-DIVERSOS            ;29260106626253087508550020000412171295502470 ;23301396752270-23301396773994;
SMF;N;SSN005373-2;N;B2;JIKBF;FUNDO MUNICIPAL DE SAUDE DE DI;AVIOES TRANSPORTES LTDA;GTMED DISTRIB.DE MATERIAIS E E;RUA ANTONIO SABINO,210-SETOR A;SIMOES FILHO;PQ. INDUSTRIAL;43721-765;09/06/2026;          ;10537;8068,5;130,45;0;130,45;23;0;88;27;DEVOLUCAO AUTORIZADA;03/06/2026;N  ;          ;           ;;39707683000157 ;30621082000233 ;BNRV TRANSPORTE DE CARGAS LTDA;ACESSO II BR;324;QD 2 GP C 01 178;CIA SUL;SIMOES FILHO;43721765;BA;8130670003588538 ;68;;001-DIVERSOS            ;41260239707683000157550010000105371174096082 ;23301396794783-23301396797148;
SMF;N;SSN005374-1;N;B2;JIKBF;FERIMPORT COM.REPRESENTACOES E;AVIOES TRANSPORTES LTDA;AEROFLEX INDUSTRIA DE AEROSOL;R PAUL GARFUNKEL,1415;SIMOES FILHO;CIDADE INDUSTRIAL;43721-765;09/06/2026;          ;105340;16357,26;706,368;0;706,368;1;0;296;27;DEVOLUCAO AUTORIZADA;03/06/2026;N  ;          ;           ;;07872967000536 ;30621082000233 ;BNRV TRANSPORTE DE CARGAS LTDA;ACESSO II BR;324;QD 2 GP C 01 178;CIA SUL;SIMOES FILHO;43721765;BA;8130670003589160 ;229,91;;001-DIVERSOS            ;41260307872967000536550040001053401644960027 ;23301397076529-23301397076707;
SMF;N;SSN005375-9;N;B2;JIKBF;544004 - ELENILDO DOS SANTOS;AVIOES TRANSPORTES LTDA;CASSINI E MOREIRA COMERCIO DE;AVENIDA NILO PANDOLPHI,4470;SIMOES FILHO;INDUSTRIAL ALTO MIRASSOL;43721-765;09/06/2026;          ;1090370;618,88;46,3;0;46,3;1;0;39;27;DEVOLUCAO AUTORIZADA;03/06/2026;N  ;          ;           ;;15482241000191 ;30621082000233 ;BNRV TRANSPORTE DE CARGAS LTDA;ACESSO II BR;324;QD 2 GP C 01 178;CIA SUL;SIMOES FILHO;43721765;BA;8130670003589313 ;55;;001-DIVERSOS            ;35260215482241000191550010010903701511431443 ;23301295046602-23301295046887;
SMF;N;SSN005376-7;N;B2;JIKBF;TMC DISTRIB. E ATAC. DE ALIM. ;AVIOES TRANSPORTES LTDA;PISEBEMLOG COM DE EQUIP;RUA DOUTOR JOAO COLIN,1285-SL 03;SIMOES FILHO;AMERICA;43721-765;09/06/2026;          ;723987;1393;14;0;14;14;0;53;27;DEVOLUCAO AUTORIZADA;03/06/2026;N  ;          ;           ;;11156413000267 ;30621082000233 ;BNRV TRANSPORTE DE CARGAS LTDA;ACESSO II BR;324;QD 2 GP C 01 178;CIA SUL;SIMOES FILHO;43721765;BA;8130670003589488 ;55;;001-DIVERSOS            ;29260414345032000303550010007239871234732526 ;23301397501604-23301397503183;
SMF;N;SSN005377-5;N;B2;JIKBF;JP COMERCIO DE COMBUSTIVEIS E ;AVIOES TRANSPORTES LTDA;INDUSTRIA DE ACO SAO JOAO LTDA;AV EGYDIO GERONYMO MUNARETTO,2045;SIMOES FILHO;CENTRO INDUSTRIAL S;43721-765;09/06/2026;          ;17312;386,25;386,25;0;386,25;3;0;294;27;DEVOLUCAO AUTORIZADA;03/06/2026;N  ;          ;           ;;81690158000132 ;30621082000233 ;BNRV TRANSPORTE DE CARGAS LTDA;ACESSO II BR;324;QD 2 GP C 01 178;CIA SUL;SIMOES FILHO;43721765;BA;8130670003589577 ;133,88;;001-DIVERSOS            ; ;23301397605568-23301397605907;
SMF;N;SSN005378-3;N;B2;JIKBF;HIPERIDEAL EMPREENDIMENTOS LTD;AVIOES TRANSPORTES LTDA;IND ALIMENTICIA RALSTON LTDA;VIA FABIANO ZAC,SN-FAZ. SANTA THEREZINHA;SIMOES FILHO;ZONA RURAL;43721-765;09/06/2026;          ;88332;3984,16;172,248;0;172,248;28;0;215;27;DEVOLUCAO AUTORIZADA;03/06/2026;N  ;          ;           ;AGENDADA..;05804728000190 ;30621082000233 ;BNRV TRANSPORTE DE CARGAS LTDA;ACESSO II BR;324;QD 2 GP C 01 178;CIA SUL;SIMOES FILHO;43721765;BA;8130670003589593 ;68;;001-DIVERSOS            ;35260305804728000190550010000883321526792358 ;23301396719324-23301396722213;
SMF;N;SSN005379-1;N;B2;JIKBF;ATAKAREJO DISTRIBUIDOR DE ALIM;AVIOES TRANSPORTES LTDA;MOINHOS UNIDOS BRAZIL MATE S.A;RUA PREFEITO EURIPEDES DE ,105-BOTIATUBA;SIMOES FILHO;BOTIATUBA;43721-765;09/06/2026;          ;36448;257,7;3;0;3;3;0;39;27;DEVOLUCAO AUTORIZADA;03/06/2026;N  ;          ;           ;;76496702000170 ;30621082000233 ;BNRV TRANSPORTE DE CARGAS LTDA;ACESSO II BR;324;QD 2 GP C 01 178;CIA SUL;SIMOES FILHO;43721765;BA;8130670003589704 ;55;;001-DIVERSOS            ;29260473849952003092550050000364481175048410 ;23301397625502-23301397625948;
SMF;N;SSN005516-6;N;C.;     ;BNRV TRANSPORTE DE CARGAS LTDA;BNRV TRANSPORTE DE CARGAS LTDA;AVIOES TRANSPORTES LTDA;RUA CYRO CORREIA PEREIRA,667-2A;SIMOES FILHO;CIDADE INDUSTRIAL;43721-765;12/08/2026;          ;17696;0,01;50;0;50;15;0;0;27;DEVOLUCAO AUTORIZADA;10/08/2026;N  ;          ;           ;;12053556000478 ;30621082000233 ;BNRV TRANSPORTE DE CARGAS LTDA;ACESSO II BR;324;QD 2 GP C 01 178;CIA SUL;SIMOES FILHO;43721765;BA;8130670003762732 ;0,01;;001-DIVERSOS            ; ;30671658693376-30671658694912;
SMF;N;SSN005553-1;N;C.;     ;SENDAS DISTRIBUIDORA 256;PLASUTIL INDUSTRIA E COMERCIO;PLASUTIL INDUSTRIA E COMERCIO;RUA JOSE PINHEIRO DE GOES,435;SIMOES FILHO;DISTRITO INDUSTRIAL;43721-765;27/08/2026;          ;123150;55,47;3;1;300;1;0;71;27;DEVOLUCAO AUTORIZADA;25/08/2026;N  ;          ;           ;AGENDADO X ITINERANTE X PALETIZADO..;56450877000309 ;30621082000233 ;BNRV TRANSPORTE DE CARGAS LTDA;ACESSO II BR;324;QD 2 GP C 01 178;CIA SUL;SIMOES FILHO;43721765;BA;8130670003799083 ;0,01;;001-DIVERSOS            ;29260806057223048450553000001231501559491628 ;30671678524624-30671678524802;
SMF;N;SSN005569-7;N;C.;     ;SENDAS DISTRIBUIDORA 87;PLASUTIL INDUSTRIA E COMERCIO;PLASUTIL INDUSTRIA E COMERCIO;RUA JOSE PINHEIRO DE GOES,435;SIMOES FILHO;DISTRITO INDUSTRIAL;43721-765;31/08/2026;          ;197181;91,81;8,19;1;300;1;0;71;27;DEVOLUCAO AUTORIZADA;27/08/2026;N  ;          ;           ;AGENDADO X ITINERANTE X PALETIZADO..;56450877000309 ;30621082000233 ;BNRV TRANSPORTE DE CARGAS LTDA;ACESSO II BR;324;QD 2 GP C 01 178;CIA SUL;SIMOES FILHO;43721765;BA;8130670003806543 ;0,01;;001-DIVERSOS            ;29260806057223031727553000001971811559865447 ;30671682465190-30671682465365;
SMF;N;SSN005570-1;N;C.;     ;SENDAS DISTRIBUIDORA 242;PLASUTIL INDUSTRIA E COMERCIO;PLASUTIL INDUSTRIA E COMERCIO;RUA JOSE PINHEIRO DE GOES,435;SIMOES FILHO;DISTRITO INDUSTRIAL;43721-765;31/08/2026;          ;90066;136,8;1,4;1;300;1;0;71;27;DEVOLUCAO AUTORIZADA;27/08/2026;N  ;          ;           ;AGENDADO X ITINERANTE X PALETIZADO..;56450877000309 ;30621082000233 ;BNRV TRANSPORTE DE CARGAS LTDA;ACESSO II BR;324;QD 2 GP C 01 178;CIA SUL;SIMOES FILHO;43721765;BA;8130670003806551 ;0,01;;001-DIVERSOS            ;29260806057223046910553000000900661558437691 ;30671682465989-30671682466113;
SMF;N;SSN005749-5;N;B.;     ;CONDOR S.A.;CONDOR S.A.;EMPREENDIMENTOS PAGUE MENOS S/;VIA DE ACESSO II BR,324178;SIMOES FILHO;CIA SUL;43721-765;05/10/2026;05/1007:00;1035225;1351,68;4,42;0,04;12;10;10;108;15;ENTREGA AGENDADA PELO CLIENTE;02/10/2026;N  ;          ;           ;;06626253087508 ;06626253087508 ;EMPREENDIMENTOS PAGUE MENOS S A;VIA DE ACESSO II BR;324178;;CIA SUL;SIMOES FILHO;43721765;BA;8130670003887616 ;55;;001-DIVERSOS            ;42260986046448000161550050010352251980195900 ;30671718180989-30671718182009;
STO;N;REC127654-9;N;B.;     ;METALURGICA MOR SA - PE 95.422;METALURGICA MOR SA - PE 95.422;J C SANTANA VARIEDADES;AV O NAVIO NEGREIRO,75-CASA;CABACEIRAS DO PARAGUACU;CENTRO;44345-000;13/10/2026;          ;299475;1471,2;32,617;0,5799;144,975;8;0;176;84;CHEGADA NA UNIDADE DE DESTINO;01/10/2026;N  ;          ;REC003102-0 ;;40079120000140 ;40079120000140 ;J C SANTANA VARIEDADES;AV O NAVIO NEGREIRO;75;CASA;CENTRO;CABACEIRAS DO PARAGUACU;44345000;BA;26260930621082000152570020001271361001543530 ;114,3;;007-MOR                 ;26260995422218000906550010002994751307576524 ;30671716686730-30671716687625;22254975
STO;N;BGS001947-0;N;B.;     ;MOVEIS K1 LTDA;MOVEIS K1 LTDA;COMERCIAL DE ELETROS ITAPOAN E;PRACA SENADOR THEMISTOCLES,36;CRUZ DAS ALMAS;CENTRO;44380-000;07/10/2026;          ;2254892;10,4;2,541;0,004;2,541;1;0;221;84;CHEGADA NA UNIDADE DE DESTINO;29/09/2026;N  ;          ;BGS000164-3 ;;32746608000156 ;32746608000156 ;COMERCIAL DE ELETROS ITAPOAN EIRELI - 320750;PRACA SENADOR THEMISTOCLES;36;;CENTRO;CRUZ DAS ALMAS;44380000;BA;43260930621082000403570010000018981001529024 ;77,37;;008-MOVEIS              ;43260900912882000161550020022548921000000187 ;30671709932398-30671709932562;
STO;N;JOI067959-3;N;A.;     ;TBX IND, IMP E COMERCIO LTDA;TBX IND, IMP E COMERCIO LTDA;EDILAN MATHEUS LIMA CONCEICAO ;INO,217-PRA XIMO AO ANTIGO COLIGADOS BAR;CRUZ DAS ALMAS;CENTRO;44380-000;05/10/2026;     23:59;983751;1096,19;56;0,2579;64,475;1;1;199;84;CHEGADA NA UNIDADE DE DESTINO;28/09/2026;N  ;          ;JOI002291-8 ;;00004483033530 ;00004483033530 ;Edilan Matheus Lima Conceicao da Silveira;Inocoop Rua D;217;;Centro;CRUZ DAS ALMAS;44380000;BA;42260930621082000314570010000676631001523725 ;69,78;;001-DIVERSOS            ;42260921398314000164550010009837511139344855 ;30671705586062-30671705586237;
STO;N;JOI068037-1;N;A.;     ;TBX IND, IMP E COMERCIO LTDA;TBX IND, IMP E COMERCIO LTDA;RODRIGO VELAME FERREIRA;RUA JURACY MAGALHA ES,634;CRUZ DAS ALMAS;ANA LACIA;44380-000;07/10/2026;     23:59;983992;1566,9;90,85;0,4688;117,2;3;3;302;84;CHEGADA NA UNIDADE DE DESTINO;28/09/2026;N  ;          ;JOI002291-8 ;;00000894219570 ;00000894219570 ;Rodrigo Velame Ferreira;Rua Juracy MagalhA es;634;;Ana LAcia;CRUZ DAS ALMAS;44380000;BA;42260930621082000314570010000677291001526825 ;105,74;;001-DIVERSOS            ;42260921398314000164550010009839921139380529 ;30671706442551-30671706442904;
STO;N;REC127291-8;N;A.;     ;SANREMO SA;SANREMO SA;COFEL. C.DE F. CRUZALMENSE LTD;PRACA SENADOR TEMISTOCLES,80;CRUZ DAS ALMAS;CENTRO;44380-000;07/10/2026;          ;190689;3505,7;82,41;0,95;285;32;32;311;84;CHEGADA NA UNIDADE DE DESTINO;28/09/2026;N  ;          ;REC003095-3 ;;14426936000193 ;14426936000193 ;COFEL. C.DE F. CRUZALMENSE LTD;PRACA SENADOR TEMISTOCLES;80;;CENTRO;CRUZ DAS ALMAS;44380000;BA;26260930621082000152570020001267751001534627 ;202,09;;001-DIVERSOS            ;26260989738173000549550000001906891051406719 ;30671712870726-30671712874086;87482753
STO;N;REC127305-1;N;A.;     ;PINCEIS ATLAS SA;PINCEIS ATLAS SA;MEELITE MATERIAIS DE CONSTRUCA;AV GETULIO VARGAS,31;CRUZ DAS ALMAS;CENTRO;44380-000;07/10/2026;          ;306755;4759,41;50,52;0,37;111;19;19;175;84;CHEGADA NA UNIDADE DE DESTINO;28/09/2026;N  ;          ;REC003095-3 ;;36213599000199 ;36213599000199 ;MEELITE MATERIAIS DE CONSTRUCAO LTD;AV GETULIO VARGAS;31;;CENTRO;CRUZ DAS ALMAS;44380000;BA;26260930621082000152570020001267891001534762 ;113,57;;001-DIVERSOS            ;26260989723837000768550000003067551408813245 ;30671712905996-30671712907941;87480949
STO;N;REC127401-5;N;A.;     ;SANREMO SA;SANREMO SA;ROBERTO ALMEIDA DOS SANTOS  CI;RAMAL XV DE NOVEMBRO,75;CRUZ DAS ALMAS;CENTRO;44380-000;08/10/2026;          ;190734;2691,78;44,59;0,4;120;18;18;168;84;CHEGADA NA UNIDADE DE DESTINO;30/09/2026;N  ;          ;REC003097-0 ;;15646763000181 ;15646763000181 ;ROBERTO ALMEIDA DOS SANTOS  CI;RAMAL XV DE NOVEMBRO;75;;CENTRO;CRUZ DAS ALMAS;44380000;BA;26260930621082000152570020001268971001538250 ;108,99;;001-DIVERSOS            ;26260989738173000549550000001907341782463200 ;30671714494202-30671714496120;87489534
STO;N;REC127453-8;N;B.;     ;DOCILE NORDESTE IND. E COM. DE;DOCILE NORDESTE IND. E COM. DE;JACIANE SOBRAL DE ANDRADE PEIX;RUA OTENS,36;CRUZ DAS ALMAS;CENTRO;44380-000;08/10/2026;          ;125732;8805,87;350,448;0,9;350,448;39;39;510;84;CHEGADA NA UNIDADE DE DESTINO;01/10/2026;N  ;          ;REC003098-8 ;;05657385000188 ;05657385000188 ;JACIANE SOBRAL DE ANDRADE PEIXOTO;RUA OTENS;36;;CENTRO;CRUZ DAS ALMAS;44380000;BA;26260930621082000152570020001269341001538620 ;331,76;;001-DIVERSOS            ;26260912020480000131550020001257321525372330 ;30671714888841-30671714892804;
STO;N;SSA130113-6;N;B.;     ;CONDOR S.A.;CONDOR S.A.;ROBERTO ALMEIDA DOS SANTOS  CI;RAMAL XV DE NOVEMBRO,75;CRUZ DAS ALMAS;CENTRO;44380-000;08/10/2026;          ;1035223;6189,58;74,37;0,79;237;39;39;242;80;MERCADORIA RECEBIDA PARA TRANSPORTE;01/10/2026;N  ;          ;           ;;15646763000181 ;15646763000181 ;ROBERTO ALMEIDA DOS SANTOS  CI;RAMAL XV DE NOVEMBRO;75;;CENTRO;CRUZ DAS ALMAS;44380000;BA;29261030621082000233570030001279211001546388 ;65;;001-DIVERSOS            ;42260986046448000161550050010352231206312909 ;30671718118972-30671718122921;
STO;N;SSA130118-7;N;B3;     ;CONDOR PINCEIS FILIAL SBS;CONDOR PINCEIS FILIAL SBS;NOVA ERA COMERCIAL DE TINTAS L;R DESIDERIO BRANDAO,25;CRUZ DAS ALMAS;CENTRO;44380-000;08/10/2026;          ;119254;1230;37,5;0,1;37,5;1;1;175;80;MERCADORIA RECEBIDA PARA TRANSPORTE;01/10/2026;N  ;          ;           ;;02459473001159 ;02459473001159 ;NOVA ERA COMERCIAL DE TINTAS LTDA;R DESIDERIO BRANDAO;25;;CENTRO;CRUZ DAS ALMAS;44380000;BA;29261030621082000233570030001279261001546449 ;65;;001-DIVERSOS            ;42260909217430000304550050001192541183930250 ;30671718186469-30671718186633;
STO;N;BGS001952-6;N;C.;     ;MOVEIS K1 LTDA;DERVAL MOVEIS E ELETRODOMESTIC;DERVAL MOVEIS E ELETRODOMESTIC;RUA GORGONIO JOSE ARAUJO,177-CASA;SANTO ANTONIO DE JESUS;SANTA RITA;44430-001;07/10/2026;          ;  2254890*;1896,43;232,916;0,519;232,916;15;0;657;84;CHEGADA NA UNIDADE DE DESTINO;29/09/2026;N  ;          ;BGS000164-3 ;;16284739000102 ;16284739000102 ;DERVAL MOVEIS E ELETRODOMESTIC;RUA GORGONIO JOSE ARAUJO;177;CASA;SANTA RITA;SANTO ANTONIO DE JESUS;44430001;BA;43260930621082000403570010000019031001529077 ;229,79;;008-MOVEIS              ;43260900912882000161550020022548901000000182 -43260900912882000161550020022548951000000189 -43260900912882000161550020022548931000000184 -43260900912882000161550020022548981000000180 -43260900912882000161550020022548911000000180 ;30671709935105-30671709935376,30671709937321-30671709937500,30671709935715-30671709935990,30671709936097-30671709937294,30671709935403-30671709935688;----
STO;N;BGS001999-2;N;B.;     ;MOVEIS K1 LTDA;MOVEIS K1 LTDA;DERVAL MOVEIS E ELETRODOMESTIC;RUA GORGONIO JOSE ARAUJO,177-CASA;SANTO ANTONIO DE JESUS;SANTA RITA;44430-001;09/10/2026;          ;2256139;9,19;2,262;0,003;2,262;1;0;246;84;CHEGADA NA UNIDADE DE DESTINO;29/09/2026;N  ;          ;BGS000164-3 ;;16284739000102 ;16284739000102 ;DERVAL MOVEIS E ELETRODOMESTIC;RUA GORGONIO JOSE ARAUJO;177;CASA;SANTA RITA;SANTO ANTONIO DE JESUS;44430001;BA;43260930621082000403570010000019491001533499 ;85,97;;008-MOVEIS              ;43260900912882000161550020022561391000000180 ;30671712685403-30671712685688;
STO;N;REC127387-6;N;A.;     ;SANREMO SA;SANREMO SA;PEDRO HENRIQUE GOMES DA SILVA ;PRACA PADRE MATEUS,15;SANTO ANTONIO DE JESUS;CENTRO;44430-178;08/10/2026;          ;190715;16005,37;289,96;3,3;990;193;193;994;84;CHEGADA NA UNIDADE DE DESTINO;01/10/2026;N  ;          ;REC003098-8 ;;62647519000113 ;62647519000113 ;PEDRO HENRIQUE GOMES DA SILVA MENEZES LTDA;PRACA PADRE MATEUS;15;;CENTRO;SANTO ANTONIO DE JESUS;44430178;BA;26260930621082000152570020001268701001537358 ;646,25;;001-DIVERSOS            ;26260989738173000549550000001907151067846286 ;30671714262854-30671714282271;87485895
STO;N;REC127393-1;N;A.;     ;BETTANIN INDUSTRIAL S/A;BETTANIN INDUSTRIAL S/A;MULTICOM ATACADO E VAREJO S/A;AV COSME E DAMIAO,555;SANTO ANTONIO DE JESUS;ANDAIA;44434-040;08/10/2026;08/1007:00;130670;12066,92;130,02;2,6;780;56;56;790;15;ENTREGA AGENDADA PELO CLIENTE;01/10/2026;N  ;          ;REC003097-0 ;;28548486002917 ;28548486002917 ;MULTICOM ATACADO E VAREJO S/A;AV COSME E DAMIAO;555;;ANDAIA;SANTO ANTONIO DE JESUS;44434040;BA;26260930621082000152570020001268961001538245 ;513,43;;001-DIVERSOS            ;26260989724447000206550000001306701888199027 ;30671714407221-30671714412964;87486390
STO;N;REC127302-7;N;A.;     ;PINCEIS ATLAS SA;PINCEIS ATLAS SA;CASA SAO CARLOS LTDA;AV VEREADOR JOAO SILVA,1272;SANTO ANTONIO DE JESUS;AMPARO;44436-174;07/10/2026;          ;306724;9590,66;134,74;1;300;45;45;347;84;CHEGADA NA UNIDADE DE DESTINO;28/09/2026;N  ;          ;REC003095-3 ;;32646010000195 ;32646010000195 ;CASA SAO CARLOS LTDA;AV VEREADOR JOAO SILVA;1272;;AMPARO;SANTO ANTONIO DE JESUS;44436174;BA;26260930621082000152570020001267841001534715 ;225,38;;001-DIVERSOS            ;26260989723837000768550000003067241546911629 ;30671712897581-30671712902110;87480800
STO;N;MCZ129248-0;N;A3;     ;PANDURATA ALIMENTOS LTDA;PANDURATA ALIMENTOS LTDA;WMS SUPERMERCADOS DO BRASIL LT;RODOVIA BA,046-80;SANTO ANTONIO DE JESUS;SANTA TEREZINHA;44445-450;07/10/2026;07/1007:00;125101;952,4;33,01;0,15;45;1;0;55;15;ENTREGA AGENDADA PELO CLIENTE;01/10/2026;N  ;          ;MCZ000138-4 ;;93209765056929 ;93209765056929 ;WMS SUPERMERCADOS DO BRASIL LTDA;ROD BA 046,80,KM 27,SN ;;;SANTA TEREZINHA;SANTO ANTONIO DE JESUS;44445450;BA;29260930621082000233570030001270781001506789 ;65;;001-DIVERSOS            ;27260870940994009249550200001251011410875075 ;30671700709274-30671700709449;1753007
STO;N;REC116345-1;N;A.;     ;SANREMO SA;SANREMO SA;OLIVEIRA DOS SANTOS COMERCIO E;2 TV JOSE TRINDADE LOBO,160;SANTO ANTONIO DE JESUS;SANTA TEREZINHA;44445-474;02/04/2026;          ;185423;1082,88;18,88;0,2;60;4;0;158;27;DEVOLUCAO AUTORIZADA;06/04/2026;N  ;          ;REC002761-8 ;;47970129000196 ;47970129000196 ;OLIVEIRA DOS SANTOS COMERCIO E DISTRIBUICAO LTDA;2 TV JOSE TRINDADE LOBO;160;;SANTA TEREZINHA;SANTO ANTONIO DE JESUS;44445474;BA;26260330621082000152570020001159081001132500 ;102,99;;001-DIVERSOS            ;26260389738173000549550000001854231653719019 ;30671500649428-30671500649904;
STO;N;REC127270-5;N;A.;     ;PINCEIS ATLAS SA;PINCEIS ATLAS SA;EMA ATACADO LTDA;R IGUATEMI,2222;SANTO ANTONIO DE JESUS;SANTA TEREZINHA;44445-582;07/10/2026;          ;306671;6591,48;235,92;2,77;831;120;120;816;84;CHEGADA NA UNIDADE DE DESTINO;29/09/2026;N  ;          ;REC003094-5 ;;53527265000109 ;53527265000109 ;EMA ATACADO LTDA;R IGUATEMI;2222;;SANTA TEREZINHA;SANTO ANTONIO DE JESUS;44445582;BA;26260930621082000152570020001267541001532403 ;530,39;;001-DIVERSOS            ;26260989723837000768550000003066711376745272 ;30671712026910-30671712039098;87483236
STO;N;SSA130141-1;N;B3;     ;CONDOR PINCEIS FILIAL SBS;CONDOR PINCEIS FILIAL SBS;EMA ATACADO LTDA;R IGUATEMI,2222;SANTO ANTONIO DE JESUS;SANTA TEREZINHA;44445-582;08/10/2026;          ;119300;1842,55;27,32;0,07;27,32;2;2;177;80;MERCADORIA RECEBIDA PARA TRANSPORTE;01/10/2026;N  ;          ;           ;;53527265000109 ;53527265000109 ;EMA ATACADO LTDA;R IGUATEMI;2222;;SANTA TEREZINHA;SANTO ANTONIO DE JESUS;44445582;BA;29261030621082000233570030001279471001546651 ;65;;001-DIVERSOS            ;42260909217430000304550050001193001447113247 ;30671718231908-30671718232276;
STO;N;JOI067807-4;N;A.;     ;TBX IND, IMP E COMERCIO LTDA;TBX IND, IMP E COMERCIO LTDA;CARLOS ADRIANO ARAUJO DE ALMEI;RUA DA LAJINHA,234;CASTRO ALVES;CENTRO;44500-000;02/10/2026;     23:59;982778;1301,88;99,7;0,4479;111,975;2;2;289;84;CHEGADA NA UNIDADE DE DESTINO;28/09/2026;N  ;          ;JOI002291-8 ;;00099474581568 ;00099474581568 ;Carlos Adriano Araujo de Almeida Couto;Rua da Lajinha;234;;Centro;CASTRO ALVES;44500000;BA;42260930621082000314570010000675411001521088 ;101,18;;001-DIVERSOS            ;42260921398314000164550010009827781139275372 ;30671704696579-30671704696880;
STO;N;JOI067860-1;N;A.;     ;TBX IND, IMP E COMERCIO LTDA;TBX IND, IMP E COMERCIO LTDA;JAILTON CONCEICAO SANTOS;PRIMEIRA TV RUA SANTO ANTA NIO,SN;CASTRO ALVES;CENTRO;44500-000;02/10/2026;     23:59;983083;1301,88;99,7;0,4479;111,975;2;2;289;84;CHEGADA NA UNIDADE DE DESTINO;28/09/2026;N  ;          ;JOI002291-8 ;;00009308036555 ;00009308036555 ;Jailton Conceicao Santos;Rua MA rio Moraes Travessa rua do fogo;SN;;Centro;CASTRO ALVES;44500000;BA;42260930621082000314570010000675471001521146 ;101,18;;001-DIVERSOS            ;42260921398314000164550010009830831139288225 ;30671704729200-30671704729509;
STO;N;JOI067979-8;N;B2;     ;WENKER REPRESENTACOES COMERCIO;WENKER REPRESENTACOES COMERCIO;BRUNA NOBRE DA SILVA SANTOS;RUA DO ACRE,343;CASTRO ALVES;CENTRO;44500-000;05/10/2026;          ;6415;589;52;0,22;66;1;1;198;84;CHEGADA NA UNIDADE DE DESTINO;28/09/2026;N  ;          ;JOI002291-8 ;;00008948345508 ;00008948345508 ;BRUNA NOBRE DA SILVA SANTOS;RUA DO ACRE;343;;CENTRO;CASTRO ALVES;44500000;BA;42260930621082000314570010000676221001522440 ;69,22;;001-DIVERSOS            ;42260931295592000220550010000064151726275679 ;30671705960883-30671705961018;
STO;N;JOI068217-9;N;B.;     ;PNEUBEST COMERCIAL LTDA;PNEUBEST COMERCIAL LTDA;RANIELE LOBO;RUA SENHOR DO BONFIM,25;CASTRO ALVES;CENTRO;44500-000;08/10/2026;          ;162597;1421,18;54,22;0,2524;54,22;2;2;148;84;CHEGADA NA UNIDADE DE DESTINO;28/09/2026;N  ;          ;JOI002291-8 ;SR MOTORISTA EM CASO DE DUVIDA NA ENTREGA ATENTAR PARA CAMPO DADOS ADICIONAIS/INFORMACOES COMPLEMENTARES DA NOTA FISCAL..;00006491371590 ;00006491371590 ;RANIELE LOBO;RUA SENHOR DO BONFIM;25;;CENTRO;CASTRO ALVES;44500000;BA;42260930621082000314570010000678271001529884 ;65;;009-E-COMMERCE          ;42260936996649000151550080001625971893034145 ;30671710364147-30671710364459;
STO;N;SSA130119-5;N;B3;     ;CONDOR PINCEIS FILIAL SBS;CONDOR PINCEIS FILIAL SBS;L E I VARIEDADES LTDA ( 88142);AV FERNANDO WILSON MAGALHAES,79-B LJ B;CASTRO ALVES;CENTRO;44500-000;08/10/2026;          ;119248;3569,02;7,66;0,02;7,66;1;1;181;80;MERCADORIA RECEBIDA PARA TRANSPORTE;01/10/2026;N  ;          ;           ;;05458412000193 ;05458412000193 ;L E I VARIEDADES LTDA ( 88142);AV FERNANDO WILSON MAGALHAES;79;B LJ B;CENTRO;CASTRO ALVES;44500000;BA;29261030621082000233570030001279271001546454 ;65;;001-DIVERSOS            ;42260909217430000304550050001192481983463888 ;30671718186770-30671718186945;
STO;N;SSA130124-1;N;B3;     ;CONDOR PINCEIS FILIAL SBS;CONDOR PINCEIS FILIAL SBS;COFEL COMERCIAL DE FERRAGENS C;R TIRADENTES,30-EDF SAN FRANCISCO;SANTO ANTONIO DE JESUS;CENTRO;44571-001;08/10/2026;          ;119262;381,9;1,32;0,02;6;5;5;172;80;MERCADORIA RECEBIDA PARA TRANSPORTE;01/10/2026;N  ;          ;           ;;14426936000436 ;14426936000436 ;COFEL COML DE FERRAGENS CRUZALMENSE LTDA;R TIRADENTES;30;EDF SAN FRANCISCO;CENTRO;SANTO ANTONIO DE JESUS;44571001;BA;29261030621082000233570030001279321001546500 ;65;;001-DIVERSOS            ;42260909217430000304550050001192621243586080 ;30671718189135-30671718189759;
STO;N;SSA130126-8;N;B3;     ;CONDOR PINCEIS FILIAL SBS;CONDOR PINCEIS FILIAL SBS;COMERCIAL DE FERRAGENS SAO LUI;AV LUIS VIANA,101;SANTO ANTONIO DE JESUS;CENTRO;44571-001;07/10/2026;07/1007:00;119238;15101,66;39,07;0,12;39,07;4;4;553;15;ENTREGA AGENDADA PELO CLIENTE;02/10/2026;N  ;          ;           ;AGENDADA;15931157000299 ;15931157000299 ;COML DE FERRAGENS SAO LUIS LTDA;AV LUIS VIANA;101;;CENTRO;SANTO ANTONIO DE JESUS;44571001;BA;29261030621082000233570030001279341001546521 ;307,72;;001-DIVERSOS            ;42260909217430000304550050001192381726187907 ;30671718190106-30671718190692;
STO;N;JOI068048-6;N;A.;     ;TBX IND, IMP E COMERCIO LTDA;TBX IND, IMP E COMERCIO LTDA;MAIANA SILVA DOS SANTOS;RUA VEREADOR CARLOS LIMA,264;AMARGOSA;CENTRO;45300-000;09/10/2026;     23:59;984176;936,96;46,5;0,2387;59,675;1;1;198;84;CHEGADA NA UNIDADE DE DESTINO;28/09/2026;N  ;          ;JOI002291-8 ;;00005550511533 ;00005550511533 ;Maiana Silva dos Santos;Rua Vereador Carlos Lima;264;;Centro;AMARGOSA;45300000;BA;42260930621082000314570010000677401001526938 ;69,38;;001-DIVERSOS            ;42260921398314000164550010009841761139397054 ;30671706802160-30671706802335;
STO;N;JOI068052-4;N;A.;     ;TBX IND, IMP E COMERCIO LTDA;TBX IND, IMP E COMERCIO LTDA;ISABEL S;PINDOBA,SN-AS MARGENS DA BR 420 EM FRENTE AO PONTO DE A NIBUS;UBAIRA;FAZENDA PINDOBA;45310-000;09/10/2026;     23:59;984286;936,96;46,5;0,2387;59,675;1;1;198;84;CHEGADA NA UNIDADE DE DESTINO;28/09/2026;N  ;          ;JOI002291-8 ;;00095525246520 ;00095525246520 ;Isabel S;pindoba;SN;;fazenda pindoba;UBAIRA;45310000;BA;42260930621082000314570010000677161001526690 ;75;;001-DIVERSOS            ;42260921398314000164550010009842861139408120 ;30671706803532-30671706803707;
STO;N;REC127367-1;N;B.;     ;METALURGICA MOR SA - PE 95.422;METALURGICA MOR SA - PE 95.422;IRENIO BARRETO SANTANA EIRELI;R CONS JOAO RIBEIRO,140-AN 150;MUTUIPE;CENTRO;45480-000;13/10/2026;          ;299098;7738,86;266,236;4,8372;1209,3;98;0;1.476;84;CHEGADA NA UNIDADE DE DESTINO;01/10/2026;N  ;          ;REC003101-1 ;;00997476000149 ;00997476000149 ;IRENIO BARRETO SANTANA EIRELI;R CONS JOAO RIBEIRO;140;AN 150;CENTRO;MUTUIPE;45480000;BA;26260930621082000152570020001268501001536553 ;959,46;;007-MOR                 ;26260995422218000906550010002990981637757290 ;30671714127212-30671714137104;22252654
STO;N;REC127312-4;N;A.;     ;PINCEIS ATLAS SA;PINCEIS ATLAS SA;ATACADAO DO VALE E DERIV CIMEN;RUA 15 DE NOVEMBRO,S/N-ANX LADO;LAJE;CENTRO;45490-000;09/10/2026;          ;306654;612,6;6,99;0,07;21;4;4;171;84;CHEGADA NA UNIDADE DE DESTINO;28/09/2026;N  ;          ;REC003095-3 ;;40131406000128 ;40131406000128 ;ATACADAO DO VALE E DERIV CIMENTO LT;RUA 15 DE NOVEMBRO;SN;ANX LADO;CENTRO;LAJE;45490000;BA;26260930621082000152570020001267941001534819 ;110,91;;001-DIVERSOS            ;26260989723837000768550000003066541119386400 ;30671712919600-30671712920109;87477852
VAL;N;JOI067859-7;N;A.;     ;TBX IND, IMP E COMERCIO LTDA;TBX IND, IMP E COMERCIO LTDA;PAULO JOSE PINTO DUARTE;RUA MIGUEL TELES COSTA,7;SANTO AMARO;CENTRO;44200-000;02/10/2026;     23:59;983104;1301,88;99,7;0,4479;111,975;2;2;289;84;CHEGADA NA UNIDADE DE DESTINO;28/09/2026;N  ;          ;JOI002291-8 ;;00008636192587 ;00008636192587 ;Paulo Jose Pinto Duarte;Rua Miguel Teles Costa;7;;Centro;SANTO AMARO;44200000;BA;42260930621082000314570010000675441001521110 ;101,18;;001-DIVERSOS            ;42260921398314000164550010009831041139289070 ;30671704728898-30671704729160;
VAL;N;REC127652-2;N;B.;     ;METALURGICA MOR SA - PE 95.422;METALURGICA MOR SA - PE 95.422;IMPERIO VARIEDADES LTDA ME;RUA CONSELHEIRO SARAIVA,37;SANTO AMARO;CENTRO;44200-000;13/10/2026;          ;299473;1063,85;22,566;0,2301;57,525;3;0;145;84;CHEGADA NA UNIDADE DE DESTINO;01/10/2026;N  ;          ;REC003102-0 ;;09122019000185 ;09122019000185 ;IMPERIO VARIEDADES LTDA ME;RUA CONSELHEIRO SARAIVA;37;;CENTRO;SANTO AMARO;44200000;BA;26260930621082000152570020001271341001543510 ;94,2;;007-MOR                 ;26260995422218000906550010002994731724492565 ;30671716685220-30671716685670;22254964
VAL;N;JOI067978-0;N;B2;     ;WENKER REPRESENTACOES COMERCIO;WENKER REPRESENTACOES COMERCIO;ALBERT MAICON GOMES DE JESUS S;RUA DOS FERREIROS,22;SANTO AMARO;ACUPE;44218-000;05/10/2026;          ;6417;596,25;52;0,22;66;1;1;198;84;CHEGADA NA UNIDADE DE DESTINO;28/09/2026;N  ;          ;JOI002291-8 ;;00001419029576 ;00001419029576 ;ALBERT MAICON GOMES DE JESUS SANTANA;RUA DOS FERREIROS;22;;ACUPE;SANTO AMARO;44218000;BA;42260930621082000314570010000676211001522435 ;69,22;;001-DIVERSOS            ;42260931295592000220550010000064171721494954 ;30671705960571-30671705960746;
VAL;N;REC127376-1;N;B.;     ;METALURGICA MOR SA - PE 95.422;METALURGICA MOR SA - PE 95.422;ENCANTUS UTILIDADES  LTDA;RUA 13 DE MARCO,09;CACHOEIRA;CENTRO;44300-000;09/10/2026;          ;299143;6786,02;158,152;1,583;395,75;45;0;456;84;CHEGADA NA UNIDADE DE DESTINO;01/10/2026;N  ;          ;REC003101-1 ;;50836654000128 ;50836654000128 ;ENCANTUS UTILIDADES  LTDA;RUA 13 DE MARCO;9;;CENTRO;CACHOEIRA;44300000;BA;26260930621082000152570020001268591001536648 ;296,16;;007-MOR                 ;26260995422218000906550010002991431798983982 ;30671714185756-30671714190399;22252623
VAL;N;REC127383-3;N;B.;     ;BBF DISTRIBUIDORA NE LTDA;BBF DISTRIBUIDORA NE LTDA;ENCANTUS UTILIDADES  LTDA;RUA 13 DE MARCO,09;CACHOEIRA;CENTRO;44300-000;08/10/2026;          ;39774;1017,77;42,668;0,1625;42,668;3;3;144;84;CHEGADA NA UNIDADE DE DESTINO;01/10/2026;N  ;          ;REC003098-8 ;;50836654000128 ;50836654000128 ;ENCANTUS UTILIDADES  LTDA;RUA 13 DE MARCO;9;;CENTRO;CACHOEIRA;44300000;BA;26260930621082000152570020001268661001536715 ;93,73;;007-MOR                 ;26260940938967000133550010000397741119267742 ;30671714202530-30671714202989;40293
VAL;N;REC127382-5;N;B.;     ;BBF DISTRIBUIDORA NE LTDA;BBF DISTRIBUIDORA NE LTDA;DIEGO DOS SANTOS SANTANA LTDA;PC CLEMENTINO FRAGA,04;MURITIBA;CENTRO;44340-000;07/10/2026;          ;39744;1017,77;42,668;0,1625;42,668;3;3;144;84;CHEGADA NA UNIDADE DE DESTINO;01/10/2026;N  ;          ;REC003098-8 ;;34630908000109 ;34630908000109 ;DIEGO DOS SANTOS SANTANA LTDA;PC CLEMENTINO FRAGA;4;;CENTRO;MURITIBA;44340000;BA;26260930621082000152570020001268651001536700 ;93,73;;007-MOR                 ;26260940938967000133550010000397441541551200 ;30671714202053-30671714202406;40273
VAL;N;REC127637-9;N;B.;     ;METALURGICA MOR SA - PE 95.422;METALURGICA MOR SA - PE 95.422;DIEGO DOS SANTOS SANTANA LTDA;PC CLEMENTINO FRAGA,04;MURITIBA;CENTRO;44340-000;13/10/2026;          ;299457;10797,7;263,801;2,1441;536,025;65;0;616;84;CHEGADA NA UNIDADE DE DESTINO;01/10/2026;N  ;          ;REC003102-0 ;;34630908000109 ;34630908000109 ;DIEGO DOS SANTOS SANTANA LTDA;PC CLEMENTINO FRAGA;4;;CENTRO;MURITIBA;44340000;BA;26260930621082000152570020001271171001543349 ;400,42;;007-MOR                 ;26260995422218000906550010002994571227326612 ;30671716581689-30671716588229;22252686
VAL;N;REC127368-0;N;B.;     ;METALURGICA MOR SA - PE 95.422;METALURGICA MOR SA - PE 95.422;JORGE GUEDES DE JESUS EPP;RUA SIQUEIRA CAMPOS,21-23 TERREO;MARAGOGIPE;RUA NOVA;44420-000;08/10/2026;          ;299095;1256,79;38,069;0,4379;109,475;5;5;148;84;CHEGADA NA UNIDADE DE DESTINO;01/10/2026;N  ;          ;REC003098-8 ;;02672024000112 ;02672024000112 ;JORGE GUEDES DE JESUS EPP;RUA SIQUEIRA CAMPOS;21;23 TERREO;RUA NOVA;MARAGOGIPE;44420000;BA;26260930621082000152570020001268511001536569 ;95,93;;007-MOR                 ;26260995422218000906550010002990951206881020 ;30671714137238-30671714137851;22252503
VAL;N;MCZ129818-6;N;A3;     ;PANDURATA ALIMENTOS LTDA;PANDURATA ALIMENTOS LTDA;WMS SUPERMERCADOS DO BRASIL LT;ROD BA,001464;ITAPARICA;BOM DESPACHO;44460-000;22/10/2026;22/1007:00;126411;11381,42;346,521;2,886;865,8;2;0;729;15;ENTREGA AGENDADA PELO CLIENTE;25/09/2026;N  ;          ;MCZ000151-1 ;;93209765049124 ;93209765049124 ;WMS SUPERMERCADOS DO BRASIL LTDA;ROD BA;1464;;BOM DESPACHO;ITAPARICA;44460000;BA;29260930621082000233570030001276411001533410 ;267,5;;001-DIVERSOS            ;27260970940994009249550200001264111810028966 ;30671714222269-30671714222570;1770799
VAL;N;BGS002001-0;N;B.;     ;MOVEIS K1 LTDA;MOVEIS K1 LTDA;ISAAC MONCAO CALDAS E CIA LTDA;R DIRETA DA BARRA DO GIL,92;VERA CRUZ;BARRA DO GIL;44470-000;14/10/2026;          ;2256141;1,09;0,606;0,001;0,606;1;0;251;84;CHEGADA NA UNIDADE DE DESTINO;29/09/2026;N  ;          ;BGS000164-3 ;;32562857000191 ;32562857000191 ;ISAAC MONCAO CALDAS E CIA LTDA;R DIRETA DA BARRA DO GIL;92;;BARRA DO GIL;VERA CRUZ;44470000;BA;43260930621082000403570010000019511001533519 ;87,77;;001-DIVERSOS            ;43260900912882000161550020022561411000000189 ;30671712686097-30671712686261;
VAL;N;SSA130088-1;N;..;NLPDR;CARMEM DANIELLE DOS SANTOS PER;TRANS CJ TRANSPORTES E LOG LTD;JULIANA DOS SANTOS;TRAVESSA,26-ENTRADA SITIO MILTON ALMEIDA;JAGUARIPE;CALEMBA BA001;44480-000;13/10/2026;          ;1332;720,92;20;0,13;39;1;0;167;84;CHEGADA NA UNIDADE DE DESTINO;01/10/2026;N  ;          ;           ;;00001719571562 ;00001719571562 ;JULIANA DOS SANTOS;TRAVESSA CAMPOS DE BRITO;26;ENTRADA SITIO MILTON ALMEIDA;CALEMBA BA001;JAGUARIPE;44480000;BA;29261030621082000233570030001279051001546058 ;90;;001-DIVERSOS            ;35260927901613000156550010000013321001562390 ;50270450214742-50270450214917;
VAL;N;JOI068066-4;N;A.;     ;TBX IND, IMP E COMERCIO LTDA;TBX IND, IMP E COMERCIO LTDA;RAFAEL BATISTA BRAGA;RUA MARCILIO DIAS,SN;VALENCA;CENTRO;45400-000;09/10/2026;     23:59;984567;887,05;45,8;0,2411;60,275;1;1;198;84;CHEGADA NA UNIDADE DE DESTINO;28/09/2026;N  ;          ;JOI002291-8 ;;00004342050528 ;00004342050528 ;Rafael Batista Braga;CondomA nio Residencial Europa Novo horizonte;SN;;Centro;VALENCA;45400000;BA;42260930621082000314570010000678011001528644 ;75;;001-DIVERSOS            ;42260921398314000164550010009845671139439760 ;30671707537186-30671707537350;
VAL;N;JOI068105-9;N;A.;     ;TBX IND, IMP E COMERCIO LTDA;TBX IND, IMP E COMERCIO LTDA;RANIERE MARINS MORAIS;CONDOMA NIO MAR A VISTA N,07-07;VALENCA;SA O FA LIX;45400-000;09/10/2026;     23:59;984709;4575,41;178;1,4825;370,625;4;4;797;84;CHEGADA NA UNIDADE DE DESTINO;28/09/2026;N  ;          ;JOI002291-8 ;;00003328496513 ;00003328496513 ;Raniere Marins Morais;CondomA nio mar a vista n;7;7;SA o FA lix;VALENCA;45400000;BA;42260930621082000314570010000677941001528575 ;279,08;;001-DIVERSOS            ;42260921398314000164550010009847091139456514 ;30671708064421-30671708064908;
VAL;N;JOI068225-0;N;B.;     ;PNEUBEST COMERCIAL LTDA;PNEUBEST COMERCIAL LTDA;JOHAN SANTOS BARRETO;RUA AGEMIRO LUIS DOS SANTOS  ( PRI,13;VALENCA;AREAL ( CAIXA PREGO);45400-000;13/10/2026;          ;162924;1042,18;24,6;0,2039;24,6;2;2;192;84;CHEGADA NA UNIDADE DE DESTINO;28/09/2026;N  ;          ;JOI002291-8 ;SR MOTORISTA EM CASO DE DUVIDA NA ENTREGA ATENTAR PARA CAMPO DADOS ADICIONAIS/INFORMACOES COMPLEMENTARES DA NOTA FISCAL..;00004295712590 ;00004295712590 ;JOHAN SANTOS BARRETO;RUA AGEMIRO LUIS DOS SANTOS ( PRI;13;;AREAL ( CAIXA PREGO);VALENCA;45400000;BA;42260930621082000314570010000678351001529967 ;75;;009-E-COMMERCE          ;42260936996649000151550080001629241830104451 ;30671710367574-30671710367886;
VAL;N;REC118440-7;N;B.;     ;DOCILE NORDESTE IND. E COM. DE;DOCILE NORDESTE IND. E COM. DE;TERTULINO GALVAO DO ROSARIO LT;RUA GOVERNADOR GONCALVES,173;VALENCA;CENTRO;45400-000;13/05/2026;          ;   121747*;12991,06;513,5;3,82;513,5;146;292;728;52;RETENCAO INDEVIDA;09/05/2026;N  ;          ;SSA027263-9 ;;31898437000118 ;31898437000118 ;TERTULINO GALVAO DO ROSARIO LTDA;RUA GOVERNADOR GONCALVES;173;;CENTRO;VALENCA;45400000;BA;26260430621082000152570020001179491001211112 ;472,93;;001-DIVERSOS            ;26260412020480000131550020001217471173737580 -26260412020480000131550020001217481553972375 ;30671546880103-30671546894740,30671546894887-30671546895011;-
VAL;N;REC126664-1;N;B.;     ;METALURGICA MOR SA - PE 95.422;METALURGICA MOR SA - PE 95.422;BIG ELETRO COM DE UTILIDADES E;RUA CONSELHEIRO CUNHA LOPES,43-CASA;VALENCA;CENTRO;45400-000;30/09/2026;          ;   298014*;14143,98;343,527;4,7973;1199,325;84;168;1.764;17;INFORMATIVA;29/09/2026;N  ;          ;REC003086-4 ;;03690142000116 ;03690142000116 ;BIG ELETRO COM DE UTILIDADES E ELETRODOMESTICOS LTA;RUA CONSELHEIRO CUNHA LOPES;43;CASA;CENTRO;VALENCA;45400000;BA;26260930621082000152570020001261571001517020 ;1.367,07;;007-MOR                 ;26260995422218000906550010002980151658211192 -26260995422218000906550010002980141792066293 ;30671704343728-30671704345022,30671704336341-30671704343690;22245199-22245198
VAL;N;REC126682-9;N;B.;     ;METALURGICA MOR SA - PE 95.422;METALURGICA MOR SA - PE 95.422;MARPRON MAT P CONST LTDA;AVENIDA ANTONIO CARLOS MAGAL,215-GALPAOA;VALENCA;SAO FELIX;45400-000;30/09/2026;          ;298024;21743,72;525,828;9,1497;2287,425;97;194;2.801;34;CTE RETIDO NA ENTREGA;30/09/2026;N  ;          ;REC003086-4 ;;18562891000135 ;18562891000135 ;MARPRON MAT P CONST LTDA;AVENIDA ANTONIO CARLOS MAGALHAES;215;GALPAOA;SAO FELIX;VALENCA;45400000;BA;26260930621082000152570020001261511001516969 ;1.820,51;;007-MOR                 ;26260995422218000906550010002980241292465659 ;30671704373335-30671704383186;22245514
VAL;N;REC126881-3;N;B.;     ;METALURGICA MOR SA - PE 95.422;METALURGICA MOR SA - PE 95.422;MARPRON MAT P CONST LTDA;AVENIDA ANTONIO CARLOS MAGAL,215-GALPAOA;VALENCA;SAO FELIX;45400-000;02/10/2026;          ;298207;18830,55;603,166;11,6645;2916,125;193;193;3.532;34;CTE RETIDO NA ENTREGA;29/09/2026;N  ;          ;REC003088-1 ;;18562891000135 ;18562891000135 ;MARPRON MAT P CONST LTDA;AVENIDA ANTONIO CARLOS MAGALHAES;215;GALPAOA;SAO FELIX;VALENCA;45400000;BA;26260930621082000152570020001263371001522006 ;2.295,62;;007-MOR                 ;26260995422218000906550010002982071832984928 ;30671705558548-30671705577909;22245756
VAL;N;REC127195-4;N;B.;     ;METALURGICA MOR SA - PE 95.422;METALURGICA MOR SA - PE 95.422;COMERCIAL NEGRAO LTDA EPP;AV BEIRA MAR,172;VALENCA;SAO FELIX;45400-000;09/10/2026;          ;298779;3964,77;91,39;0,7867;196,675;25;25;267;84;CHEGADA NA UNIDADE DE DESTINO;28/09/2026;N  ;          ;REC003095-3 ;;14333892000157 ;14333892000157 ;COMERCIAL NEGRAO LTDA EPP;AV BEIRA MAR;172;;SAO FELIX;VALENCA;45400000;BA;26260930621082000152570020001266751001531525 ;173,56;;007-MOR                 ;26260995422218000906550010002987791015277986 ;30671711248904-30671711251588;22250730
VAL;N;REC127290-0;N;A.;     ;SANREMO SA;SANREMO SA;LUAN GOMES DA SILVA MENEZES;R RUI BARBOSA,46;VALENCA;CENTRO;45400-000;09/10/2026;          ;   190675*;8675,35;171,05;2,5;750;92;92;823;84;CHEGADA NA UNIDADE DE DESTINO;28/09/2026;N  ;          ;REC003095-3 ;;46262826000120 ;46262826000120 ;LUAN GOMES DA SILVA MENEZES;R RUI BARBOSA;46;;CENTRO;VALENCA;45400000;BA;26260930621082000152570020001267721001534595 ;535,08;;001-DIVERSOS            ;26260989738173000549550000001906751349607346 -26260989738173000549550000001906761255109536 ;30671712861110-30671712866777,30671712866804-30671712870699;0087484042-0087484064
VAL;N;REC127295-1;N;A.;     ;PINCEIS ATLAS SA;PINCEIS ATLAS SA;MARPRON MAT P CONST LTDA;AVENIDA ANTONIO CARLOS MAGAL,215-GALPAOA;VALENCA;SAO FELIX;45400-000;09/10/2026;          ;306739;4200,8;33,78;0,21;63;18;18;186;84;CHEGADA NA UNIDADE DE DESTINO;28/09/2026;N  ;          ;REC003095-3 ;;18562891000135 ;18562891000135 ;MARPRON MAT P CONST LTDA;AVENIDA ANTONIO CARLOS MAGALHAES;215;GALPAOA;SAO FELIX;VALENCA;45400000;BA;26260930621082000152570020001267791001534669 ;120,95;;001-DIVERSOS            ;26260989723837000768550000003067391779101312 ;30671712881150-30671712883079;87480542
VAL;N;REC127300-1;N;A.;     ;PINCEIS ATLAS SA;PINCEIS ATLAS SA;VALENCA COMERCIO DE TINTAS LTD;AV ANTONIO CARLOS MAGALHAES,279;VALENCA;SAO FELIX;45400-000;09/10/2026;          ;306732;800,49;4,44;0,04;12;3;3;171;84;CHEGADA NA UNIDADE DE DESTINO;28/09/2026;N  ;          ;REC003095-3 ;;45278511000108 ;45278511000108 ;VALENCA COMERCIO DE TINTAS LTDA;AV ANTONIO CARLOS MAGALHAES;279;;SAO FELIX;VALENCA;45400000;BA;26260930621082000152570020001267821001534699 ;111,03;;001-DIVERSOS            ;26260989723837000768550000003067321152165210 ;30671712895499-30671712895838;87480639
VAL;N;REC127326-4;N;B.;     ;METALURGICA MOR SA - PE 95.422;METALURGICA MOR SA - PE 95.422;COMERCIAL NEGRAO LTDA EPP;AV BEIRA MAR,172;VALENCA;SAO FELIX;45400-000;09/10/2026;          ;   298920*;5509,19;157,39;1,1224;280,6;15;15;372;84;CHEGADA NA UNIDADE DE DESTINO;29/09/2026;N  ;          ;REC003094-5 ;;14333892000157 ;14333892000157 ;COMERCIAL NEGRAO LTDA EPP;AV BEIRA MAR;172;;SAO FELIX;VALENCA;45400000;BA;26260930621082000152570020001268091001534961 ;241,71;;007-MOR                 ;26260995422218000906550010002989211629460402 -26260995422218000906550010002989201538472133 ;30671713059443-30671713059755,30671713057974-30671713059306;22251348-22251347
