DESTINO;CTRC/GAI/PAL;T;AUTORIZACAO;PREV DE ENTREGA;NFISCAL;PEDIDO;SUBC;REMETENTE;PAGADOR;ABC;DESTINATARIO;CIDADE;UF;SET;MERCADORIA;FRETE;KgREA;M3;PESO CALCULO;SSWBAR;QVOL;COD ULT OCOR;DESC ULT OCOR;DATA ULT OCOR;PREVCHEGADA;MANIFESTO/END;CHAVE DACTE;COMISSAO RECEPCAO;TROCA GELO
0  ;SKY002888-6; N;08/09/2026;11/09/2026;      923;            ;     ;SP FILM SJC COMERCIO DE PELICU;SP FILM SJC COMERCIO DE PELICU;B.;FRANCISCO EUCIMAR LIRA;GUARA (BRASILIA);DF;710;        200,00;       0,00;   87,000;   0,0000;   87,000;      0;      2;82;SAIDA DE UNIDADE;08/09/26;09/09 08:00;SKY000312-3;35260934197603000147570010000029431000212397 ;          0,00;
ACR;PSA149932-7; N;04/09/2026;24/09/2026;     2444;            ;     ;VOLPE ROSSA COMERCIAL IMPORTAD;VOLPE ROSSA COMERCIAL IMPORTAD;A.;COMERCIAL SIMAO LTDA;RIO BRANCO;AC;SAO;      9.064,29;     809,77;  314,404;   1,0480;  314,404;     42;     42;50;FALTA DE MERCADORIA;10/09/26;;CAM027872-6;35260907655407000287570020021399101007267183 ;          0,00;
ACR;PSA149948-3; N;04/09/2026;02/10/2026;     2350*;            ;     ;VOLPE ROSSA COMERCIAL IMPORTAD;VOLPE ROSSA COMERCIAL IMPORTAD;A.;N SILVA SAMPAIO EIRELI;CRUZEIRO DO SUL;AC;SAO;      8.579,28;     960,05;  264,752;   0,8825;  264,752;     17;     17;50;FALTA DE MERCADORIA;10/09/26;;CAM027872-6;35260907655407000287570020021399031007267111 ;          0,00;
ACR;FND153711-3; N;09/09/2026;13/10/2026;     3498;            ;     ;DESPUMALAR ECOMMERCE LTDA;DESPUMALAR ECOMMERCE LTDA;C.;THAYANNE MARTINS DA SILVA;SENA MADUREIRA;AC;SAO;      1.755,09;     570,00;   67,000;   0,5400;  162,000;      0;      5;  ;;        ; HOJE 08:00;FND000592-4;35260907655407000287570020021422601007305161 ;          0,00;
ACR;VIX033303-4; N;09/09/2026;08/10/2026;  2851848;            ;     ;WEBCONTINENTAL LTDA;WEBCONTINENTAL LTDA;A1;BRUNA ALBUQUERQUE;FEIJO;AC;SAO;      3.430,28;     597,64;   64,900;   0,5100;  102,000;      0;      1;  ;;        ; HOJE 13:01;VIX000375-1;32260907655407001844570010000343231007306480 ;          0,00;
ALT;SAO154487-0; N;11/09/2026;24/09/2026;    22082;4500142889  ;     ;WM SANTOS COMANDOS ELETRICOS L;WM SANTOS COMANDOS ELETRICOS L;C.;COMPANHIA HIDRELETRICA TELES P;ALTA FLORESTA;MT;785;    157.500,00;   4.935,00;    1,960;   0,0187;    5,610;      0;      1;80;CTRC EMITIDO;11/09/26;;;35260907655407000287570020021432671007324684 ;        780,22;
ARG;BIR152374-1; N;08/09/2026;25/09/2026;    15490;11084       ;     ;MARIO BEARARE NETO ME;MARIO BEARARE NETO ME;B.;TAQUARALTO COMERCIO DE ROUPAS;AUGUSTINOPOLIS;TO;PMW;      2.409,84;     180,34;   37,776;   0,2500;   37,776;      7;      7;83;CHEGADA NA UNIDADE INTERMEDIARIA ;10/09/26;;BIR000388-3;35260907655407000287570020021408801007281927 ;         70,00;
ARG;BIR153146-8; N;09/09/2026;25/09/2026;    15792;            ;     ;PECUARISTA D OESTE DE ARACATUB;PECUARISTA D OESTE DE ARACATUB;A.;ALVORADA COM. PRODUTOS AGROPEC;ARAGUAINA;TO;PMW;     17.400,00;   1.296,96;  183,500;   0,6100;  183,500;     11;     11;83;CHEGADA NA UNIDADE INTERMEDIARIA ;10/09/26;;BIR000388-3;35260907655407000287570020021418411007297935 ;        500,88;
ARG;VIX032896-1; N;04/09/2026;22/09/2026;  2847584;            ;     ;WEBCONTINENTAL LTDA;WEBCONTINENTAL LTDA;A1;MIGUEL BARBOSA;ARAGUAINA;TO;PMW;      2.133,99;     199,81;   27,500;   0,2000;   40,000;      0;      2;83;CHEGADA NA UNIDADE INTERMEDIARIA ;10/09/26;;VIX000373-5;32260907655407001844570010000339151007272477 ;         61,54;
ARG;VIX032912-6; N;04/09/2026;22/09/2026;  2848250;            ;     ;WEBCONTINENTAL LTDA;WEBCONTINENTAL LTDA;A1;MARIA DE FATIMA ALVES;XAMBIOA;TO;PMW;      2.103,99;     199,57;   27,500;   0,1800;   36,000;      0;      2;83;CHEGADA NA UNIDADE INTERMEDIARIA ;10/09/26;;VIX000373-5;32260907655407001844570010000339311007272632 ;         70,00;
ARG;SAO154774-7; N;11/09/2026;25/09/2026;    41216;            ;     ;TECTAPE PAULISTA IND E COM DE;TECTAPE PAULISTA IND E COM DE;C.;GRANAJA FARIAS S/A;DARCINOPOLIS;TO;PMW;     10.350,00;     942,31;  306,000;   0,7630;  306,000;      0;     20;80;CTRC EMITIDO;11/09/26;;;35260907655407000287570020021436181007328849 ;        306,72;
ARG;SAO154835-2; N;11/09/2026;25/09/2026;  3052091;            ;     ;LORENZETTI SA INDS BRASILEIRAS;LORENZETTI SA INDS BRASILEIRAS;A2;A PREDILAR MATS CONSTR LTDA;ARAGUAINA;TO;PMW;      6.195,22;     284,94;   45,041;   0,4663;  116,575;      0;     10;80;CTRC EMITIDO;11/09/26;;;35260907655407000287570020021436511007329203 ;         92,75;
ARG;SAO154841-7; N;11/09/2026;28/09/2026;  3052108;            ;     ;LORENZETTI SA INDS BRASILEIRAS;LORENZETTI SA INDS BRASILEIRAS;A2;ALMEIDA COMERCIO DE MATERIAL P;AUGUSTINOPOLIS;TO;PMW;      2.436,92;     197,89;   21,114;   0,2262;   56,550;      0;      5;80;CTRC EMITIDO;11/09/26;;;35260907655407000287570020021436561007329250 ;         70,00;
ARG;MMJ014814-8; N;28/08/2026;14/09/2026;     2293;            ;     ;SG FORMAS E EQUIPAMENTOS LTDA;SG FORMAS E EQUIPAMENTOS LTDA;C.;JOACY LIMA BRITO;ARAGUATINS;TO;779;        955,00;       0,00;   24,000;   0,0000;   24,000;      0;      5;53;MERCADORIA AVARIADA;11/09/26;02/09 01:07;PPY002455-4;31260826962595000150570010000164171000209967 ;          0,00;
ARG;FND151733-3; N;04/09/2026;23/09/2026;      943;            ;     ;JOAO LUIZ PASSARIN FILHO;JOAO LUIZ PASSARIN FILHO;..;GERALDO VALADARES QUEIROZ;BARRA DO OURO;TO;PMW;     17.665,00;   1.846,71;  680,000;   1,2000;  680,000;      0;     36;  ;;        ; HOJE 08:00;FND000592-4;35260907655407000287570020021401211007271701 ;        601,10;
ARG;FND153450-5; N;09/09/2026;25/09/2026;      209;            ;     ;WEB HOLZ INDUSTRIA E COMERCIO;WEB HOLZ INDUSTRIA E COMERCIO;C.;ELIUDY ALVES;COLINAS DO TOCANTINS;TO;PMW;      1.554,50;     276,04;   45,000;   0,1459;   45,000;      0;      2;  ;;        ; HOJE 08:00;FND000592-4;35260907655407000287570020021420481007302221 ;         89,85;
ARG;VIX033008-6; N;08/09/2026;23/09/2026;  3313525;29150489    ;     ;BELMICRO TECNOLOGIA S/A;BELMICRO TECNOLOGIA S/A;A.;HALLISON CARVALHO GOMES NULL;XAMBIOA;TO;PMW;      1.245,50;     132,45;   17,730;   0,1762;   47,574;      0;      1;  ;;        ; HOJE 13:01;VIX000375-1;32260907655407001844570010000342431007290964 ;         70,00;
ARG;VIX033009-4; N;08/09/2026;23/09/2026;  3314036;29151576    ;     ;BELMICRO TECNOLOGIA S/A;BELMICRO TECNOLOGIA S/A;A.;DANIEL CAIO LEMOS PENNO NULL;COLINAS DO TOCANTINS;TO;PMW;      2.638,90;     194,76;   50,000;   0,3703;   99,981;      0;      1;  ;;        ; HOJE 13:01;VIX000375-1;32260907655407001844570010000342441007290970 ;         70,00;
BAU;CBA017614-1; N;31/08/2026;14/09/2026;     2851;            ;     ;INDIANARA DA CRUZ MACHADO;BRAVE FITNESS EQUIPAMENTOS LTD;B.;BRAVE FITNESS EQUIPAMENTOS LTD;AGUDOS;SP;SJR;      1.000,00;     441,97;  220,000;   0,0734;  220,000;      0;     12;  ;;        ; HOJE 15:59;CBA006632-0;51260807655407000368570020000174991007197044 ;         77,79;
BDG;BIR150667-6; N;03/09/2026;17/09/2026;    15762;            ;     ;PECUARISTA D OESTE DE ARACATUB;PECUARISTA D OESTE DE ARACATUB;A.;SOUBHIA E CIA LTDA (000311/04);BARRA DO GARCAS;MT;001;     10.176,00;     613,57;  114,580;   0,3700;  114,580;      6;      6;83;CHEGADA NA UNIDADE INTERMEDIARIA ;08/09/26;;BIR000387-5;35260907655407000287570020021391331007250974 ;          0,00;
BDG;BAU144254-6; N;25/08/2026;10/09/2026;    43660;            ;     ;GLASSMAR IND. E COM. DE FIBRA ;CASA DO PINTOR MATERIAIS PARA;C.;CASA DO PINTOR MATERIAIS PARA;VILA RICA;MT;004;      1.827,63;   1.228,96;   37,430;   2,5518;  765,540;      2;      2;95;ATENDIMENTO/ INFORMACOES/ TRATATIVAS INTERNAS;08/09/26;;CAM027754-1;35260807655407000287570020021323421007129070 ;          0,00;
BDG;CAM426149-6; N;05/09/2026;16/09/2026;   669580*;            ;     ;FORTUNA COMERCIO LTDA;SM5 COM. DE OCULOS E RELOGIO L;C.;SM5 COM. DE OCULOS E RELOGIO L;BARRA DO GARCAS;MT;001;      4.803,40;     193,48;   19,193;   0,0250;   19,193;      6;      6;83;CHEGADA NA UNIDADE INTERMEDIARIA ;09/09/26;;CAM027872-6;35260907655407000520570030004642921007276707 ;          0,00;
BDG;CAM426159-3; N;04/09/2026;18/09/2026;    87581;            ;     ;KALIPSO EQUIP INDIVID DE PROTE;KALIPSO EQUIP INDIVID DE PROTE;A.;VALE SAFE QUERENCIA LTDA;QUERENCIA;MT;003;      5.514,50;     237,90;  119,400;   0,3467;  119,400;      8;      8;83;CHEGADA NA UNIDADE INTERMEDIARIA ;09/09/26;;CAM027872-6;35260907655407000520570030004642741007275060 ;          0,00;
BDG;PSA149153-9; N;01/09/2026;16/09/2026;   528641;            ;     ;FRIGELAR COMERCIO E INDUSTRIA;FRIGELAR COMERCIO E INDUSTRIA;A1;JULIANA CARLOS DANTAS;SANTA TEREZINHA;MT;005;        846,27;     141,14;   10,500;   0,0532;   15,960;      1;      1;83;CHEGADA NA UNIDADE INTERMEDIARIA ;09/09/26;;CAM027872-6;35260907655407000287570020021374251007223387 ;          0,00;
BDG;PSA151137-8; N;04/09/2026;18/09/2026;     2522;            ;     ;VOLPE ROSSA COMERCIAL IMPORTAD;VOLPE ROSSA COMERCIAL IMPORTAD;A.;ELEUBIA DOMINGOS DE ARAUJO ME;CONFRESA;MT;004;      6.134,37;     532,52;  224,350;   0,7478;  224,350;     18;     18;83;CHEGADA NA UNIDADE INTERMEDIARIA ;09/09/26;;CAM027872-6;35260907655407000287570020021399331007267420 ;          0,00;
BDG;PSA151861-5; N;04/09/2026;21/09/2026;   211093;47506449    ;     ;MIMO IMPORTACAO E EXPORTACAO S;MIMO IMPORTACAO E EXPORTACAO S;A3;GAROTADA MODA INFANTIL LTDA;CONFRESA;MT;004;     19.514,14;   2.082,52;  315,008;   3,8571;  964,275;     28;     28;83;CHEGADA NA UNIDADE INTERMEDIARIA ;09/09/26;;CAM027872-6;35260907655407000287570020021402461007274438 ;          0,00;
BDG;PSA151924-7; N;04/09/2026;17/09/2026;  3639547;0800947022  ;     ;GRUPO MULTI S A;GRUPO MULTI S A;A1;DR NEGOCIOS LTDA;BARRA DO GARCAS;MT;001;      1.222,75;     129,41;    8,960;   0,1779;   44,475;      2;      2;83;CHEGADA NA UNIDADE INTERMEDIARIA ;09/09/26;;CAM027872-6;35260907655407000287570020021402331007274308 ;          0,00;
BDG;RAO004675-2; N;04/09/2026;18/09/2026;    67202;            ;     ;ANDERSSON GALVES DE LIMA;ANDERSSON GALVES DE LIMA;C.;LUCIENE SOUZA PEREIRA GUIMARAE;BOM JESUS DO ARAGUAIA;MT;004;        212,00;     130,00;    9,000;   0,0320;    9,600;      2;      2;83;CHEGADA NA UNIDADE INTERMEDIARIA ;09/09/26;;CAM027872-6;35260907655407001925570010000046681007270763 ;          0,00;
BDG;RAO004676-1; N;04/09/2026;18/09/2026;    67203;            ;     ;ANDERSSON GALVES DE LIMA;ANDERSSON GALVES DE LIMA;C.;QUESIA PEREIRA DE SOUZA NEVES;QUERENCIA;MT;003;        980,00;     130,00;   38,000;   0,0960;   38,000;      6;      6;83;CHEGADA NA UNIDADE INTERMEDIARIA ;09/09/26;;CAM027872-6;35260907655407001925570010000046691007270779 ;          0,00;
BDG;CAM425954-8; N;03/09/2026;17/09/2026;  1053373;            ;     ;NEWELL BRANDS BRASIL LTDA (SOB;NEWELL BRANDS BRASIL LTDA (SOB;A2;IRES STUP MULTI EMBALAGENS;CANARANA;MT;002;      8.338,46;     647,25;  164,610;   1,1694;  292,350;      0;     37;83;CHEGADA NA UNIDADE INTERMEDIARIA ;10/09/26;;CAM027882-3;35260907655407000520570030004640601007260407 ;          0,00;
BDG;CAM425959-9; N;03/09/2026;17/09/2026;  1053365;            ;     ;NEWELL BRANDS BRASIL LTDA (SOB;NEWELL BRANDS BRASIL LTDA (SOB;A2;GOTZ E DEBASTIANI LTDA;CANARANA;MT;002;     11.819,59;     802,44;  176,870;   1,4406;  360,150;      0;     31;83;CHEGADA NA UNIDADE INTERMEDIARIA ;10/09/26;;CAM027882-3;35260907655407000520570030004640431007260236 ;          0,00;
BDG;PSA152988-9; N;08/09/2026;22/09/2026;   210955;47506373    ;     ;MIMO IMPORTACAO E EXPORTACAO S;MIMO IMPORTACAO E EXPORTACAO S;A3;LUCIVANE DAVID DA COSTA LTDA;QUERENCIA;MT;003;      3.010,15;     535,27;   61,838;   0,9675;  241,875;      0;      5;83;CHEGADA NA UNIDADE INTERMEDIARIA ;10/09/26;;CAM027882-3;35260907655407000287570020021413251007291758 ;          0,00;
BDG;JOI001852-0; N;04/09/2026;18/09/2026;  1008244;JBS-67175220;     ;DIMENSIONAL BRASIL SOLUCOES LT;DIMENSIONAL BRASIL SOLUCOES LT;A1;JBS S/A;BARRA DO GARCAS;MT;001;        421,50;     414,37;    0,020;   0,0031;    0,930;      1;      1;83;CHEGADA NA UNIDADE INTERMEDIARIA ;08/09/26;;CWB000481-2;42260907655407002140570200000018431007265983 ;          0,00;
BDG;CWB011889-3; N;04/09/2026;23/09/2026;  7429358;134185430000;     ;LOJA ELECTROLUX COM VIRTUAL DE;LOJA ELECTROLUX COM VIRTUAL DE;A.;MARIA TELMA RIBEIRO DA CRUZ;VILA RICA;MT;004;      4.140,13;     589,99;   72,000;   0,9910;  247,750;      1;      1;83;CHEGADA NA UNIDADE INTERMEDIARIA ;09/09/26;;CWB000483-9;41260907655407001763570010000118291007269727 ;          0,00;
BDG;IBI148198-3; N;31/08/2026;16/09/2026;    13541;            ;     ;ELIZA ENXOVAIS LTDA;ELIZA ENXOVAIS LTDA;B.;FABIULA CAROLINE DE OLIVEIRA;SAO JOSE DO XINGU;MT;005;      1.596,98;     469,45;   68,800;   0,7275;  181,875;      4;      4;83;CHEGADA NA UNIDADE INTERMEDIARIA ;08/09/26;;IBI000236-4;35260807655407000287570020021364191007202430 ;          0,00;
BDG;SJP150548-3; N;03/09/2026;17/09/2026;  1131786;            ;     ;CASSINI E MOREIRA COM DE MOVEI;CASSINI E MOREIRA COM DE MOVEI;A3;570720 - KHALEBOREBEWE;BARRA DO GARCAS;MT;001;        361,71;     170,70;   23,500;   0,0000;   23,500;      1;      1;83;CHEGADA NA UNIDADE INTERMEDIARIA ;04/09/26;;SJP000584-3;35260907655407000287570020021390551007250011 ;          0,00;
BDG;SJP150623-4; N;03/09/2026;17/09/2026;  1133498;            ;     ;CASSINI E MOREIRA COM DE MOVEI;CASSINI E MOREIRA COM DE MOVEI;A3;261077 - ELYMARI ALVES MARTINS;BARRA DO GARCAS;MT;001;        766,72;     190,01;   41,700;   0,0000;   41,700;      1;      1;83;CHEGADA NA UNIDADE INTERMEDIARIA ;04/09/26;;SJP000584-3;35260907655407000287570020021391191007250657 ;          0,00;
BDG;CAT147052-3; N;28/08/2026;15/09/2026;   262564;201978      ;     ;HMDK DIGITAL MOVEIS E DECORACO;HMDK DIGITAL MOVEIS E DECORACO;A.;ANDERSON BARBOSA RODRIGUES;CANARANA;MT;002;      1.774,59;     300,99;   65,280;   0,1622;   65,280;      2;      2;83;CHEGADA NA UNIDADE INTERMEDIARIA ;04/09/26;;SJP000585-1;35260807655407000287570020021351961007180486 ;          0,00;
BDG;CAT147878-8; N;31/08/2026;16/09/2026;   262688;201063      ;     ;HMDK DIGITAL MOVEIS E DECORACO;HMDK DIGITAL MOVEIS E DECORACO;A.;MACGAIVER MAX NEVES SOUZA;QUERENCIA;MT;003;      1.447,48;     298,87;   65,280;   0,1600;   65,280;      2;      2;83;CHEGADA NA UNIDADE INTERMEDIARIA ;04/09/26;;SJP000585-1;35260807655407000287570020021361511007197799 ;          0,00;
BDG;CAT149701-4; N;02/09/2026;18/09/2026;   262919;202196      ;     ;HMDK DIGITAL MOVEIS E DECORACO;HMDK DIGITAL MOVEIS E DECORACO;A.;MARI ANNE C ESTEVES RESENDE;LUCIARA;MT;005;      4.372,23;     801,02;  135,000;   0,7785;  233,550;      3;      3;83;CHEGADA NA UNIDADE INTERMEDIARIA ;09/09/26;;SJP000586-0;35260907655407000287570020021380411007233176 ;          0,00;
BDG;UDI034040-5; N;04/09/2026;16/09/2026;   177114*;2285472NAO  ;     ;PRODUTOS ERLAN S/A;PRODUTOS ERLAN S/A;B3;ESMERALDA COMERCIO E SERVICOS;BARRA DO GARCAS;MT;001;      8.290,57;     874,39;  509,750;   1,5774;  509,750;     40;     40;83;CHEGADA NA UNIDADE INTERMEDIARIA ;10/09/26;;UDI002589-5;31260907655407001097570100000563551007265695 ;          0,00;
BDG;UDI034042-1; N;04/09/2026;18/09/2026;   176927*;2278574NAO  ;     ;PRODUTOS ERLAN S/A;PRODUTOS ERLAN S/A;B3;QUERENFESTA PRODUTOS PARA FEST;QUERENCIA;MT;003;      5.020,94;     724,08;  426,140;   1,2258;  426,140;     33;     33;83;CHEGADA NA UNIDADE INTERMEDIARIA ;10/09/26;;UDI002589-5;31260907655407001097570100000563631007265816 ;          0,00;
BDG;UDI034048-1; N;04/09/2026;18/09/2026;   176923*;2278614NAO  ;     ;PRODUTOS ERLAN S/A;PRODUTOS ERLAN S/A;B3;CONFESTA PRODUTOS PARA FESTA L;CONFRESA;MT;004;      9.708,68;   1.167,94;  695,940;   1,6218;  695,940;     51;     51;83;CHEGADA NA UNIDADE INTERMEDIARIA ;10/09/26;;UDI002589-5;31260907655407001097570100000563581007265760 ;          0,00;
BDG;VIX032578-3; N;02/09/2026;14/09/2026;   980614;            ;     ;WEBCONTINENTAL LTDA;WEBCONTINENTAL LTDA;A1;PAULO HENRIQUE;ARAGARCAS;GO;001;      2.535,69;     130,99;   30,100;   0,2200;   44,000;      2;      2;83;CHEGADA NA UNIDADE INTERMEDIARIA ;05/09/26;;VIX000371-9;32260907655407001844570010000335641007240098 ;          0,00;
BDG;VIX032817-1; N;04/09/2026;21/09/2026;  3304485;29122501    ;     ;BELMICRO TECNOLOGIA S/A;BELMICRO TECNOLOGIA S/A;A.;LABORATORIO MARIA SANTISSIMA L;CANARANA;MT;002;      1.448,90;     222,22;   29,000;   0,3853;  104,031;      1;      1;83;CHEGADA NA UNIDADE INTERMEDIARIA ;09/09/26;;VIX000372-7;32260907655407001844570010000339691007273229 ;          0,00;
BDG;VIX032661-5; N;03/09/2026;18/09/2026;  3302849;29116511    ;     ;BELMICRO TECNOLOGIA S/A;BELMICRO TECNOLOGIA S/A;A.;LISARAUJONX;AGUA BOA;MT;002;      3.175,29;     328,33;   55,000;   0,5805;  156,735;      0;      1;83;CHEGADA NA UNIDADE INTERMEDIARIA ;10/09/26;;VIX000373-5;32260907655407001844570010000337651007257363 ;          0,00;
BDG;VIX032671-2; N;03/09/2026;16/09/2026;  3302898;29117369    ;     ;BELMICRO TECNOLOGIA S/A;BELMICRO TECNOLOGIA S/A;A.;HENZZO AUGUSTO NULL;BARRA DO GARCAS;MT;001;      1.744,25;     160,11;   25,400;   0,2413;   65,151;      0;      1;83;CHEGADA NA UNIDADE INTERMEDIARIA ;10/09/26;;VIX000373-5;32260907655407001844570010000337811007257529 ;          0,00;
BDG;VIX032681-0; N;03/09/2026;18/09/2026;  3302369;29114631    ;     ;BELMICRO TECNOLOGIA S/A;BELMICRO TECNOLOGIA S/A;A.;EDUARDA BOLSANELLI NULL;QUERENCIA;MT;003;      3.258,29;     207,08;   34,500;   0,2660;   71,820;      0;      2;83;CHEGADA NA UNIDADE INTERMEDIARIA ;10/09/26;;VIX000373-5;32260907655407001844570010000337971007257685 ;          0,00;
BDG;VIX032683-6; N;03/09/2026;16/09/2026;  3301065;29109959    ;     ;BELMICRO TECNOLOGIA S/A;BELMICRO TECNOLOGIA S/A;A.;AHBYA STEFANNY ELIAS DA SILVA ;BARRA DO GARCAS;MT;001;      3.728,90;     226,06;   54,500;   0,4114;  111,078;      0;      2;83;CHEGADA NA UNIDADE INTERMEDIARIA ;10/09/26;;VIX000373-5;32260907655407001844570010000337981007257690 ;          0,00;
BDG;VIX032800-6; N;04/09/2026;21/09/2026;  3304734;29123047    ;     ;BELMICRO TECNOLOGIA S/A;BELMICRO TECNOLOGIA S/A;A.;FORCA AGRICOLA NULL;AGUA BOA;MT;002;      1.178,90;     176,64;   26,000;   0,2343;   63,261;      0;      1;83;CHEGADA NA UNIDADE INTERMEDIARIA ;10/09/26;;VIX000373-5;32260907655407001844570010000339521007273051 ;          0,00;
BDG;SAO152087-3; N;05/09/2026;15/09/2026;  3049970;            ;     ;LORENZETTI SA INDS BRASILEIRAS;LORENZETTI SA INDS BRASILEIRAS;A2;CENTRO OESTE PARAFUSOS EIRELI;ARAGARCAS;GO;001;      5.825,12;     195,98;   42,782;   0,4181;  104,525;      0;     10;80;CTRC EMITIDO;05/09/26;;;35260907655407000287570020021407931007280958 ;          0,00;
BDG;SAO152194-2; N;08/09/2026;16/09/2026;  1384937;109208611   ;     ;BRS SP SUPRIMENTOS CORPORATIVO;BRS SP SUPRIMENTOS CORPORATIVO;A1;BANCO SANTANDER (BRASIL) S.A.;BARRA DO GARCAS;MT;001;      1.372,87;     152,95;   60,270;   0,2692;   60,270;      0;     10;80;CTRC EMITIDO;08/09/26;;;35260907655407000287570020021414691007293483 ;          0,00;
BDG;SAO152254-0; N;09/09/2026;18/09/2026;  1385614;109214077   ;     ;BRS SP SUPRIMENTOS CORPORATIVO;BRS SP SUPRIMENTOS CORPORATIVO;A1;BANCO BRADESCO SA;SAO FELIX DO ARAGUAIA;MT;005;      1.737,18;     156,09;   58,193;   0,2611;   58,193;      0;     18;80;CTRC EMITIDO;09/09/26;;;35260907655407000287570020021419791007300041 ;          0,00;
BDG;SAO152313-9; N;09/09/2026;16/09/2026;  1385173;109217505   ;     ;BRS SP SUPRIMENTOS CORPORATIVO;BRS SP SUPRIMENTOS CORPORATIVO;A1;ITAU UNIBANCO S.A;BARRA DO GARCAS;MT;001;        354,74;     108,45;   27,900;   0,1383;   27,900;      0;      4;80;CTRC EMITIDO;09/09/26;;;35260907655407000287570020021425221007311213 ;          0,00;
BDG;SAO152360-1; N;08/09/2026;21/09/2026;    59832;117768      ;     ;DIVERTOYS INDUSTRIA E COMERCIO;EVANDRO PIVETTA ME;C.;EVANDRO PIVETTA ME;GAUCHA DO NORTE;MT;005;      1.508,19;     405,46;   41,590;   0,8841;  265,230;      0;     10;80;CTRC EMITIDO;08/09/26;;;35260907655407000287570020021410051007284450 ;          0,00;
BDG;SAO152376-7; N;08/09/2026;17/09/2026;     2324;            ;     ;NILLUC UTILIDADES DOMESTICAS L;S. M. MOHAMAD SAFA;B3;S. M. MOHAMAD SAFA;BARRA DO GARCAS;MT;001;        360,96;     120,09;   60,110;   0,5977;  179,310;      0;     32;80;CTRC EMITIDO;08/09/26;;;35260907655407000287570020021409951007284355 ;          0,00;
BDG;SAO152382-1; N;08/09/2026;21/09/2026;    21579;13813       ;     ;J.C. REI IND. E COM. DE AUTO P;MAURICIO FERREIRA XAVIER E CIA;C.;MAURICIO FERREIRA XAVIER E CIA;AGUA BOA;MT;002;      1.631,75;     108,66;    9,050;   0,0236;    9,050;      0;      1;80;CTRC EMITIDO;08/09/26;;;35260907655407000287570020021410181007284580 ;          0,00;
BDG;SAO152392-9; N;08/09/2026;21/09/2026;   828544;            ;     ;DUAS RODAS INDUSTRIAL LTDA;HAPPY DAY FESTA LTDA;..;HAPPY DAY FESTA LTDA;CONFRESA;MT;004;      5.002,79;     320,00;  182,160;   0,4804;  182,160;      0;     41;80;CTRC EMITIDO;08/09/26;;;35260907655407000287570020021410061007284466 ;          0,00;
BDG;SAO152430-5; N;08/09/2026;17/09/2026;     3668;            ;     ;VENTIMAIS DE MINAS INDUSTRIA E;M A M LEIMOUN  LTDA;B.;M A M LEIMOUN  LTDA;BARRA DO GARCAS;MT;001;      1.377,58;      84,31;   53,400;   0,0676;   53,400;      0;      5;80;CTRC EMITIDO;08/09/26;;;35260907655407000287570020021410511007285034 ;          0,00;
BDG;SAO152438-1; N;08/09/2026;17/09/2026;    29453;            ;ERWRD;PERSONA COMERCIO IMPORTACAO E ;HB TRANSPORTES E LOGISTICA EIR;A.;DIVERSAO NAUTICA ZL LTDA;BARRA DO GARCAS;MT;001;     15.267,62;     376,72;   44,000;   0,7501;  225,030;      0;      2;80;CTRC EMITIDO;08/09/26;;;35260907655407000287570020021411471007286394 ;          0,00;
BDG;SAO152455-1; N;08/09/2026;17/09/2026;    71793;            ;     ;AMIGOLD IMP. E EXP. DE ARTIGOS;S. M. MOHAMAD SAFA;B3;S. M. MOHAMAD SAFA;BARRA DO GARCAS;MT;001;      2.805,45;     174,33;  169,440;   0,7393;  221,790;      0;     10;80;CTRC EMITIDO;08/09/26;;;35260907655407000287570020021410751007285273 ;          0,00;
BDG;SAO152456-9; N;08/09/2026;17/09/2026;    32951;6582        ;     ;ECOPER QUIMICA LTDA;ECOPER QUIMICA LTDA;C.;UNIMED B. DO GARCAS COOP. DE T;BARRA DO GARCAS;MT;001;      4.270,56;     432,85;  234,520;   0,4201;  234,520;      0;     18;80;CTRC EMITIDO;08/09/26;;;35260907655407000287570020021414091007292837 ;          0,00;
BDG;SAO152458-5; N;08/09/2026;21/09/2026;  1763415;2608        ;     ;DARNEL EMBALAGENS LTDA.;CONFESTA PRODUTOS PARA FESTA L;C2;CONFESTA PRODUTOS PARA FESTA L;CONFRESA;MT;004;         98,36;     187,47;    2,260;   0,1783;   53,490;      0;      1;80;CTRC EMITIDO;08/09/26;;;35260907655407000287570020021410761007285289 ;          0,00;
BDG;SAO152616-2; N;08/09/2026;21/09/2026;   914421;0           ;     ;ACRILEX TINTAS ESPECIAIS S A;EVANDRO PIVETTA ME;C.;EVANDRO PIVETTA ME;GAUCHA DO NORTE;MT;005;      8.611,71;     434,72;  276,560;   0,7200;  276,560;      0;     27;80;CTRC EMITIDO;08/09/26;;;35260907655407000287570020021412111007287385 ;          0,00;
BDG;SAO152628-6; N;08/09/2026;21/09/2026;  1223062;            ;     ;SBARDELLINI E CIA LTDA;SBARDELLINI E CIA LTDA;C.;CRISTAL MATERIAIS PARA CONSTRU;AGUA BOA;MT;002;      1.799,64;     184,48;   15,390;   0,4500;  135,000;      0;     14;80;CTRC EMITIDO;08/09/26;;;35260907655407000287570020021412071007287242 ;          0,00;
BDG;SAO152648-1; N;08/09/2026;21/09/2026;   137851;374211-     ;     ;DAIKIN MCQUAY AR CONDICIONADO;DAIKIN MCQUAY AR CONDICIONADO;B.;PABLO MARQUES FERREIRA;VILA RICA;MT;004;      3.858,44;     329,62;   41,000;   0,2672;   80,160;      0;      2;80;CTRC EMITIDO;08/09/26;;;35260907655407000287570020021413911007292652 ;          0,00;
BDG;SAO152660-0; N;08/09/2026;21/09/2026;     9496;            ;     ;KAZANGIL AUTOPECAS IMP EXP LTD;MAURICIO FERREIRA XAVIER E CIA;C.;MAURICIO FERREIRA XAVIER E CIA;AGUA BOA;MT;002;      6.844,80;     371,31;  107,200;   0,2130;  107,200;      0;      5;80;CTRC EMITIDO;08/09/26;;;35260907655407000287570020021413981007292726 ;          0,00;
BDG;SAO152728-2; N;09/09/2026;17/09/2026;   166147;            ;     ;ABC ARTEFATOS DE BORRACHA COEL;ABC ARTEFATOS DE BORRACHA COEL;B.;CAIADO PNEUS LTDA;BARRA DO GARCAS;MT;001;      3.231,09;     238,27;  100,350;   0,1575;  100,350;      0;      5;80;CTRC EMITIDO;09/09/26;;;35260907655407000287570020021416541007295816 ;          0,00;
BDG;SAO152740-1; N;08/09/2026;21/09/2026;   159776;67328849    ;     ;SHARPLOG SOLUCOES LOGISTICAS;JBS S/A AGUA BOA;B.;JBS S/A AGUA BOA;AGUA BOA;MT;002;      2.666,22;     539,60;  244,300;   1,4600;  438,000;      0;     70;80;CTRC EMITIDO;08/09/26;;;35260907655407000287570020021414441007293182 ;          0,00;
BDG;SAO152754-1; N;08/09/2026;21/09/2026;    32100;            ;     ;CSB CONFEC PROD ORTOP RADIOLOG;CSB CONFEC PROD ORTOP RADIOLOG;C.;J4 MED SAUDE LTDA;CONFRESA;MT;004;      2.135,83;     321,08;   16,000;   0,3663;  109,890;      0;      2;80;CTRC EMITIDO;08/09/26;;;35260907655407000287570020021414511007293250 ;          0,00;
BDG;SAO152925-1; N;08/09/2026;21/09/2026;  1254893;            ;UBSYQ;GAZIN IND E COM DE MOVEIS E EL;IDH TRANSPORTES DE CARGAS LTDA;B2;ROSANGELA DIAS ALVES;NOVA XAVANTINA;MT;002;      4.666,17;     217,44;   45,000;   0,3100;   93,000;      0;      1;  ;;        ;;;35260907655407000287570020021415321007294558 ;          0,00;
BDG;SAO153018-6; N;09/09/2026;21/09/2026;   304242;            ;     ;VOESTALPINE BOHLER WELDING SOL;SOLANGE A A DE CONTO LTDA;.2;SOLANGE A A DE CONTO LTDA;NOVA XAVANTINA;MT;002;     11.189,95;   1.467,56;  413,108;   0,3249;  413,108;      0;      1;80;CTRC EMITIDO;09/09/26;;;35260907655407000287570020021417091007296367 ;          0,00;
BDG;SAO153040-2; N;09/09/2026;21/09/2026;  3050809;            ;     ;LORENZETTI SA INDS BRASILEIRAS;LORENZETTI SA INDS BRASILEIRAS;A2;S F LIMA LTDA;AGUA BOA;MT;002;      6.801,40;     168,26;   37,386;   0,3506;   87,650;      0;     12;80;CTRC EMITIDO;09/09/26;;;35260907655407000287570020021417491007296796 ;          0,00;
BDG;SAO153116-6; N;09/09/2026;18/09/2026;   344644;            ;     ;FABRICA DE ARTEF DE LATEX SAO ;M A M LEIMOUN  LTDA;B.;M A M LEIMOUN  LTDA;BARRA DO GARCAS;MT;001;      2.473,76;     101,61;   41,760;   0,1743;   52,290;      0;      5;80;CTRC EMITIDO;09/09/26;;;35260907655407000287570020021420151007300619 ;          0,00;
BDG;SAO153257-0; N;09/09/2026;22/09/2026;   233918;            ;     ;CALESITA INDUSTRIA DE BRINQUED;GAROTADA MODA INFANTIL LTDA;C3;GAROTADA MODA INFANTIL LTDA;CONFRESA;MT;004;     11.092,39;   3.720,98;  249,350;   8,2922; 2487,660;      0;     46;80;CTRC EMITIDO;09/09/26;;;35260907655407000287570020021420311007301813 ;          0,00;
BDG;SAO153345-2; N;09/09/2026;22/09/2026;   145008;            ;     ;GATE 72 COMERCIAL IMP E EXP LT;MEGA PAPELARIA LTDA;C.;MEGA PAPELARIA LTDA;NOVA XAVANTINA;MT;002;     10.973,29;     671,40;  222,929;   1,4361;  430,829;      0;     43;80;CTRC EMITIDO;09/09/26;;;35260907655407000287570020021419911007300364 ;          0,00;
BDG;SAO153347-9; N;09/09/2026;18/09/2026;    30007;            ;     ;MAXXIMO IND. E COM. DE UTILID.;M A M LEIMOUN  LTDA;B.;M A M LEIMOUN  LTDA;BARRA DO GARCAS;MT;001;      7.251,11;     622,25;  251,890;   3,0050;  901,500;      0;     46;80;CTRC EMITIDO;09/09/26;;;35260907655407000287570020021419941007300390 ;          0,00;
BDG;SAO153394-1; N;09/09/2026;22/09/2026;    17930;            ;     ;BARAO DAS FESTAS EIRELI EPP;CONFESTA PRODUTOS PARA FESTA L;C2;CONFESTA PRODUTOS PARA FESTA L;CONFRESA;MT;004;      2.267,90;     187,47;   25,000;   0,0000;   25,000;      0;      9;80;CTRC EMITIDO;09/09/26;;;35260907655407000287570020021421421007303440 ;          0,00;
BDG;SAO153419-0; N;09/09/2026;18/09/2026;  2030831*;            ;JNSLT;GAZIN ATACADO CENTRO OESTE LTD;IDH TRANSPORTES DE CARGAS LTDA;B.;D. V. D. INFORMATICA E TELECOM;BARRA DO GARCAS;MT;001;      3.527,74;     137,71;   23,560;   0,1600;   48,000;      0;      6;  ;;        ;;;52260907655407000449570040001018981007309848 ;          0,00;
BDG;SAO153440-8; N;09/09/2026;18/09/2026;   100781;            ;     ;BRUTEXTIL INDUSTRIA E COMERCIO;TAMARA SHOPPING LTDA - EPP;B.;TAMARA SHOPPING LTDA - EPP;BARRA DO GARCAS;MT;001;      3.607,54;     149,91;   63,250;   0,5094;  152,820;      0;      4;80;CTRC EMITIDO;09/09/26;;;35260907655407000287570020021420371007301922 ;          0,00;
BDG;SAO153441-6; N;09/09/2026;18/09/2026;    19821;            ;     ;DCARTE IMPORTACAO E EXPORTACAO;S. M. MOHAMAD SAFA;B3;S. M. MOHAMAD SAFA;BARRA DO GARCAS;MT;001;      1.482,67;      88,00;   95,950;   0,2773;   95,950;      0;      6;80;CTRC EMITIDO;09/09/26;;;35260907655407000287570020021425101007311093 ;          0,00;
BDG;SAO153463-7; N;09/09/2026;18/09/2026;    41557;            ;     ;SANXIA COMERCIAL LTDA;M A M LEIMOUN  LTDA;B.;M A M LEIMOUN  LTDA;BARRA DO GARCAS;MT;001;      4.274,51;     304,20;  371,320;   1,1421;  371,320;      0;     27;80;CTRC EMITIDO;09/09/26;;;35260907655407000287570020021425301007311290 ;          0,00;
BDG;SAO153476-9; N;09/09/2026;18/09/2026;    42117;            ;     ;MONICA COSMETICOS E PRESENTES ;E E M ATA LEIMOUN LTDA;B.;E E M ATA LEIMOUN LTDA;BARRA DO GARCAS;MT;001;      1.203,49;      64,32;   90,000;   0,3979;  119,370;      0;      3;80;CTRC EMITIDO;09/09/26;;;35260907655407000287570020021424371007310362 ;          0,00;
BDG;SAO153499-8; N;09/09/2026;22/09/2026;   145020*;1656004419  ;     ;GATE 72 COMERCIAL IMP E EXP LT;MEGA%20PAPELARIA;C.;MEGA%20PAPELARIA;AGUA BOA;MT;002;      5.741,72;     304,99;   92,470;   0,4503;  135,090;      0;     12;80;CTRC EMITIDO;09/09/26;;;35260907655407000287570020021425451007311480 ;          0,00;
BDG;SAO153519-6; N;09/09/2026;18/09/2026;    39890;14888       ;     ;ATTIC COMERCIO INTERNACIONAL L;M A M LEIMOUN  LTDA;B.;M A M LEIMOUN  LTDA;BARRA DO GARCAS;MT;001;      5.897,46;     329,26;  133,510;   1,5083;  452,490;      0;     11;80;CTRC EMITIDO;09/09/26;;;35260907655407000287570020021425071007311063 ;          0,00;
BDG;SAO153662-1; N;10/09/2026;22/09/2026;   822287;            ;     ;H P COMERCIO INTERNACIONAL LTD;H P COMERCIO INTERNACIONAL LTD;A.;JOAO ADEMAR RHODEN;QUERENCIA;MT;003;     11.906,69;   1.196,15;  696,000;   1,3997;  696,000;      0;      4;80;CTRC EMITIDO;10/09/26;;;35260907655407000287570020021428061007314690 ;          0,00;
BDG;SAO153739-3; N;10/09/2026;22/09/2026;     4255;            ;     ;FORTIM RP BATERIES LTDA;FORTIM RP BATERIES LTDA;B.;CASA DOS CICLISTAS LTDA;NOVA XAVANTINA;MT;002;      5.223,05;     298,13;  104,000;   0,1080;  104,000;      0;      4;80;CTRC EMITIDO;10/09/26;;;35260907655407000287570020021426551007312976 ;          0,00;
BDG;SAO153811-0; N;10/09/2026;22/09/2026;     6977;1612045     ;     ;KINDAI COM E DISTR EIRELI;KINDAI COM E DISTR EIRELI;C.;MARTINS EAMP BRUCHMAM MARTINS;CONFRESA;MT;004;      4.344,84;     718,89;  118,800;   0,2160;  118,800;      0;     25;80;CTRC EMITIDO;10/09/26;;;35260907655407000287570020021426661007313089 ;          0,00;
BDG;SAO153858-6; N;10/09/2026;22/09/2026;     5336;            ;     ;MIAOLI COMERCIO DE PRESENTES E;DROGARIA ULTRA POPULAR VILA RI;..;DROGARIA ULTRA POPULAR VILA RI;VILA RICA;MT;004;      3.094,00;     277,37;   35,000;   0,1430;   42,900;      0;      1;80;CTRC EMITIDO;10/09/26;;;35260907655407000287570020021427401007313878 ;          0,00;
BDG;SAO153915-9; N;10/09/2026;18/09/2026;    45458;            ;     ;EPOCH MAGIA IMP DIST DE BRINQU;EPOCH MAGIA IMP DIST DE BRINQU;B.;KID STORE COMERCIO DE PRESENTE;BARRA DO GARCAS;MT;001;      3.795,64;     222,14;   14,713;   0,2990;   74,750;      0;      5;80;CTRC EMITIDO;10/09/26;;;35260907655407000287570020021427841007314470 ;          0,00;
BDG;SAO153957-4; N;10/09/2026;18/09/2026;  3051393*;            ;     ;LORENZETTI SA INDS BRASILEIRAS;LORENZETTI SA INDS BRASILEIRAS;A2;N BEVILACQUA JUNIOR EIRELI -;BARRA DO GARCAS;MT;001;      7.346,42;     214,13;   51,229;   0,5375;  134,375;      0;     21;80;CTRC EMITIDO;10/09/26;;;35260907655407000287570020021427191007313661 ;          0,00;
BDG;SAO153958-2; N;10/09/2026;22/09/2026;  3051397;            ;     ;LORENZETTI SA INDS BRASILEIRAS;LORENZETTI SA INDS BRASILEIRAS;A2;N. BEVILACQUA JUNIOR EIRELI;NOVA XAVANTINA;MT;002;      3.414,49;     139,68;   23,844;   0,2274;   56,850;      0;      9;80;CTRC EMITIDO;10/09/26;;;35260907655407000287570020021427221007313691 ;          0,00;
BDG;SAO153959-1; N;10/09/2026;22/09/2026;  3051399;            ;     ;LORENZETTI SA INDS BRASILEIRAS;LORENZETTI SA INDS BRASILEIRAS;A2;N. BEVILACQUA JUNIOR EIRELI;AGUA BOA;MT;002;      3.849,38;     143,38;   27,097;   0,2617;   65,425;      0;     11;80;CTRC EMITIDO;10/09/26;;;35260907655407000287570020021427211007313686 ;          0,00;
BDG;SAO153960-4; N;10/09/2026;22/09/2026;  3051402;            ;     ;LORENZETTI SA INDS BRASILEIRAS;LORENZETTI SA INDS BRASILEIRAS;A2;N. BEVILACQUA JUNIOR EIRELI;QUERENCIA;MT;003;      5.522,63;     157,40;   37,927;   0,3899;   97,475;      0;     15;80;CTRC EMITIDO;10/09/26;;;35260907655407000287570020021427241007313718 ;          0,00;
BDG;SAO153961-2; N;10/09/2026;18/09/2026;  3051404;            ;     ;LORENZETTI SA INDS BRASILEIRAS;LORENZETTI SA INDS BRASILEIRAS;A2;N BEVILACQUA JUNIOR EIRELI;BARRA DO GARCAS;MT;001;      2.594,45;     131,14;   15,309;   0,1404;   35,100;      0;      8;80;CTRC EMITIDO;10/09/26;;;35260907655407000287570020021427231007313702 ;          0,00;
BDG;SAO153974-4; N;10/09/2026;22/09/2026;  3051566;            ;     ;LORENZETTI SA INDS BRASILEIRAS;LORENZETTI SA INDS BRASILEIRAS;A2;N.BEVILACQUA JUNIOR LTDA;CANARANA;MT;002;      1.445,76;     123,52;   11,244;   0,1105;   27,625;      0;      4;80;CTRC EMITIDO;10/09/26;;;35260907655407000287570020021427381007313853 ;          0,00;
BDG;SAO154135-8; N;10/09/2026;23/09/2026;   364410;            ;     ;GALA - IBB IND. BRAS. DE BRINQ;CONFESTA PRODUTOS PARA FESTA L;C2;CONFESTA PRODUTOS PARA FESTA L;CONFRESA;MT;004;      3.635,19;     187,47;   42,430;   0,1544;   46,320;      0;     15;80;CTRC EMITIDO;10/09/26;;;35260907655407000287570020021429961007318337 ;          0,00;
BDG;SAO154176-5; N;10/09/2026;21/09/2026;    64166;            ;     ;NOVA CREDEAL INDUSTRIA DE CADE;S. M. MOHAMAD SAFA;B3;S. M. MOHAMAD SAFA;BARRA DO GARCAS;MT;001;      9.233,60;     498,61;  498,270;   1,3819;  498,270;      0;     52;80;CTRC EMITIDO;10/09/26;;;35260907655407000287570020021432761007324772 ;          0,00;
BDG;SAO154178-1; N;10/09/2026;21/09/2026;    64323;            ;     ;NOVA CREDEAL INDUSTRIA DE CADE;S. M. MOHAMAD SAFA;B3;S. M. MOHAMAD SAFA;BARRA DO GARCAS;MT;001;      5.238,59;     341,56;  462,390;   0,9665;  462,390;      0;     29;80;CTRC EMITIDO;10/09/26;;;35260907655407000287570020021433251007325376 ;          0,00;
BDG;SAO154271-1; N;10/09/2026;21/09/2026;  1388290;109200295   ;     ;BRS SP SUPRIMENTOS CORPORATIVO;BRS SP SUPRIMENTOS CORPORATIVO;A1;BANCO BRADESCO S/A;BARRA DO GARCAS;MT;001;      6.656,93;     537,14;  283,310;   0,8999;  283,310;      0;     43;80;CTRC EMITIDO;10/09/26;;;35260907655407000287570020021433781007325906 ;          0,00;
BDG;SAO154300-8; N;10/09/2026;23/09/2026;  1389242;109228062   ;     ;BRS SP SUPRIMENTOS CORPORATIVO;BRS SP SUPRIMENTOS CORPORATIVO;A1;FS I INDUSTRIA DE ETANOL S.A;QUERENCIA;MT;003;      9.509,09;   1.186,70;  668,650;   3,3693;  668,650;      0;    114;80;CTRC EMITIDO;10/09/26;;;35260907655407000287570020021433671007325791 ;          0,00;
BDG;SAO154308-3; N;10/09/2026;23/09/2026;   330103*;            ;     ;SOC INDL PLAST DAC LTDA;MEGA PAPELARIA LTDA;C.;MEGA PAPELARIA LTDA;NOVA XAVANTINA;MT;002;      3.156,83;     174,78;   66,533;   0,2781;   83,430;      0;     15;80;CTRC EMITIDO;10/09/26;;;35260907655407000287570020021433221007325340 ;          0,00;
BDG;SAO154333-4; N;10/09/2026;23/09/2026;  1763448*;2608        ;     ;DARNEL EMBALAGENS LTDA.;CONFESTA PRODUTOS PARA FESTA L;C2;CONFESTA PRODUTOS PARA FESTA L;CONFRESA;MT;004;      3.944,38;   1.767,59;   76,960;   3,8741; 1162,230;      0;     29;80;CTRC EMITIDO;10/09/26;;;35260907655407000287570020021433041007325163 ;          0,00;
BDG;SAO154335-1; N;10/09/2026;21/09/2026;   100749;            ;     ;FWB IMP. E EXP. DE ARTIGOS PAR;S. M. MOHAMAD SAFA;B3;S. M. MOHAMAD SAFA;BARRA DO GARCAS;MT;001;      2.504,39;     169,86;  100,880;   0,7614;  228,420;      0;      9;95;ATENDIMENTO/ INFORMACOES/ TRATATIVAS INTERNAS;11/09/26;;;35260907655407000287570020021433431007325552 ;          0,00;
BDG;SAO154351-2; N;10/09/2026;21/09/2026;    64082;413006      ;     ;SHANGRI-LA IND. COM. ESPANADOR;TAMARA SHOPPING LTDA - EPP;B.;TAMARA SHOPPING LTDA - EPP;BARRA DO GARCAS;MT;001;      2.462,85;     180,59;   91,060;   0,8553;  256,590;      0;     16;80;CTRC EMITIDO;10/09/26;;;35260907655407000287570020021433331007325459 ;          0,00;
BDG;SAO154354-7; N;10/09/2026;21/09/2026;    71752*;            ;     ;AMIGOLD IMP. E EXP. DE ARTIGOS;M A M LEIMOUN  LTDA;B.;M A M LEIMOUN  LTDA;BARRA DO GARCAS;MT;001;     12.621,34;   1.156,42;  792,649;   5,6491; 1694,730;      0;     49;80;CTRC EMITIDO;10/09/26;;;35260907655407000287570020021430151007318520 ;          0,00;
BDG;SAO154362-8; N;10/09/2026;23/09/2026;     8371;            ;     ;IBL INDUSTRIA LTDA;A N GOMES SANTANA;B.;A N GOMES SANTANA;AGUA BOA;MT;002;      5.225,00;     577,70;  124,430;   1,3491;  404,730;      0;     10;80;CTRC EMITIDO;10/09/26;;;35260907655407000287570020021432841007324960 ;          0,00;
BDG;SAO154365-2; N;10/09/2026;21/09/2026;    16936;PV-0056670  ;     ;LET COMERCIO E IMPORTACAO LTDA;S. M. MOHAMAD SAFA;B3;S. M. MOHAMAD SAFA;BARRA DO GARCAS;MT;001;      1.582,20;     211,38;  169,900;   0,9960;  298,800;      0;     10;95;ATENDIMENTO/ INFORMACOES/ TRATATIVAS INTERNAS;11/09/26;;;35260907655407000287570020021433321007325443 ;          0,00;
BDG;SAO154366-1; N;10/09/2026;21/09/2026;    16906;PV-0056552  ;     ;LET COMERCIO E IMPORTACAO LTDA;E E M ATA LEIMOUN LTDA;B.;E E M ATA LEIMOUN LTDA;BARRA DO GARCAS;MT;001;      1.546,10;     199,17;  185,940;   1,0856;  325,680;      0;     18;80;CTRC EMITIDO;10/09/26;;;35260907655407000287570020021431221007320657 ;          0,00;
BDG;SAO154370-9; N;11/09/2026;21/09/2026;    20278;            ;     ;NZA IMPORTACAO E EXPORTACAO LT;M A M LEIMOUN  LTDA;B.;M A M LEIMOUN  LTDA;BARRA DO GARCAS;MT;001;      7.190,50;     896,55;  343,160;   4,4745; 1342,350;      0;     29;80;CTRC EMITIDO;11/09/26;;;35260907655407000287570020021435571007328027 ;          0,00;
BDG;SAO154377-6; N;10/09/2026;21/09/2026;    19870;            ;     ;JEAN CARLO INDUSTRIA E COMERCI;M A M LEIMOUN  LTDA;B.;M A M LEIMOUN  LTDA;BARRA DO GARCAS;MT;001;        661,37;     364,00;  506,160;   1,0372;  506,160;      0;     53;80;CTRC EMITIDO;10/09/26;;;35260907655407000287570020021433081007325200 ;          0,00;
BDG;SAO154461-6; N;10/09/2026;23/09/2026;    39940;            ;     ;CORBELLI E PEREIRA LTDA - EPP;CORBELLI E PEREIRA LTDA - EPP;..;COMERCIAL MANINI LTDA;CANARANA;MT;002;        516,25;     339,63;   17,040;   0,2715;   81,450;      0;      1;80;CTRC EMITIDO;10/09/26;;;35260907655407000287570020021432521007324533 ;          0,00;
BDG;SAO154493-4; N;10/09/2026;23/09/2026;     9452;            ;     ;NAVAL MORAMADDI E MAJOPI;NAVAL MORAMADDI E MAJOPI;..;SILVIA MARA COMIN ZIRONDI;VILA RICA;MT;004;      2.721,00;     787,11;   30,000;   0,6745;  202,350;      0;      1;80;CTRC EMITIDO;10/09/26;;;35260907655407000287570020021432221007323902 ;          0,00;
BDG;SAO154602-3; N;10/09/2026;21/09/2026;    41605;            ;     ;SANXIA COMERCIAL LTDA;M A M LEIMOUN  LTDA;B.;M A M LEIMOUN  LTDA;BARRA DO GARCAS;MT;001;      4.314,72;     408,99;  406,780;   1,7741;  532,217;      0;     43;95;ATENDIMENTO/ INFORMACOES/ TRATATIVAS INTERNAS;11/09/26;;;35260907655407000287570020021433111007325230 ;          0,00;
BDG;SAS028019-4; N;10/09/2026;31/12/2050;  3286266;            ;TIT  ;EXPRESSO RIO VERMELHO;EXPRESSO RIO VERMELHO;.3;SIDNEY SOUZA DA CRUZ NULL;CONFRESA;MT;004;          0,01;       0,01;   30,000;   0,0000;   30,000;      0;      1;80;CTRC EMITIDO;10/09/26;;; ;          0,00;
BDG;VIX032945-2; N;08/09/2026;21/09/2026;  3306744;29131501    ;     ;BELMICRO TECNOLOGIA S/A;BELMICRO TECNOLOGIA S/A;A.;GRASIELLE RIBEIRO DA SILVA NUL;AGUA BOA;MT;002;      1.392,49;     221,64;   29,000;   0,3853;  104,031;      0;      1;  ;;        ; HOJE 13:01;VIX000375-1;32260907655407001844570010000341821007290355 ;          0,00;
BDG;VIX032953-3; N;08/09/2026;17/09/2026;  3309140;29137036    ;     ;BELMICRO TECNOLOGIA S/A;BELMICRO TECNOLOGIA S/A;A.;IZAQUE BISPO DE OLIVEIRA VIEIR;BARRA DO GARCAS;MT;001;      1.668,89;     233,44;   41,000;   0,4808;  129,816;      0;      1;  ;;        ; HOJE 13:01;VIX000375-1;32260907655407001844570010000341901007290438 ;          0,00;
BDG;VIX032955-0; N;08/09/2026;21/09/2026;  3309074;29136908    ;     ;BELMICRO TECNOLOGIA S/A;BELMICRO TECNOLOGIA S/A;A.;ADRIANO SILVA MOREIRA FRAZAO N;SAO JOSE DO XINGU;MT;005;      1.822,73;     311,03;   41,000;   0,4808;  129,816;      0;      1;  ;;        ; HOJE 13:01;VIX000375-1;32260907655407001844570010000341921007290459 ;          0,00;
BDG;VIX033030-2; N;08/09/2026;22/09/2026;  3308525;29135609    ;     ;BELMICRO TECNOLOGIA S/A;BELMICRO TECNOLOGIA S/A;A.;VERA LUCIA DA SILVA NULL;CAMPINAPOLIS;MT;005;      2.178,79;     163,89;   11,400;   0,0959;   25,893;      0;      1;  ;;        ; HOJE 13:01;VIX000375-1;32260907655407001844570010000342521007291056 ;          0,00;
BEL;BIR148566-1; N;01/09/2026;29/09/2026;     1447;            ;     ;XANDY COMERCIO DE MATERIAIS ES;XANDY COMERCIO DE MATERIAIS ES;C.;MARCIO ANTONIO DE JESUS RODRIG;ABAETETUBA;PA;N  ;      1.000,00;     301,51;   60,000;   0,2200;   66,000;      4;      4;83;CHEGADA NA UNIDADE INTERMEDIARIA ;08/09/26;;BIR000387-5;35260907655407000287570020021370571007211720 ;        128,50;
BEL;BIR153138-7; N;09/09/2026;06/10/2026;    15799;            ;     ;PECUARISTA D OESTE DE ARACATUB;PECUARISTA D OESTE DE ARACATUB;A.;FALCAO AUTO PECAS E AGROPEC LT;SAO FELIX DO XINGU;PA;N  ;      2.764,80;     286,57;   26,700;   0,0800;   26,700;      1;      1;83;CHEGADA NA UNIDADE INTERMEDIARIA ;10/09/26;;BIR000388-3;35260907655407000287570020021418331007297780 ;        128,50;
BEL;BIR153141-7; N;09/09/2026;08/10/2026;    15796;            ;     ;PECUARISTA D OESTE DE ARACATUB;PECUARISTA D OESTE DE ARACATUB;A.;TUCUMA SEMENTES E PRODS AGROP;TUCUMA;PA;N  ;     10.713,60;     984,62;  106,800;   0,3500;  106,800;      4;      4;83;CHEGADA NA UNIDADE INTERMEDIARIA ;10/09/26;;BIR000388-3;35260907655407000287570020021418361007297889 ;        215,25;
BEL;BAU147312-3; N;28/08/2026;22/09/2026;     5008;            ;     ;BRAVE EQUIPS FITNESS LTDA;BRAVE EQUIPS FITNESS LTDA;B.;BLUEFIT ACADEMIA - DOCA;BELEM;PA;N  ;    184.165,00;   7.500,00; 2000,000;   9,8680; 2960,400;     11;     11;83;CHEGADA NA UNIDADE INTERMEDIARIA ;09/09/26;;CAM027872-6;35260807655407000287570020021354421007185548 ;      2.432,37;
BEL;PSA149937-8; N;04/09/2026;24/09/2026;     2367;            ;     ;VOLPE ROSSA COMERCIAL IMPORTAD;VOLPE ROSSA COMERCIAL IMPORTAD;A.;ANDREIA S MACHADO;BELEM;PA;N  ;     14.272,15;   1.469,41;  521,004;   1,7366;  521,004;     55;     55;83;CHEGADA NA UNIDADE INTERMEDIARIA ;09/09/26;;CAM027872-6;35260907655407000287570020021399121007267200 ;        594,10;
BEL;PSA149943-2; N;04/09/2026;25/09/2026;     2354;            ;     ;VOLPE ROSSA COMERCIAL IMPORTAD;VOLPE ROSSA COMERCIAL IMPORTAD;A.;NEW PLASTICOS DISTRIBUIDORA LT;ANANINDEUA;PA;N  ;     12.560,80;   1.733,08;  428,822;   1,4294;  428,822;     49;     49;83;CHEGADA NA UNIDADE INTERMEDIARIA ;09/09/26;;CAM027872-6;35260907655407000287570020021399161007267241 ;        680,66;
BEL;PSA149950-5; N;04/09/2026;24/09/2026;     2353;            ;     ;VOLPE ROSSA COMERCIAL IMPORTAD;VOLPE ROSSA COMERCIAL IMPORTAD;A.;CASA RODRIGUES VARIEDADES LTDA;BELEM;PA;N  ;     12.660,37;   1.365,69;  487,000;   1,6233;  487,000;     35;     35;83;CHEGADA NA UNIDADE INTERMEDIARIA ;09/09/26;;CAM027872-6;35260907655407000287570020021399051007267132 ;        553,20;
BEL;PSA149956-4; N;04/09/2026;24/09/2026;     2349;            ;     ;VOLPE ROSSA COMERCIAL IMPORTAD;VOLPE ROSSA COMERCIAL IMPORTAD;A.;50.771.198 EDILENA DE NAZARE C;BELEM;PA;N  ;      2.195,83;     299,64;   80,240;   0,2674;   80,240;      9;      9;83;CHEGADA NA UNIDADE INTERMEDIARIA ;09/09/26;;CAM027872-6;35260907655407000287570020021399201007267295 ;        113,50;
BEL;PSA149965-3; N;04/09/2026;24/09/2026;     2366;            ;     ;VOLPE ROSSA COMERCIAL IMPORTAD;VOLPE ROSSA COMERCIAL IMPORTAD;A.;MULTI MALHAS LTDA;BELEM;PA;N  ;     13.937,49;   1.319,60;  464,500;   1,5483;  464,500;     48;     48;83;CHEGADA NA UNIDADE INTERMEDIARIA ;09/09/26;;CAM027872-6;35260907655407000287570020021399211007267306 ;        528,45;
BEL;PSA151126-2; N;04/09/2026;28/09/2026;     2516;            ;     ;VOLPE ROSSA COMERCIAL IMPORTAD;VOLPE ROSSA COMERCIAL IMPORTAD;A.;M S C PEREIRA ME;ANANINDEUA;PA;N  ;     17.020,33;   2.192,08;  542,780;   1,8092;  542,780;     57;     57;83;CHEGADA NA UNIDADE INTERMEDIARIA ;09/09/26;;CAM027872-6;35260907655407000287570020021399231007267327 ;        859,41;
BEL;TIT151478-4; N;04/09/2026;29/09/2026;  1380703;            ;     ;CORDEIRO MAQUINAS E FERRAMENTA;CORDEIRO MAQUINAS E FERRAMENTA;B.;ESTALEIRO RIO MAGUARI;BELEM;PA;N  ;      2.999,12;     390,95;  103,320;   0,2929;  103,320;      8;      8;83;CHEGADA NA UNIDADE INTERMEDIARIA ;09/09/26;;CAM027872-6;35260907655407000287570020021398161007265731 ;        134,77;
BEL;PSA152321-0; N;08/09/2026;30/09/2026;   530353;            ;     ;FRIGELAR COMERCIO E INDUSTRIA;FRIGELAR COMERCIO E INDUSTRIA;A1;LIVIO LIMA VERDE SANTOS LIMA;DOM ELISEU;PA;N  ;      3.120,41;     481,90;   34,320;   0,2508;   75,240;      0;      4;83;CHEGADA NA UNIDADE INTERMEDIARIA ;10/09/26;;CAM027882-3;35260907655407000287570020021408591007281656 ;        189,81;
BEL;FND148044-8; N;31/08/2026;08/10/2026;    13514;            ;     ;DE MARCHI COMERCIO DE MOVEIS L;DE MARCHI COMERCIO DE MOVEIS L;B.;ANA CARLA PANTOJA;SENADOR JOSE PORFIRIO;PA;N  ;        596,50;     326,55;   67,000;   0,2000;   67,000;      0;      4;50;FALTA DE MERCADORIA;08/09/26;;FND000590-8;35260807655407000287570020021363861007201903 ;        128,50;
BEL;VIX032611-9; N;02/09/2026;29/09/2026;   174461;            ;     ;MAIS PROXIMA COMERCIAL E DISTR;MAIS PROXIMA COMERCIAL E DISTR;B.;BENEVIDES COM LTDA;PARAUAPEBAS;PA;N  ;      9.388,00;     942,41;   49,200;   0,5799;  144,975;      0;      4;83;CHEGADA NA UNIDADE INTERMEDIARIA ;10/09/26;;VIX000373-5;32260907655407001844570010000335871007240483 ;        320,44;
BEL;VIX032840-5; N;04/09/2026;08/10/2026;   174527;169314      ;     ;MAIS PROXIMA COMERCIAL E DISTR;MAIS PROXIMA COMERCIAL E DISTR;B.;COELHO EAMP CARVALHO COMERCIO ;SALVATERRA;PA;N  ;     11.125,74;   2.549,86;   59,400;   0,6907;  172,675;      0;      6;83;CHEGADA NA UNIDADE INTERMEDIARIA ;10/09/26;;VIX000373-5;32260907655407001844570010000338631007266169 ;        994,27;
BEL;SAO153816-1; N;10/09/2026;30/09/2026;  1332746;            ;     ;KARINA PLASTICOS LTDA;KARINA PLASTICOS LTDA;B.;SIMETRIA IND. COM. DE EMBALAGE;CASTANHAL;PA;N  ;      1.519,01;     436,89;   59,270;   0,0720;   59,270;      0;      3;80;CTRC EMITIDO;10/09/26;;;35260907655407000287570020021427641007314248 ;        161,20;
BEL;FND151351-6; N;04/09/2026;29/09/2026;    14545;            ;     ;MARTINS E ORNELAS INDUSTRIA LT;MARTINS E ORNELAS INDUSTRIA LT;B.;I B DE MORAIS CARDOSO LTDA;BELEM;PA;N  ;      2.096,00;     635,10;   47,890;   0,7000;  175,000;      0;      2;  ;;        ; HOJE 08:00;FND000592-4;35260907655407000287570020021397681007264981 ;        218,76;
BEL;FND152827-1; N;08/09/2026;30/09/2026;     9391;            ;     ;MOVELARIA STORE COMERCIO DE MO;MOVELARIA STORE COMERCIO DE MO;..;THAIS CORREA LISBOA (753595);BELEM;PA;N  ;        997,74;     278,51;   21,000;   0,1144;   34,320;      0;      2;  ;;        ; HOJE 08:00;FND000592-4;35260907655407000287570020021412411007287996 ;        113,50;
BEL;FND152935-8; N;08/09/2026;15/10/2026;    15283;            ;     ;P. V. B. MELLO LTDA;P. V. B. MELLO LTDA;..;LUDMILA CARVALHO;MARABA;PA;N  ;        179,20;     500,95;   31,000;   0,4000;  120,000;      0;      1;  ;;        ; HOJE 08:00;FND000592-4;35260907655407000287570020021412821007289860 ;        182,68;
BEL;FND153109-3; N;09/09/2026;02/10/2026;     7949;            ;     ;DORTI ESTOFADOS;DORTI ESTOFADOS;C.;LUCIANA CRISTINA LAMEIRA FERRE;CASTANHAL;PA;N  ;      1.132,68;     336,33;   70,000;   0,0000;   70,000;      0;      4;  ;;        ; HOJE 08:00;FND000592-4;35260907655407000287570020021418171007297476 ;        128,50;
BEL;FND153634-6; N;09/09/2026;01/10/2026;    21671;            ;     ;CASELLI STORE COMERCIO LTDA;CASELLI STORE COMERCIO LTDA;A.;JEAN RONALD DA SILVA SABEL;BELEM;PA;N  ;        405,30;     410,12;   54,000;   0,4200;  126,000;      0;      3;  ;;        ; HOJE 08:00;FND000592-4;35260907655407000287570020021421781007304199 ;        142,65;
BEL;FND153636-2; N;09/09/2026;02/10/2026;    19291;            ;     ;POLIZELLI MOVEIS E UTILIDADES;POLIZELLI MOVEIS E UTILIDADES;A.;ELLEN SAMARA SOUSA DA SILVA DE;ANANINDEUA;PA;N  ;        182,30;     234,05;   47,000;   0,1500;   47,000;      0;      1;  ;;        ; HOJE 08:00;FND000592-4;35260907655407000287570020021421601007304011 ;        128,50;
BEL;FND153660-5; N;09/09/2026;01/10/2026;    21688;            ;     ;CASELLI STORE COMERCIO LTDA;CASELLI STORE COMERCIO LTDA;A.;MARIA DO CARMO DA COSTA CASTRO;BELEM;PA;N  ;        187,30;     367,52;   50,000;   0,3600;  108,000;      0;      3;  ;;        ; HOJE 08:00;FND000592-4;35260907655407000287570020021421831007304245 ;        127,85;
BEL;VIX033050-7; N;08/09/2026;29/09/2026;   982988;            ;     ;WEBCONTINENTAL LTDA;WEBCONTINENTAL LTDA;A1;SERENI;BELEM;PA;N  ;     13.700,66;     632,26;  137,210;   1,1500;  230,000;      0;      4;  ;;        ; HOJE 13:01;VIX000375-1;32260907655407001844570010000340211007288490 ;        195,01;
BEL;VIX033071-0; N;08/09/2026;29/09/2026;   983333;            ;     ;WEBCONTINENTAL LTDA;WEBCONTINENTAL LTDA;A1;JOAO PEREIRA DOS SANTOS;BELEM;PA;N  ;      4.870,11;     413,99;   58,600;   0,3700;   74,000;      0;      4;  ;;        ; HOJE 13:01;VIX000375-1;32260907655407001844570010000340421007288708 ;        133,79;
BEL;VIX033166-0; N;08/09/2026;02/10/2026;  2850781;            ;     ;WEBCONTINENTAL LTDA;WEBCONTINENTAL LTDA;A1;CLEITON LOPES DA SILVA CAVALCA;CANAA DOS CARAJAS;PA;N  ;      8.449,59;     642,84;   99,000;   0,8600;  172,000;      0;      3;  ;;        ; HOJE 13:01;VIX000375-1;32260907655407001844570010000341341007289627 ;        214,17;
BHE;SAO152508-5; N;08/09/2026;15/09/2026;  1382654;109213112   ;     ;BRS SP SUPRIMENTOS CORPORATIVO;BRS SP SUPRIMENTOS CORPORATIVO;A1;NS FARMA POPULAR LTDA;TRES CORACOES;MG;NVV;      4.498,54;     216,18;  161,748;   0,5924;  161,748;      0;     48;80;CTRC EMITIDO;08/09/26;;;35260907655407000287570020021414731007293850 ;          0,00;
BHZ;CAM426337-5; N;08/09/2026;15/09/2026;    10936;            ;     ;ICOBIT IMPERMEABILIZANTES LTDA;ICOBIT IMPERMEABILIZANTES LTDA;B3;IMPERTRADE INDUSTRIA E COMERCI;BELO HORIZONTE;MG;SAO;     30.611,71;   3.656,16; 1656,000;   3,0060; 1656,000;      0;     92;83;CHEGADA NA UNIDADE INTERMEDIARIA ;10/09/26;;CAM027882-3;35260907655407000520570030004645051007294056 ;        804,36;
BHZ;BNU001910-1; N;08/09/2026;16/09/2026;   287164;181982      ;     ;BELLA ARTE DECOR LTDA;BELLA ARTE DECOR LTDA;B.;OLIVEIRA NETTO TECIDOS LTDA;BELO HORIZONTE;MG;SAO;      5.622,16;     354,45;  234,089;   0,7600;  234,089;     28;     28;83;CHEGADA NA UNIDADE INTERMEDIARIA ;10/09/26;;CWB000485-5;42260907655407002140570200000019021007288331 ;         81,93;
BHZ;BNU001911-9; N;08/09/2026;16/09/2026;   287161;181986      ;     ;BELLA ARTE DECOR LTDA;BELLA ARTE DECOR LTDA;B.;OLIVEIRA NETTO TECIDOS LTDA;BELO HORIZONTE;MG;SAO;      4.418,29;     276,89;  179,438;   0,5900;  179,438;     22;     22;83;CHEGADA NA UNIDADE INTERMEDIARIA ;10/09/26;;CWB000485-5;42260907655407002140570200000019031007288347 ;         62,80;
BHZ;BNU001914-3; N;08/09/2026;16/09/2026;   287166;181998      ;     ;BELLA ARTE DECOR LTDA;BELLA ARTE DECOR LTDA;B.;OLIVEIRA NETTO TECIDOS LTDA;BELO HORIZONTE;MG;SAO;      2.725,70;     184,78;  104,257;   0,3500;  105,000;     13;     13;83;CHEGADA NA UNIDADE INTERMEDIARIA ;10/09/26;;CWB000485-5;42260907655407002140570200000019051007288368 ;         40,65;
BHZ;BNU001916-0; N;08/09/2026;16/09/2026;   287158;181979      ;     ;BELLA ARTE DECOR LTDA;BELLA ARTE DECOR LTDA;B.;OLIVEIRA NETTO TECIDOS LTDA;BELO HORIZONTE;MG;SAO;      5.437,97;     348,11;  229,305;   0,7600;  229,305;     28;     28;83;CHEGADA NA UNIDADE INTERMEDIARIA ;10/09/26;;CWB000485-5;42260907655407002140570200000019071007288389 ;         80,26;
BHZ;BNU001917-8; N;08/09/2026;16/09/2026;   287150;182907      ;     ;BELLA ARTE DECOR LTDA;BELLA ARTE DECOR LTDA;B.;RODRIGO PACHECO PEREIRA;BELO HORIZONTE;MG;SAO;      4.318,62;     272,76;  176,215;   0,5700;  176,215;     21;     21;83;CHEGADA NA UNIDADE INTERMEDIARIA ;10/09/26;;CWB000485-5;42260907655407002140570200000019081007288394 ;         61,68;
BHZ;BNU001921-6; N;08/09/2026;16/09/2026;       35;            ;     ;FZ PREVENCAO COMERCIO, IMP E E;FZ PREVENCAO COMERCIO, IMP E E;..;SOLTRON SOLUCOES EM SISTEMAS L;BELO HORIZONTE;MG;SAO;      6.800,00;     313,24;   52,000;   0,0382;   52,000;      2;      2;83;CHEGADA NA UNIDADE INTERMEDIARIA ;10/09/26;;CWB000485-5;42260907655407002140570200000019121007289873 ;         68,91;
BHZ;FND149013-3; N;01/09/2026;17/09/2026;     3302;            ;     ;MODULAR CASA E DECORACAO LTDA;MODULAR CASA E DECORACAO LTDA;B.;ROSANGELA PINHEIRO;CONTAGEM;MG;BHZ;        389,10;     174,74;   72,500;   0,1709;   72,500;      0;      2;83;CHEGADA NA UNIDADE INTERMEDIARIA ;04/09/26;;FND000590-8;35260907655407000287570020021373991007218438 ;         40,00;
BHZ;FRA151788-1; N;04/09/2026;22/09/2026;    18609;12901       ;     ;DISFRANCA COMERCIO DE MOVEIS E;DISFRANCA COMERCIO DE MOVEIS E;C.;MIGUEL LIMA MENDES;BELO HORIZONTE;MG;SAO;        282,28;     110,86;    3,950;   0,0000;    3,950;      1;      1;83;CHEGADA NA UNIDADE INTERMEDIARIA ;08/09/26;;FRA001750-7;35260907655407000287570020021401571007272930 ;         40,00;
BHZ;SJP152338-4; N;08/09/2026;23/09/2026;     6289;            ;     ;OLIVEIRA E PINOTTI ENERGIA REN;OLIVEIRA E PINOTTI ENERGIA REN;B.;ADEMIR FERREIRA DE SOUSA;CONTAGEM;MG;BHZ;      4.194,20;     430,00;  110,000;   0,5000;  150,000;      4;      4;83;CHEGADA NA UNIDADE INTERMEDIARIA ;09/09/26;;SJP000586-0;35260907655407000287570020021408681007281760 ;         94,60;
BHZ;SAO152365-1; N;08/09/2026;11/09/2026;    29220;            ;     ;AUTOMOTIVECEMAK INDUSTRIA E CO;MILLANO DISTRIBUIDORA DE AUTO;B.;MILLANO DISTRIBUIDORA DE AUTO;BELO HORIZONTE;MG;SAO;      5.150,44;     122,73;   42,230;   0,2729;   81,870;      0;      4;80;CTRC EMITIDO;08/09/26;;;35260907655407000287570020021410281007284684 ;         40,00;
BHZ;SAO152471-2; N;08/09/2026;11/09/2026;     7856;            ;     ;CASA DOS BANCOS LTDA;CASA DOS BANCOS LTDA;C.;CL ENGENHARIA E CONSTRUCAO EIR;BELO HORIZONTE;MG;SAO;     16.000,00;     898,36;  812,000;   1,7100;  812,000;      0;     58;80;CTRC EMITIDO;08/09/26;;;35260907655407000287570020021412091007287263 ;        284,20;
BHZ;SAO152890-4; N;09/09/2026;11/09/2026;    27029;17563       ;     ;SOUDAL BRASIL IND COM LTDA;SOUDAL BRASIL IND COM LTDA;.3;BMB MATERIAL DE CONSTRUCAO S.A;CONTAGEM;MG;BHZ;     17.197,78;     947,59;  355,524;   1,2000;  360,000;      0;     87;80;CTRC EMITIDO;09/09/26;;;35260907655407000287570020021421501007303590 ;        208,47;
BHZ;SAO154202-8; N;10/09/2026;16/09/2026;    40405;            ;     ;G3NARI COMERCIO DE UTILIDADES;G3NARI COMERCIO DE UTILIDADES;C.;SAULO MARCIO DOS SANTOS;IGARAPE;MG;325;      2.491,11;     169,85;   54,000;   0,2380;   71,400;      0;      1;80;CTRC EMITIDO;10/09/26;;;35260907655407000287570020021433601007325723 ;         45,00;
BHZ;SAO154780-1; N;10/09/2026;15/09/2026;   300534*;            ;     ;PULIRE IND E COM DE MATERIAIS;PULIRE IND E COM DE MATERIAIS;C.;SODEXO DO BRASIL COMERCIAL LTD;BELO HORIZONTE;MG;SAO;      5.719,20;     587,43;   81,240;   0,4710;  141,300;      0;     16;80;CTRC EMITIDO;10/09/26;;;35260907655407000287570020021434961007327244 ;         46,86;
BHZ;SAS027589-1; N;28/07/2026;31/12/2050;   280726;            ;TIT  ;EXPRESSO RIO VERMELHO;EXPRESSO RIO VERMELHO;.3;EXPRESSO RIO VERMELHO -BETIM;BETIM;MG;BHZ;          0,01;       0,01;    1,000;   0,0000;    1,000;      0;      3;50;FALTA DE MERCADORIA;09/08/26;;; ;          0,00;
BHZ;SAS028012-7; N;09/09/2026;31/12/2050;   262685;            ;TIT  ;EXPRESSO RIO VERMELHO;EXPRESSO RIO VERMELHO;.3;MARIA CRISTINA BATISTA;BELO HORIZONTE;MG;SAO;          0,01;       0,01;   40,000;   0,0000;   40,000;      0;      1;80;CTRC EMITIDO;09/09/26;;; ;          0,00;
BHZ;SAS028013-5; N;09/09/2026;31/12/2050;   262623;            ;TIT  ;EXPRESSO RIO VERMELHO;EXPRESSO RIO VERMELHO;.3;POLIANA CRISTINA;BELO HORIZONTE;MG;SAO;          0,01;       0,01;   30,000;   0,0000;   30,000;      0;      1;80;CTRC EMITIDO;09/09/26;;; ;          0,00;
BHZ;SAS028017-8; N;09/09/2026;31/12/2050;     1568;            ;TIT  ;EXPRESSO RIO VERMELHO;EXPRESSO RIO VERMELHO;.3;MARIA DAIANE FERREIRA DOS SANT;BELO HORIZONTE;MG;SAO;          0,01;       0,01;   40,000;   0,0000;   40,000;      0;      1;80;CTRC EMITIDO;09/09/26;;; ;          0,00;
BHZ;FND151675-2; N;04/09/2026;23/09/2026;       97;            ;     ;MALUBI DECOR IND. COM DE MOV;MALUBI DECOR IND. COM DE MOV;C.;DANIELA PAULA DA SILVA;RIBEIRAO DAS NEVES;MG;BHZ;      1.727,10;     140,50;   45,000;   0,1459;   45,000;      0;      2;  ;;        ; HOJE 08:00;FND000592-4;35260907655407000287570020021400111007269055 ;         45,00;
BHZ;FND151691-4; N;04/09/2026;22/09/2026;   190865;            ;     ;GUSTAVO HENRIQUE COSTA;GUSTAVO HENRIQUE COSTA;B.;WENDY KATARINE VIANA P LIMA;BELO HORIZONTE;MG;SAO;        226,18;     148,17;   42,100;   0,1200;   42,100;      0;      2;  ;;        ; HOJE 08:00;FND000592-4;35260907655407000287570020021400151007269097 ;         40,00;
BHZ;FND151693-1; N;04/09/2026;22/09/2026;   103937;            ;     ;MOBIGU COMERCIO DE MOVEIS LTDA;MOBIGU COMERCIO DE MOVEIS LTDA;B.;MARIA RODRIGUES;BELO HORIZONTE;MG;SAO;        478,13;     149,17;   42,100;   0,1200;   42,100;      0;      2;  ;;        ; HOJE 08:00;FND000592-4;35260907655407000287570020021400161007269108 ;         40,00;
BHZ;FND151694-9; N;04/09/2026;22/09/2026;   190866;            ;     ;GUSTAVO HENRIQUE COSTA;GUSTAVO HENRIQUE COSTA;B.;SANDRA TEOFILLO DOMINGUES DE A;BELO HORIZONTE;MG;SAO;        208,09;     148,10;   42,100;   0,1200;   42,100;      0;      2;  ;;        ; HOJE 08:00;FND000592-4;35260907655407000287570020021400171007269113 ;         40,00;
BHZ;FND151699-0; N;04/09/2026;23/09/2026;     4399;9420E       ;     ;GD INDUSTRIA E COMERCIO DE MOV;GD INDUSTRIA E COMERCIO DE MOV;B3;ALINE ALVES DE OLIVEIRA;IBIRITE;MG;BHZ;        222,49;     237,31;  112,000;   0,1800;  112,000;      0;      5;  ;;        ; HOJE 08:00;FND000592-4;35260907655407000287570020021400131007269076 ;         62,65;
BHZ;FND151735-0; N;04/09/2026;22/09/2026;     7916;            ;     ;LJ INDUSTRIA E COMERCIO DE MOV;LJ INDUSTRIA E COMERCIO DE MOV;C.;THAISA DE OLIVEIRA;BELO HORIZONTE;MG;SAO;        292,33;     189,68;   41,000;   0,1200;   41,000;      0;      3;  ;;        ; HOJE 08:00;FND000592-4;35260907655407000287570020021401221007271717 ;         41,73;
BHZ;FND151742-2; N;04/09/2026;22/09/2026;     6270;            ;     ;INFOCELL PREMIUM LTDA;INFOCELL PREMIUM LTDA;A.;FABIANA VIEIRA GOMES;CONTAGEM;MG;BHZ;        136,50;     127,13;   30,000;   0,2500;   75,000;      0;      2;  ;;        ; HOJE 08:00;FND000592-4;35260907655407000287570020021401251007271743 ;         40,00;
BHZ;FND151743-1; N;04/09/2026;22/09/2026;     6348;            ;     ;INFOCELL PREMIUM LTDA;INFOCELL PREMIUM LTDA;A.;TALITA ANDRADE;BELO HORIZONTE;MG;SAO;        125,30;     112,19;   46,000;   0,1500;   46,000;      0;      1;  ;;        ; HOJE 08:00;FND000592-4;35260907655407000287570020021401261007271759 ;         40,00;
BHZ;FND151759-7; N;04/09/2026;22/09/2026;    19262;            ;     ;POLIZELLI MOVEIS E UTILIDADES;POLIZELLI MOVEIS E UTILIDADES;A.;WANDERLEA PEREIRA RIBEIRO;BELO HORIZONTE;MG;SAO;        197,70;     206,82;   56,000;   0,5400;  162,000;      0;      5;  ;;        ; HOJE 08:00;FND000592-4;35260907655407000287570020021401351007271847 ;         45,50;
BHZ;FND152492-5; N;08/09/2026;24/09/2026;     7009;            ;     ;ROSANE SERAFIM DA SILVA - ME;ROSANE SERAFIM DA SILVA - ME;C.;HELY JONES CHARLES DE BRITTO (;LAGOA SANTA;MG;BHZ;      1.593,86;     418,86;   24,500;   0,8400;  252,000;      0;      3;  ;;        ; HOJE 08:00;FND000592-4;35260907655407000287570020021408931007283316 ;        110,58;
BHZ;FND152791-6; N;08/09/2026;23/09/2026;   104285;            ;     ;MOBIGU COMERCIO DE MOVEIS LTDA;MOBIGU COMERCIO DE MOVEIS LTDA;B.;HENRIQUE IMPORT;CONTAGEM;MG;BHZ;        405,30;     143,11;   38,200;   0,0000;   38,200;      0;      2;  ;;        ; HOJE 08:00;FND000592-4;35260907655407000287570020021412571007288151 ;         40,00;
BHZ;FND152813-1; N;08/09/2026;23/09/2026;   104283;            ;     ;MOBIGU COMERCIO DE MOVEIS LTDA;MOBIGU COMERCIO DE MOVEIS LTDA;B.;WALESCA FERNANDES;BELO HORIZONTE;MG;SAO;        307,91;     142,73;   40,000;   0,1200;   40,000;      0;      1;  ;;        ; HOJE 08:00;FND000592-4;35260907655407000287570020021412241007287820 ;         40,00;
BHZ;FND152824-6; N;08/09/2026;23/09/2026;   104275;            ;     ;MOBIGU COMERCIO DE MOVEIS LTDA;MOBIGU COMERCIO DE MOVEIS LTDA;B.;INGRID SANTOS;BELO HORIZONTE;MG;SAO;        231,69;     159,74;   65,000;   0,2000;   65,000;      0;      2;  ;;        ; HOJE 08:00;FND000592-4;35260907655407000287570020021412321007287903 ;         40,00;
BHZ;FND152832-7; N;08/09/2026;24/09/2026;     9393;            ;     ;MOVELARIA STORE COMERCIO DE MO;MOVELARIA STORE COMERCIO DE MO;..;ILIELSON DIAS MARINHO (753359);RIBEIRAO DAS NEVES;MG;BHZ;      1.160,39;     189,10;   58,100;   0,1144;   58,100;      0;      2;  ;;        ; HOJE 08:00;FND000592-4;35260907655407000287570020021412401007287980 ;         49,92;
BHZ;FND152833-5; N;08/09/2026;23/09/2026;    17216;            ;     ;TUDO PARA O SEU LAR COMERCIO V;TUDO PARA O SEU LAR COMERCIO V;C.;CLAUDIANA DE JESUS GONCALVES;CONTAGEM;MG;BHZ;        315,17;     172,50;   27,000;   0,0500;   27,000;      0;      3;  ;;        ; HOJE 08:00;FND000592-4;35260907655407000287570020021412431007288016 ;         40,00;
BHZ;FND152834-3; N;08/09/2026;23/09/2026;    23352;            ;     ;AQUI MOVEIS COMERCIO VAREJISTA;AQUI MOVEIS COMERCIO VAREJISTA;C.;BIANCA MICKELLY APARECIDA Y;BELO HORIZONTE;MG;SAO;      1.046,22;     232,85;   50,000;   0,3600;  108,000;      0;      4;  ;;        ; HOJE 08:00;FND000592-4;35260907655407000287570020021412421007288000 ;         51,23;
BHZ;FND152841-6; N;08/09/2026;24/09/2026;     3676;            ;     ;ELITE INDUSTRIA E COMERCIO DE;ELITE INDUSTRIA E COMERCIO DE;C.;NEUZIRA PEREIRA LEITE;RIBEIRAO DAS NEVES;MG;BHZ;      1.960,00;     566,91;   15,000;   0,9900;  297,000;      0;      1;  ;;        ; HOJE 08:00;FND000592-4;35260907655407000287570020021412501007288088 ;        149,66;
BHZ;FND152969-2; N;08/09/2026;28/09/2026;    11898;            ;     ;START HOME SHOP COMERCIO DE MO;START HOME SHOP COMERCIO DE MO;C.;SAMUEL ALVIM LARA LIMA (LASA86;SABARA;MG;BHZ;        259,02;     162,98;   33,020;   0,1000;   33,020;      0;      2;  ;;        ; HOJE 08:00;FND000592-4;35260907655407000287570020021413001007291201 ;         45,00;
BHZ;FND152971-4; N;08/09/2026;23/09/2026;    11896;            ;     ;START HOME SHOP COMERCIO DE MO;START HOME SHOP COMERCIO DE MO;C.;GIULIO SGROMO (SGROMOGIULIO202;BETIM;MG;BHZ;        243,82;     155,25;   29,000;   0,1000;   30,000;      0;      1;  ;;        ; HOJE 08:00;FND000592-4;35260907655407000287570020021413011007291217 ;         40,00;
BHZ;FND153466-1; N;09/09/2026;24/09/2026;    77664;            ;     ;A V LARANJA COMERCIO DE MOVEIS;A V LARANJA COMERCIO DE MOVEIS;..;JESSICA CRISTINA FONTANA SILVA;CONTAGEM;MG;BHZ;      1.082,45;     333,35;   34,000;   0,6184;  185,520;      0;      1;  ;;        ; HOJE 08:00;FND000592-4;35260907655407000287570020021420501007302246 ;         73,34;
BHZ;FND153477-7; N;09/09/2026;25/09/2026;    20829;            ;     ;CLICK MAGAZINE LTDA;CLICK MAGAZINE LTDA;C.;JOSUE RODRIGUES DAS NEVES;SANTA LUZIA;MG;BHZ;        991,15;     139,67;   25,000;   0,1000;   30,000;      0;      1;  ;;        ; HOJE 08:00;FND000592-4;35260907655407000287570020021420561007302304 ;         45,00;
BHZ;FND153479-3; N;09/09/2026;24/09/2026;    20827;            ;     ;CLICK MAGAZINE LTDA;CLICK MAGAZINE LTDA;C.;OLIVIA MARIA OLIVEIRA BARBOSA;BELO HORIZONTE;MG;SAO;        931,76;     139,43;   22,740;   0,1000;   30,000;      0;      2;  ;;        ; HOJE 08:00;FND000592-4;35260907655407000287570020021420571007302310 ;         40,00;
BHZ;FND153631-1; N;09/09/2026;24/09/2026;      589;            ;     ;GILBERTO CARDOSO DOS SANTOS;GILBERTO CARDOSO DOS SANTOS;C.;RODRIGO GONCALVES DE SOUSA;BELO HORIZONTE;MG;SAO;      1.915,00;     206,18;   25,000;   0,2867;   86,010;      0;      1;  ;;        ; HOJE 08:00;FND000592-4;35260907655407000287570020021421761007304178 ;         45,36;
BHZ;FND153632-0; N;09/09/2026;24/09/2026;     6416;            ;     ;INDUSTRIA DE MOVEIS JASPER LTD;INDUSTRIA DE MOVEIS JASPER LTD;B.;MARIA FERNANDA BATISTA E SOUZA;BETIM;MG;BHZ;      3.992,78;     410,40;   65,000;   0,6900;  207,000;      0;      2;  ;;        ; HOJE 08:00;FND000592-4;35260907655407000287570020021421711007304120 ;         90,29;
BHZ;FND153638-9; N;09/09/2026;25/09/2026;    21669;            ;     ;CASELLI STORE COMERCIO LTDA;CASELLI STORE COMERCIO LTDA;A.;ANDREA PEREIRA;IGARAPE;MG;325;        167,30;     106,56;   27,000;   0,1000;   30,000;      0;      1;  ;;        ; HOJE 08:00;FND000592-4;35260907655407000287570020021421621007304032 ;         45,00;
BHZ;FND153654-1; N;09/09/2026;25/09/2026;    19326;            ;     ;POLIZELLI MOVEIS E UTILIDADES;POLIZELLI MOVEIS E UTILIDADES;A.;JULIA FERNANDA ALMEIDA DOS SAN;SAO JOAQUIM DE BICAS;MG;BHZ;        176,30;     111,88;   33,000;   0,1000;   33,000;      0;      2;  ;;        ; HOJE 08:00;FND000592-4;35260907655407000287570020021421771007304183 ;         45,00;
BHZ;FND153661-3; N;09/09/2026;24/09/2026;    21689;            ;     ;CASELLI STORE COMERCIO LTDA;CASELLI STORE COMERCIO LTDA;A.;FERNANDO DE PAULO;BETIM;MG;BHZ;        175,90;     153,11;   43,000;   0,3600;  108,000;      0;      4;  ;;        ; HOJE 08:00;FND000592-4;35260907655407000287570020021421841007304250 ;         40,00;
BHZ;FND153663-0; N;09/09/2026;25/09/2026;    21690;            ;     ;CASELLI STORE COMERCIO LTDA;CASELLI STORE COMERCIO LTDA;A.;RAMON SOUZA CASTRO;NOVA LIMA;MG;BHZ;        288,70;     168,45;  123,000;   0,4000;  123,000;      0;      4;  ;;        ; HOJE 08:00;FND000592-4;35260907655407000287570020021421861007304271 ;         49,20;
BHZ;FND153712-1; N;09/09/2026;24/09/2026;     7277;            ;     ;ELIAS PEREIRA DA MOTA LTDA;ELIAS PEREIRA DA MOTA LTDA;C.;RHAQUELL GOMES DE ALMEIDA;CONTAGEM;MG;BHZ;        629,94;     256,78;   64,000;   0,3600;  108,000;      0;      4;  ;;        ; HOJE 08:00;FND000592-4;35260907655407000287570020021422611007305177 ;         56,49;
BHZ;FND153713-0; N;09/09/2026;24/09/2026;     3449;            ;     ;MODULAR CASA E DECORACAO LTDA;MODULAR CASA E DECORACAO LTDA;B.;FERNANDO MARTINS VARGAS;BELO HORIZONTE;MG;SAO;        209,42;     162,98;   32,800;   0,1062;   32,800;      0;      1;  ;;        ; HOJE 08:00;FND000592-4;35260907655407000287570020021422621007305182 ;         40,00;
BIR;TGS000802-8; N;13/07/2026;31/12/2050;  1962289;            ;SSZ  ;MARIA JOSILENE SANTOS SILVA;EXPRESSO RIO VERMELHO;.3;COLOR VISAO DO BRASIL IND ACRI;ARACATUBA;SP;CAM;        651,09;       0,01;   11,000;   0,0000;   11,000;      4;      1;83;CHEGADA NA UNIDADE INTERMEDIARIA ;03/09/26;;CAM027820-3; ;          0,00;
BIR;BIR135598-8; D;11/08/2026;20/08/2026;  2005635;            ;     ;AURENIZA SEVERINO PLINA;COLOR VISAO DO BRASIL IND ACRI;B.;COLOR VISAO DO BRASIL IND ACRI;ARACATUBA;SP;CAM;        639,31;     125,67;   10,980;   0,2704;   67,600;      1;      1;83;CHEGADA NA UNIDADE INTERMEDIARIA ;03/09/26;;DK4000133-3;35260807655407000287570020021233061006958077 ;         30,97;
BIR;CBA017426-2; D;30/07/2026;12/08/2026;  2013129;            ;     ;JOSE RIBEIRO NETO;COLOR VISAO DO BRASIL IND ACRI;B.;COLOR VISAO DO BRASIL IND ACRI;ARACATUBA;SP;CAM;      1.934,01;     181,01;   36,850;   0,4670;  116,750;      1;      1;83;CHEGADA NA UNIDADE INTERMEDIARIA ;03/09/26;;DK4000133-3;51260707655407000368570020000173121006826209 ;         44,60;
BIR;CBA017478-5; N;07/08/2026;20/08/2026;   125087;            ;     ;JANAINA LEITE;COLOR VISAO DO BRASIL IND ACRI;B.;COLOR VISAO DO BRASIL IND ACRI;ARACATUBA;SP;CAM;      1.536,20;     143,18;   36,850;   0,5302;  132,550;      1;      1;83;CHEGADA NA UNIDADE INTERMEDIARIA ;03/09/26;;DK4000133-3;51260807655407000368570020000173651006923023 ;         35,28;
BIR;PMW118373-7; D;27/05/2026;10/06/2026;      200;            ;     ;MELKSOM VIEIRA FERREIRA;GLM PECAS LTDA;C.;GLM PECAS LTDA;ARACATUBA;SP;CAM;        599,00;     130,72;    8,000;   0,0000;    8,000;      2;      1;51;SOBRA DE MERCADORIA;03/09/26;;SAO081870-4;52260507655407000449570040000969761006088089 ;         32,21;
BNU;CGD034675-6; D;18/08/2026;28/08/2026;      621;            ;     ;YE COMERCIO E CONSTRUTORA LTDA;VR IMPORTS LTDA;B.;VR IMPORTS LTDA;GASPAR;SC;CWB;        907,20;     112,64;   18,000;   0,0900;   27,000;      3;      3;83;CHEGADA NA UNIDADE INTERMEDIARIA ;26/08/26;;DK4000130-9;50260807655407000600570010000342491007042399 ;         19,82;
BSB;CWB011734-0; N;02/09/2026;15/09/2026;  7424909;134155630000;     ;LOJA ELECTROLUX COM VIRTUAL DE;LOJA ELECTROLUX COM VIRTUAL DE;A.;BRUNO MESSIAS;BRASILIA;DF;719;      4.257,15;     335,95;   75,300;   1,0990;  274,750;      1;      1;83;CHEGADA NA UNIDADE INTERMEDIARIA ;08/09/26;;CWB000481-2;41260907655407001763570010000116741007238788 ;        119,26;
BSB;VIX032664-0; N;03/09/2026;15/09/2026;  3303011;29117590    ;     ;BELMICRO TECNOLOGIA S/A;BELMICRO TECNOLOGIA S/A;A.;SHEILA VELASCO BARBOSA NULL;CIDADE OCIDENTAL;GO;LUZ;      2.288,16;     208,63;   37,000;   0,6051;  163,377;      0;      1;83;CHEGADA NA UNIDADE INTERMEDIARIA ;10/09/26;;VIX000373-5;32260907655407001844570010000337661007257379 ;         74,06;
BSB;VIX032679-8; N;03/09/2026;16/09/2026;  3302830;29116531    ;     ;BELMICRO TECNOLOGIA S/A;BELMICRO TECNOLOGIA S/A;A.;PAULINA MARQUES MACEDO NULL;PLANALTINA;GO;FMA;        705,33;      86,24;   33,140;   0,1089;   33,140;      0;      1;83;CHEGADA NA UNIDADE INTERMEDIARIA ;10/09/26;;VIX000373-5;32260907655407001844570010000337901007257617 ;         30,62;
BSB;VIX032853-7; N;04/09/2026;15/09/2026;     5102;454776      ;     ;AUDIOFRAHM IND E COM DE ELETRO;AUDIOFRAHM IND E COM DE ELETRO;C.;SOL COMERCIO ATACADISTA E SERV;BRASILIA;DF;ASA;      5.693,05;     135,36;   28,248;   0,1307;   32,675;      0;      5;83;CHEGADA NA UNIDADE INTERMEDIARIA ;10/09/26;;VIX000373-5;32260907655407001844570010000338651007271388 ;         48,05;
BSB;VIX032862-6; N;04/09/2026;16/09/2026;   982048;            ;     ;WEBCONTINENTAL LTDA;WEBCONTINENTAL LTDA;A1;THALYTA TAMIRES;VALPARAISO DE GOIAS;GO;LUZ;      4.500,40;     214,31;   70,000;   0,4600;   92,000;      0;      4;83;CHEGADA NA UNIDADE INTERMEDIARIA ;10/09/26;;VIX000373-5;32260907655407001844570010000338771007271508 ;         76,08;
BSB;VIX032890-1; N;04/09/2026;16/09/2026;   719974;            ;     ;FRIGELAR COMERCIO E INSDUSTRIA;FRIGELAR COMERCIO E INSDUSTRIA;A1;KARINE;CIDADE OCIDENTAL;GO;LUZ;      2.695,00;     241,68;   42,900;   0,3580;  107,400;      0;      2;83;CHEGADA NA UNIDADE INTERMEDIARIA ;10/09/26;;VIX000373-5;32260907655407001844570010000339021007272320 ;         85,80;
BSB;VIX032900-2; N;04/09/2026;16/09/2026;  2847859;            ;     ;WEBCONTINENTAL LTDA;WEBCONTINENTAL LTDA;A1;EDIMARA PAIXAO BEZERRA;NOVO GAMA;GO;GAM;      1.929,49;     126,17;   27,500;   0,1800;   36,000;      0;      2;83;CHEGADA NA UNIDADE INTERMEDIARIA ;10/09/26;;VIX000373-5;32260907655407001844570010000339191007272514 ;         44,79;
BSB;VIX032904-5; N;04/09/2026;16/09/2026;  2848045;            ;     ;WEBCONTINENTAL LTDA;WEBCONTINENTAL LTDA;A1;JOEL SANTOS;CRISTALINA;GO;CRI;      1.278,17;     143,25;   25,600;   0,3500;   70,000;      0;      1;83;CHEGADA NA UNIDADE INTERMEDIARIA ;10/09/26;;VIX000373-5;32260907655407001844570010000339221007272544 ;         50,85;
BSB;VIX032907-0; N;04/09/2026;16/09/2026;  2848145;            ;     ;WEBCONTINENTAL LTDA;WEBCONTINENTAL LTDA;A1;LUIS ANGELO;LUZIANIA;GO;LUZ;      1.674,09;     124,14;   27,500;   0,1800;   36,000;      0;      2;83;CHEGADA NA UNIDADE INTERMEDIARIA ;10/09/26;;VIX000373-5;32260907655407001844570010000339261007272586 ;         44,07;
BSB;VIX032915-1; N;04/09/2026;18/09/2026;  2848414;            ;     ;WEBCONTINENTAL LTDA;WEBCONTINENTAL LTDA;A1;LUCAS ALENCAR SANTOS UCAO;FORMOSA;GO;FMA;      1.674,09;     124,14;   27,500;   0,1800;   36,000;      0;      2;83;CHEGADA NA UNIDADE INTERMEDIARIA ;10/09/26;;VIX000373-5;32260907655407001844570010000339061007272389 ;         44,07;
BSB;VIX033073-6; N;08/09/2026;21/09/2026;   983342;            ;     ;WEBCONTINENTAL LTDA;WEBCONTINENTAL LTDA;A1;ELIZANGE;AGUAS LINDAS DE GOIAS;GO;AGL;      2.382,78;     129,77;   30,700;   0,2200;   44,000;      0;      2;83;CHEGADA NA UNIDADE INTERMEDIARIA ;10/09/26;;VIX000373-5;32260907655407001844570010000340441007288729 ;         46,07;
BSB;VIX033075-2; N;08/09/2026;21/09/2026;   983435;            ;     ;WEBCONTINENTAL LTDA;WEBCONTINENTAL LTDA;A1;DAMIAO;AGUAS LINDAS DE GOIAS;GO;AGL;      2.382,78;     129,77;   30,700;   0,2200;   44,000;      0;      2;83;CHEGADA NA UNIDADE INTERMEDIARIA ;10/09/26;;VIX000373-5;32260907655407001844570010000340461007288740 ;         46,07;
BSB;SAO153738-5; N;10/09/2026;16/09/2026;  1170777;            ;     ;FRIGELAR COMERCIO E INDUSTRIA;FRIGELAR COMERCIO E INDUSTRIA;A1;FOX ENGENHARIA E CONSULTORIA L;BRASILIA;DF;TAG;     44.130,69;     780,97;  306,730;   1,2064;  361,920;      0;     13;80;CTRC EMITIDO;10/09/26;;;35260907655407000287570020021426581007313001 ;        277,24;
BSB;SAO153817-9; N;10/09/2026;16/09/2026;  1332747*;            ;     ;KARINA PLASTICOS LTDA;KARINA PLASTICOS LTDA;B.;GM INDUSTRIA E COMERCIO DE MAT;BRASILIA;DF;715;      6.084,13;     442,62;  326,135;   0,4200;  326,135;      0;     13;80;CTRC EMITIDO;10/09/26;;;35260907655407000287570020021427661007314269 ;        157,13;
BSB;SAO154332-6; N;10/09/2026;17/09/2026;   192020;36224       ;     ;SPAAL INDUSTRIA E COMERCIO LTD;SPAAL INDUSTRIA E COMERCIO LTD;B.;PECISTA DIST E REPRES AUTO PEC;BRASILIA;DF;TAG;     25.505,87;     436,88;  130,000;   0,6130;  183,900;      0;      6;80;CTRC EMITIDO;10/09/26;;;35260907655407000287570020021429341007317443 ;        155,09;
BSB;SAO154382-2; N;10/09/2026;17/09/2026;    31640*;            ;     ;VGF INDUSTRIA E COMERCIO LTDA;VGF INDUSTRIA E COMERCIO LTDA;B.;BMB MATERIAL DE CONSTRUCAO S.A;BRASILIA;DF;TAG;     61.695,75;   2.167,47;  597,200;   4,3536; 1306,080;      0;     88;80;CTRC EMITIDO;10/09/26;;;35260907655407000287570020021432771007324788 ;        769,45;
BSB;SAO154852-2; N;11/09/2026;17/09/2026;  3052130;            ;     ;LORENZETTI SA INDS BRASILEIRAS;LORENZETTI SA INDS BRASILEIRAS;A2;DAMASCO MATL ELETR HIDR FERRAG;BRASILIA;DF;TAG;      2.164,95;      91,92;   15,380;   0,0926;   23,150;      0;      9;80;CTRC EMITIDO;11/09/26;;;35260907655407000287570020021436711007329400 ;         32,63;
BSB;SAO154853-1; N;11/09/2026;17/09/2026;  3052132;            ;     ;LORENZETTI SA INDS BRASILEIRAS;LORENZETTI SA INDS BRASILEIRAS;A2;DMC ATACADAO DA CONSTRUCAO EIR;BRASILIA;DF;721;     82.040,00;   2.224,32;  848,000;   9,1917; 2297,925;      0;    200;80;CTRC EMITIDO;11/09/26;;;35260907655407000287570020021436681007329375 ;        789,63;
BSB;SAO154854-9; N;11/09/2026;17/09/2026;  3052134;            ;     ;LORENZETTI SA INDS BRASILEIRAS;LORENZETTI SA INDS BRASILEIRAS;A2;DMC ATACADAO DA CONSTRUCAO LTD;BRASILIA;DF;TAG;     41.020,00;   1.147,96;  424,000;   4,5959; 1148,975;      0;    100;80;CTRC EMITIDO;11/09/26;;;35260907655407000287570020021436731007329421 ;        407,53;
BSB;SAO154872-7; N;11/09/2026;17/09/2026;  3052171;            ;     ;LORENZETTI SA INDS BRASILEIRAS;LORENZETTI SA INDS BRASILEIRAS;A2;MUNDIAL CENTER ATACADISTA LTDA;BRASILIA;DF;723;     74.967,98;   1.404,28;  405,642;   5,0660; 1266,500;      0;    141;80;CTRC EMITIDO;11/09/26;;;35260907655407000287570020021436901007329597 ;        498,52;
BSB;SAO154874-3; N;11/09/2026;17/09/2026;  3052175;            ;     ;LORENZETTI SA INDS BRASILEIRAS;LORENZETTI SA INDS BRASILEIRAS;A2;OBJETIVA ATACADISTA DA CONSTR;BRASILIA;DF;TAG;     19.880,37;     251,17;  107,148;   0,2211;  107,148;      0;     22;80;CTRC EMITIDO;11/09/26;;;35260907655407000287570020021436921007329613 ;         89,17;
BSB;SAO154876-0; N;11/09/2026;17/09/2026;  3052183;            ;     ;LORENZETTI SA INDS BRASILEIRAS;LORENZETTI SA INDS BRASILEIRAS;A2;OPCAO COM ATAC MAT CONST LTDA;BRASILIA;DF;722;      2.554,80;      89,27;    7,416;   0,0759;   18,975;      0;     12;80;CTRC EMITIDO;11/09/26;;;35260907655407000287570020021436941007329634 ;         31,69;
BSB;SAO154882-4; N;11/09/2026;18/09/2026;  3052199;            ;     ;LORENZETTI SA INDS BRASILEIRAS;LORENZETTI SA INDS BRASILEIRAS;A2;REDE DA CONSTRUCAO LTDA;CRISTALINA;GO;CRI;      6.199,55;     244,74;   54,454;   0,6366;  159,150;      0;     14;80;CTRC EMITIDO;11/09/26;;;35260907655407000287570020021437001007329692 ;         86,88;
BSB;SAO154893-0; N;11/09/2026;18/09/2026;  3052221*;            ;     ;LORENZETTI SA INDS BRASILEIRAS;LORENZETTI SA INDS BRASILEIRAS;A2;TALISMA MATERIAIS DE CONSTRUCA;VALPARAISO DE GOIAS;GO;LUZ;      9.117,21;     324,03;   78,045;   0,8900;  222,500;      0;     24;80;CTRC EMITIDO;11/09/26;;;35260907655407000287570020021437151007329849 ;        115,03;
BSB;SAO154897-2; N;11/09/2026;17/09/2026;  3052428;            ;     ;LORENZETTI SA INDS BRASILEIRAS;LORENZETTI SA INDS BRASILEIRAS;A2;M. A. DA SILVA JL INSTALACOES ;BRASILIA;DF;ASA;      1.818,02;      85,62;    6,488;   0,0769;   19,225;      0;      1;80;CTRC EMITIDO;11/09/26;;;35260907655407000287570020021437091007329787 ;         30,40;
BSB;FND151706-6; N;04/09/2026;16/09/2026;      679;            ;     ;HOME NOBRE INDUSTRIA E COMERCI;HOME NOBRE INDUSTRIA E COMERCI;C.;SUELY QUEIROZ DE SOUSA;BRASILIA;DF;722;      2.974,61;     308,91;   45,000;   1,0000;  300,000;      0;      4;  ;;        ; HOJE 08:00;FND000592-4;35260907655407000287570020021400191007269134 ;        109,66;
BSB;FND151758-9; N;04/09/2026;17/09/2026;    19261;            ;     ;POLIZELLI MOVEIS E UTILIDADES;POLIZELLI MOVEIS E UTILIDADES;A.;GABRIELLY MONTEIRO MORAIS;NOVO GAMA;GO;GAM;        187,30;     199,76;   50,000;   0,3600;  108,000;      0;      3;  ;;        ; HOJE 08:00;FND000592-4;35260907655407000287570020021401341007271831 ;         70,91;
BSB;FND151769-4; N;04/09/2026;16/09/2026;      606;            ;     ;FORTBELLO ESTOFADOS LTDA;FORTBELLO ESTOFADOS LTDA;B.;EDIVANIA LUIS TAVARES;BRASILIA;DF;723;      3.329,88;     461,54;   68,000;   0,7200;  216,000;      0;      2;  ;;        ; HOJE 08:00;FND000592-4;35260907655407000287570020021401411007272069 ;        163,85;
BSB;FND152494-1; N;08/09/2026;22/09/2026;     5606;            ;     ;J A OUTLET COMERCIO DE MOVEIS;J A OUTLET COMERCIO DE MOVEIS;B.;CELY CORREA CORTES MOREIRA;AGUAS LINDAS DE GOIAS;GO;AGL;      1.846,09;     689,99;   69,000;   1,5500;  465,000;      0;      2;  ;;        ; HOJE 08:00;FND000592-4;35260907655407000287570020021408941007283321 ;        244,95;
BSB;FND152842-4; N;08/09/2026;17/09/2026;     6193;            ;     ;MVITORATO INDUSTRIA DE MOVEIS;MVITORATO INDUSTRIA DE MOVEIS;..;JOSE LAERCIO DA SILVA LAERCIO ;BRASILIA;DF;723;      3.646,83;     633,00;   70,000;   1,2000;  360,000;      0;      2;  ;;        ; HOJE 08:00;FND000592-4;35260907655407000287570020021412491007288079 ;        224,72;
BSB;FND152968-4; N;08/09/2026;17/09/2026;     3405;            ;     ;MODULAR CASA E DECORACAO LTDA;MODULAR CASA E DECORACAO LTDA;B.;POLLIANE VILELA;BRASILIA;DF;GUA;        693,54;     140,23;   39,800;   0,1000;   39,800;      0;      1;  ;;        ; HOJE 08:00;FND000592-4;35260907655407000287570020021412991007291195 ;         49,78;
BSB;FND153111-5; N;09/09/2026;18/09/2026;      605;            ;     ;FORTBELLO ESTOFADOS LTDA;FORTBELLO ESTOFADOS LTDA;B.;BARBARA BRESSAN ROCHA;BRASILIA;DF;GUA;      3.057,43;     360,22;   80,000;   1,0200;  306,000;      0;      2;  ;;        ; HOJE 08:00;FND000592-4;35260907655407000287570020021418191007297497 ;        127,88;
BSB;FND153112-3; N;09/09/2026;18/09/2026;    15596;            ;     ;KAZAECOM COMERCIO DE MOVEIS LT;KAZAECOM COMERCIO DE MOVEIS LT;C.;SELMA REGINA MENDES LIMA;BRASILIA;DF;726;        732,49;     251,73;   60,000;   0,3600;  108,000;      0;      4;  ;;        ; HOJE 08:00;FND000592-4;35260907655407000287570020021418201007297501 ;         89,36;
BSB;FND153471-8; N;09/09/2026;18/09/2026;     5604;            ;     ;J A OUTLET COMERCIO DE MOVEIS;J A OUTLET COMERCIO DE MOVEIS;B.;LIVIA DE MIRANDA PRADO GUIMARA;BRASILIA;DF;LGO;      1.949,72;     550,00;   58,200;   1,7000;  510,000;      0;      2;  ;;        ; HOJE 08:00;FND000592-4;35260907655407000287570020021420541007302288 ;        195,25;
BSB;FND153667-2; N;09/09/2026;18/09/2026;    19292;            ;     ;POLIZELLI MOVEIS E UTILIDADES;POLIZELLI MOVEIS E UTILIDADES;A.;TARSILA FERREIRA BEZERRA;BRASILIA;DF;722;        187,30;     179,16;   50,000;   0,3600;  108,000;      0;      3;  ;;        ; HOJE 08:00;FND000592-4;35260907655407000287570020021421871007304287 ;         63,60;
BSB;FND153668-1; N;09/09/2026;18/09/2026;    21675;            ;     ;CASELLI STORE COMERCIO LTDA;CASELLI STORE COMERCIO LTDA;A.;MONICA DAYANE DE SENA ALVES;BRASILIA;DF;723;        337,60;     202,41;  126,000;   0,4000;  126,000;      0;      6;  ;;        ; HOJE 08:00;FND000592-4;35260907655407000287570020021421801007304219 ;         71,86;
BSB;FND153669-9; N;09/09/2026;18/09/2026;    21674;            ;     ;CASELLI STORE COMERCIO LTDA;CASELLI STORE COMERCIO LTDA;A.;MICHELLE FERREIRA;BRASILIA;DF;723;        167,30;     117,56;   27,000;   0,1000;   30,000;      0;      1;  ;;        ; HOJE 08:00;FND000592-4;35260907655407000287570020021421891007304303 ;         41,73;
BSB;FND153670-2; N;09/09/2026;21/09/2026;    21673;            ;     ;CASELLI STORE COMERCIO LTDA;CASELLI STORE COMERCIO LTDA;A.;MARIA LUIZA OLIVEIRA DOS SANTO;VALPARAISO DE GOIAS;GO;LUZ;        187,30;     199,76;   50,000;   0,3600;  108,000;      0;      3;  ;;        ; HOJE 08:00;FND000592-4;35260907655407000287570020021421921007304333 ;         70,91;
BSB;FND153672-9; N;09/09/2026;18/09/2026;    19294;            ;     ;POLIZELLI MOVEIS E UTILIDADES;POLIZELLI MOVEIS E UTILIDADES;A.;CLODAIR EDENILSON BORIN;BRASILIA;DF;731;        182,30;     130,17;   47,000;   0,1500;   47,000;      0;      1;  ;;        ; HOJE 08:00;FND000592-4;35260907655407000287570020021421911007304328 ;         46,21;
BSB;FND153707-5; N;09/09/2026;18/09/2026;    23627;            ;     ;D M GARCIA COMERCIO DE MOVEIS;D M GARCIA COMERCIO DE MOVEIS;C.;THAYNA SILVA DA COSTA;BRASILIA;DF;727;        689,90;     169,97;   27,000;   0,3000;   90,000;      0;      1;  ;;        ; HOJE 08:00;FND000592-4;35260907655407000287570020021422581007305147 ;         60,34;
BSB;VIX032877-4; N;04/09/2026;16/09/2026;   982548;            ;     ;WEBCONTINENTAL LTDA;WEBCONTINENTAL LTDA;A1;NEUMAN BERNARDES;CRISTALINA;GO;CRI;      2.593,99;     131,45;   36,800;   0,2200;   44,000;      0;      2;  ;;        ; HOJE 13:01;VIX000375-1;32260907655407001844570010000338901007271631 ;         46,66;
BSB;VIX032920-7; N;04/09/2026;16/09/2026;    16355;            ;     ;INDUSTRIA CHOCOLATE CAPIXABA L;INDUSTRIA CHOCOLATE CAPIXABA L;C.;COMERCIAL MOISES LTDA;LUZIANIA;GO;LUZ;      8.293,03;     284,00;   69,520;   0,3360;  100,800;      0;      7;  ;;        ; HOJE 13:01;VIX000375-1;32260907655407001844570010000339331007272815 ;        100,82;
BSB;VIX033062-1; N;08/09/2026;18/09/2026;   983209;            ;     ;WEBCONTINENTAL LTDA;WEBCONTINENTAL LTDA;A1;DHIEURY;PADRE BERNARDO;GO;AGL;      2.386,11;     129,80;   30,900;   0,1900;   38,000;      0;      2;  ;;        ; HOJE 13:01;VIX000375-1;32260907655407001844570010000340331007288610 ;         46,08;
BSB;VIX033070-1; N;08/09/2026;17/09/2026;   983329;            ;     ;WEBCONTINENTAL LTDA;WEBCONTINENTAL LTDA;A1;ANDRESSA VIEIRA DE MOURA;VALPARAISO DE GOIAS;GO;LUZ;      2.275,06;     128,92;   30,900;   0,1900;   38,000;      0;      2;  ;;        ; HOJE 13:01;VIX000375-1;32260907655407001844570010000340411007288697 ;         45,77;
BSB;VIX033084-1; N;08/09/2026;17/09/2026;   983910;            ;     ;WEBCONTINENTAL LTDA;WEBCONTINENTAL LTDA;A1;LINDA MARCIEL;LUZIANIA;GO;LUZ;      2.414,75;     130,02;   36,800;   0,2200;   44,000;      0;      2;  ;;        ; HOJE 13:01;VIX000375-1;32260907655407001844570010000340551007288838 ;         46,16;
BSB;VIX033092-2; N;08/09/2026;17/09/2026;   984223;            ;     ;WEBCONTINENTAL LTDA;WEBCONTINENTAL LTDA;A1;FRANCISCO ALMEIDA;NOVO GAMA;GO;GAM;      1.950,06;     126,33;   35,000;   0,2300;   46,000;      0;      2;  ;;        ; HOJE 13:01;VIX000375-1;32260907655407001844570010000340631007288910 ;         44,85;
BSB;VIX033114-7; N;08/09/2026;18/09/2026;   985093;            ;     ;WEBCONTINENTAL LTDA;WEBCONTINENTAL LTDA;A1;QUADRA 104 LOTE 17 CENTRO;SANTO ANTONIO DO DESCOBERTO;GO;AGL;      2.152,30;     127,94;   27,700;   0,1700;   34,000;      0;      2;  ;;        ; HOJE 13:01;VIX000375-1;32260907655407001844570010000340871007289153 ;         45,42;
BSB;VIX033154-6; N;08/09/2026;18/09/2026;  2849984;            ;     ;WEBCONTINENTAL LTDA;WEBCONTINENTAL LTDA;A1;UESLAINE PEREIRA DA SILVA;PLANALTINA;GO;FMA;      1.998,75;     126,72;   26,500;   0,1800;   36,000;      0;      2;  ;;        ; HOJE 13:01;VIX000375-1;32260907655407001844570010000341221007289502 ;         44,99;
BSB;VIX033155-4; N;08/09/2026;18/09/2026;  2850000;            ;     ;WEBCONTINENTAL LTDA;WEBCONTINENTAL LTDA;A1;KAUANE SANTOS DE SOUSA;SANTO ANTONIO DO DESCOBERTO;GO;AGL;        906,30;     118,02;   21,300;   0,2400;   48,000;      0;      1;  ;;        ; HOJE 13:01;VIX000375-1;32260907655407001844570010000341211007289491 ;         41,90;
BSB;VIX033162-7; N;08/09/2026;17/09/2026;  2850681;            ;     ;WEBCONTINENTAL LTDA;WEBCONTINENTAL LTDA;A1;ADELAIDE REINALDO LISBOA PAULI;CRISTALINA;GO;CRI;      2.380,06;     129,75;   28,000;   0,2100;   42,000;      0;      2;  ;;        ; HOJE 13:01;VIX000375-1;32260907655407001844570010000341301007289580 ;         46,06;
BSB;VIX033175-9; N;08/09/2026;21/09/2026;  2851872;            ;     ;WEBCONTINENTAL LTDA;WEBCONTINENTAL LTDA;A1;ALOISIO;AGUAS LINDAS DE GOIAS;GO;AGL;      1.091,84;     141,76;   26,200;   0,3500;   70,000;      0;      1;  ;;        ; HOJE 13:01;VIX000375-1;32260907655407001844570010000341411007289699 ;         50,32;
BSB;VIX033177-5; N;08/09/2026;18/09/2026;  2851942;            ;     ;WEBCONTINENTAL LTDA;WEBCONTINENTAL LTDA;A1;SILVINA FERNANDES MARINHO FERN;SANTO ANTONIO DO DESCOBERTO;GO;AGL;      1.879,49;     125,77;   27,500;   0,1800;   36,000;      0;      2;  ;;        ; HOJE 13:01;VIX000375-1;32260907655407001844570010000341431007289715 ;         44,65;
BSB;VIX033218-6; N;09/09/2026;17/09/2026;      334;            ;     ;100% VOCE IND E COM DE ALIMENT;100% VOCE IND E COM DE ALIMENT;C.;DONA DE CASA SUPERMERCADOS LTD;BRASILIA;DF;719;      4.362,52;     568,22;   14,200;   0,0375;   14,200;      0;      5;  ;;        ; HOJE 13:01;VIX000375-1;32260907655407001844570010000342641007300323 ;        201,72;
BVT;TIT149581-0; N;02/09/2026;15/10/2026;  1380092;            ;     ;CORDEIRO MAQUINAS E FERRAMENTA;CORDEIRO MAQUINAS E FERRAMENTA;B.;SANEPAV SANEAMENTO AMBIENTAL L;BOA VISTA;RR;MAO;      4.098,56;     583,47;    6,500;   0,0356;   10,680;      2;      2;83;CHEGADA NA UNIDADE INTERMEDIARIA ;09/09/26;;CAM027872-6;35260907655407000287570020021379851007232284 ;          0,00;
BVT;XAP001093-6; N;28/07/2026;14/09/2026;      201;            ;     ;RENA BIOTECNOLOGIA LTDA;RENA BIOTECNOLOGIA LTDA;..;AGROPECUARIA BV 8 LTDA ME;PACARAIMA;RR;MAO;      7.492,32;     650,00;   40,000;   0,1333;   40,000;      3;      3;91;ANALISE DE INDENIZACAO;17/08/26;;CWB000418-9;42260707655407002140570200000010891006791507 ;          0,00;
BVT;FND151376-1; N;04/09/2026;23/10/2026;     2805;            ;     ;DESPUMALAR ECOMMERCE LTDA;DESPUMALAR ECOMMERCE LTDA;C.;KETLEN BENAION DE SOUZA;PACARAIMA;RR;MAO;      1.388,08;     530,00;   58,000;   0,3600;  108,000;      0;      3;  ;;        ; HOJE 08:00;FND000592-4;35260907655407000287570020021397861007265277 ;          0,00;
CAC;BIR149814-2; N;02/09/2026;17/09/2026;    15750;            ;     ;PECUARISTA D OESTE DE ARACATUB;PECUARISTA D OESTE DE ARACATUB;A.;694-MORON EAMP CIA LTDA - EPP;SAO JOSE DOS QUATRO MARCOS;MT;003;      7.479,36;     793,69;   80,100;   0,2700;   81,000;      3;      3;83;CHEGADA NA UNIDADE INTERMEDIARIA ;08/09/26;;BIR000387-5;35260907655407000287570020021382211007236670 ;        137,07;
CAC;JOI001857-1; N;04/09/2026;18/09/2026;    60832;82808348    ;     ;FERRAGENS NEGRAO COMERCIAL LTD;FERRAGENS NEGRAO COMERCIAL LTD;A2;ILSON TELES DA SILVA;CACERES;MT;02 ;      3.682,93;     157,27;   67,000;   0,0697;   67,000;     10;     10;83;CHEGADA NA UNIDADE INTERMEDIARIA ;08/09/26;;CWB000481-2;42260907655407002140570200000018481007266030 ;         51,19;
CAC;FRA151789-9; N;04/09/2026;23/09/2026;   354398;            ;     ;PALACIO DAS FERRAMENTAS E PARA;PALACIO DAS FERRAMENTAS E PARA;A2;MARIA SAMPAIO 50930590;CURVELANDIA;MT;006;      3.878,70;     257,14;  100,000;   0,0000;  100,000;      1;      1;83;CHEGADA NA UNIDADE INTERMEDIARIA ;08/09/26;;FRA001750-7;35260907655407000287570020021401581007272945 ;         83,70;
CAC;CAT147124-4; N;28/08/2026;11/09/2026;     5089;            ;     ;BUFALO FERRAGENS LTDA;BUFALO FERRAGENS LTDA;B.;MULTI TUDO HOME CENTER LTDA;CACERES;MT;02 ;      4.696,13;     336,17;  171,330;   0,2000;  171,330;     14;     14;83;CHEGADA NA UNIDADE INTERMEDIARIA ;04/09/26;;SJP000585-1;35260807655407000287570020021352911007182119 ;        109,42;
CAC;UDI034054-5; N;04/09/2026;16/09/2026;   177062;2277984NAO  ;     ;PRODUTOS ERLAN S/A;PRODUTOS ERLAN S/A;B3;DAVID B VIEIRA LTDA;CACERES;MT;02 ;        716,98;     179,03;   51,810;   0,1090;   51,810;      4;      4;83;CHEGADA NA UNIDADE INTERMEDIARIA ;10/09/26;;UDI002589-5;31260907655407001097570100000563571007265754 ;         62,66;
CAC;VIX032632-1; N;03/09/2026;23/09/2026;  3301698;29111423    ;     ;BELMICRO TECNOLOGIA S/A;BELMICRO TECNOLOGIA S/A;A.;UZIEL TESSINARI DA SILVA NULL;RIO BRANCO;MT;006;      4.831,10;     390,31;   63,600;   0,5703;  153,981;      1;      1;83;CHEGADA NA UNIDADE INTERMEDIARIA ;05/09/26;;VIX000370-1;32260907655407001844570010000337421007257130 ;        120,21;
CAC;VIX032414-1; N;03/09/2026;15/09/2026;  3297005;29090962    ;     ;BELMICRO TECNOLOGIA S/A;BELMICRO TECNOLOGIA S/A;A.;SUELY ROSA RIBEIRO NULL;CACERES;MT;02 ;      2.414,34;     133,69;   26,040;   0,1851;   49,977;      2;      2;83;CHEGADA NA UNIDADE INTERMEDIARIA ;09/09/26;;VIX000372-7;32260907655407001844570010000336991007256700 ;         41,18;
CAC;VIX032670-4; N;03/09/2026;17/09/2026;  3299961;29105369    ;     ;BELMICRO TECNOLOGIA S/A;BELMICRO TECNOLOGIA S/A;A.;SABOR ACAI NULL;FIGUEIROPOLIS D OESTE;MT;004;      1.633,23;     178,78;   15,000;   0,1751;   47,277;      0;      1;83;CHEGADA NA UNIDADE INTERMEDIARIA ;10/09/26;;VIX000373-5;32260907655407001844570010000337781007257493 ;         55,07;
CAC;VIX032674-7; N;03/09/2026;21/09/2026;  3302631;29115940    ;     ;BELMICRO TECNOLOGIA S/A;BELMICRO TECNOLOGIA S/A;A.;SERGIO MARQUES DA SILVA NULL;ARAPUTANGA;MT;003;      1.278,90;     131,99;   15,000;   0,1751;   47,277;      0;      1;83;CHEGADA NA UNIDADE INTERMEDIARIA ;10/09/26;;VIX000373-5;32260907655407001844570010000337831007257540 ;         40,65;
CAC;VIX032852-9; N;04/09/2026;17/09/2026;  3304881;29123376    ;     ;BELMICRO TECNOLOGIA S/A;BELMICRO TECNOLOGIA S/A;A.;SEBASTIAO MARTINS RIBEIRO JUNI;CACERES;MT;02 ;      3.728,90;     226,06;   54,500;   0,4114;  111,078;      0;      2;83;CHEGADA NA UNIDADE INTERMEDIARIA ;10/09/26;;VIX000373-5;32260907655407001844570010000340021007273551 ;         69,63;
CAC;VIX032928-2; N;04/09/2026;17/09/2026;   388052;481854(5)   ;     ;TECNOLOGISTICA DISTR E COM DE ;TECNOLOGISTICA DISTR E COM DE ;B.;NOGUEIRA BALDOINO COMERCIO DE ;CACERES;MT;02 ;      6.970,72;     408,70;   47,029;   0,4000;   47,029;      0;      5;83;CHEGADA NA UNIDADE INTERMEDIARIA ;10/09/26;;VIX000373-5;32260907655407001844570010000339401007272887 ;        125,88;
CAC;SAO149334-5; N;08/09/2026;15/09/2026;  1380638;109101485   ;     ;BRS SP SUPRIMENTOS CORPORATIVO;BRS SP SUPRIMENTOS CORPORATIVO;A1;SOCIEDADE EDUCACIONAL LEONARDO;MIRASSOL D OESTE;MT;001;        488,45;     109,60;    1,980;   0,0000;    1,980;      0;      1;80;CTRC EMITIDO;08/09/26;;;35260907655407000287570020021409211007283606 ;         25,48;
CAC;SAO149338-8; N;08/09/2026;14/09/2026;  1380751;109107588   ;     ;BRS SP SUPRIMENTOS CORPORATIVO;BRS SP SUPRIMENTOS CORPORATIVO;A1;SOCIEDADE EDUCACIONAL LEONARDO;CACERES;MT;02 ;        488,45;     109,60;    2,070;   0,0000;    2,070;      0;      1;80;CTRC EMITIDO;08/09/26;;;35260907655407000287570020021409231007283627 ;         35,68;
CAC;SAO152296-5; N;09/09/2026;16/09/2026;  1382637;109190874   ;     ;BRS SP SUPRIMENTOS CORPORATIVO;BRS SP SUPRIMENTOS CORPORATIVO;A1;LOJAS AVENIDA S.A;CACERES;MT;02 ;      2.656,00;     205,87;   82,630;   0,1925;   82,630;      0;     18;80;CTRC EMITIDO;09/09/26;;;35260907655407000287570020021424981007310970 ;         67,01;
CAC;SAO152535-2; N;08/09/2026;17/09/2026;  1383914;109191087   ;     ;BRS SP SUPRIMENTOS CORPORATIVO;BRS SP SUPRIMENTOS CORPORATIVO;A1;LOJAS AVENIDA S.A;CACERES;MT;02 ;      1.592,15;     279,19;  103,540;   0,4048;  103,540;      0;     11;80;CTRC EMITIDO;08/09/26;;;35260907655407000287570020021414761007293887 ;         90,88;
CAC;SAO152542-5; N;09/09/2026;22/09/2026;  1384000;109216315   ;     ;BRS SP SUPRIMENTOS CORPORATIVO;BRS SP SUPRIMENTOS CORPORATIVO;A1;S. C. DE MEDEIROS  CIA LTDA - ;ARAPUTANGA;MT;003;      1.670,63;     197,40;   84,230;   0,2894;   84,230;      0;     13;80;CTRC EMITIDO;09/09/26;;;35260907655407000287570020021415721007294995 ;         64,25;
CAC;SAO152629-4; N;08/09/2026;17/09/2026;  1223063;            ;     ;SBARDELLINI E CIA LTDA;SBARDELLINI E CIA LTDA;C.;FABIO LUIZ GARCIA 02692769120;CACERES;MT;02 ;      4.092,34;     274,34;   65,240;   0,5400;  162,000;      0;     21;80;CTRC EMITIDO;08/09/26;;;35260907655407000287570020021412101007287272 ;         89,30;
CAC;SAO152669-3; N;09/09/2026;17/09/2026;   233584;            ;     ;FK GRUPO S.A.;M R FERNANDES;..;M R FERNANDES;CACERES;MT;02 ;      8.468,60;     949,28;  286,080;   2,1660;  649,800;      0;     18;80;CTRC EMITIDO;09/09/26;;;35260907655407000287570020021416571007295842 ;        308,99;
CAC;SAO152759-2; N;09/09/2026;17/09/2026;    70613;            ;     ;FUSECO COMERCIA LTDA;V. FERREIRA DE CARVALHO E CIA;C.;V. FERREIRA DE CARVALHO E CIA;CACERES;MT;02 ;      3.987,80;     703,10;  208,600;   1,8659;  559,770;      0;     17;80;CTRC EMITIDO;09/09/26;;;35260907655407000287570020021420201007301011 ;        228,86;
CAC;SAO152859-9; N;08/09/2026;17/09/2026;   164085;            ;     ;SILVER PLASTIC COM IMP  E EXP;SILVER PLASTIC COM IMP  E EXP;C.;SEBASTIAO MARIO GIRALDELLI EAM;CACERES;MT;02 ;      5.162,04;     265,48;   34,667;   0,2660;   79,800;      0;     11;80;CTRC EMITIDO;08/09/26;;;35260907655407000287570020021413811007292559 ;         86,42;
CAC;SAO152912-9; N;08/09/2026;18/09/2026;  2030830;            ;JNSLT;GAZIN ATACADO CENTRO OESTE LTD;IDH TRANSPORTES DE CARGAS LTDA;B.;MJ DE FREITAS SILVA E CIA LTDA;JAURU;MT;004;      4.751,60;     174,49;   28,000;   0,2500;   75,000;      0;      4;  ;;        ;;;52260907655407000449570040001018161007294403 ;         61,07;
CAC;SAO152913-7; N;08/09/2026;18/09/2026;  2032818;            ;JNSLT;GAZIN ATACADO CENTRO OESTE LTD;IDH TRANSPORTES DE CARGAS LTDA;B.;MJ DE FREITAS SILVA E CIA LTDA;JAURU;MT;004;      3.429,60;     137,46;   18,520;   0,1500;   45,000;      0;      4;  ;;        ;;;52260907655407000449570040001018171007294427 ;         48,11;
CAC;SAO153321-5; N;10/09/2026;18/09/2026;  1387235;109219759   ;     ;BRS SP SUPRIMENTOS CORPORATIVO;BRS SP SUPRIMENTOS CORPORATIVO;A1;ITAU UNIBANCO S.A;CACERES;MT;02 ;        737,66;     122,04;   38,232;   0,1826;   38,232;      0;      6;80;CTRC EMITIDO;10/09/26;;;35260907655407000287570020021426011007312380 ;         39,73;
CAC;SAO153457-2; N;09/09/2026;18/09/2026;   914693;0           ;     ;ACRILEX TINTAS ESPECIAIS S A;FARMACIA GALENA MANIPULACAO DE;..;FARMACIA GALENA MANIPULACAO DE;CACERES;MT;02 ;      3.516,88;     784,37;   96,060;   0,3219;   96,570;      0;     22;80;CTRC EMITIDO;09/09/26;;;35260907655407000287570020021424551007310549 ;        120,56;
CAC;SAO153561-7; N;09/09/2026;21/09/2026;     6080;            ;     ;EDUARDO CARNEIRO ENGELBERG BUE;CENTRAL DO FRETE INTER E TECNO;B.;SIMONE GOMES DE OLIVEIRA;SAO JOSE DOS QUATRO MARCOS;MT;003;        735,00;     165,56;   22,000;   0,0480;   22,000;      0;      1;80;CTRC EMITIDO;09/09/26;;;35260907655407000287570020021425461007311711 ;         53,89;
CAC;SAO153815-2; N;10/09/2026;18/09/2026;  1332745*;            ;     ;KARINA PLASTICOS LTDA;KARINA PLASTICOS LTDA;B.;BRASIL PVC INDUSTRIA E COMERCI;CACERES;MT;02 ;     43.084,17;   7.752,52; 5115,300;   4,3200; 5115,300;      0;      3;80;CTRC EMITIDO;10/09/26;;;35260907655407000287570020021427491007313962 ;      2.523,44;
CAC;SAO154174-9; N;10/09/2026;22/09/2026;    64244;            ;     ;NOVA CREDEAL INDUSTRIA DE CADE;R DELFINO SOUZA PAPELARIA ME;C3;R DELFINO SOUZA PAPELARIA ME;MIRASSOL D OESTE;MT;001;      7.708,33;     470,66;  328,770;   0,7122;  328,770;      0;     43;80;CTRC EMITIDO;10/09/26;;;35260907655407000287570020021433501007325620 ;        109,43;
CAC;SAO154186-2; N;10/09/2026;21/09/2026;    49222;            ;RRCDJ;IDEMITSU LUBE SOUTH AMERICA LT;F L LOCACOES LTDA;B.;SAGA EXCLUSIVE COMERCIO DE VEI;CACERES;MT;02 ;     12.675,71;     350,39;  216,000;   0,7200;  216,000;      0;     10;80;CTRC EMITIDO;10/09/26;;;35260907655407000287570020021433291007325413 ;        122,64;
CAC;SAO154599-0; N;11/09/2026;21/09/2026;     4153;            ;     ;LILIAN MORAES DE JESUS GRAFICA;CENTRAL DO FRETE INTER E TECNO;B.;THARSO AVILA BRITO 00670288101;CACERES;MT;02 ;      4.163,71;   1.923,58;  326,860;   3,6276; 1088,280;      0;     39;80;CTRC EMITIDO;11/09/26;;;35260907655407000287570020021435391007327782 ;        626,13;
CAC;VIX032950-9; N;08/09/2026;17/09/2026;  3306232;29130154    ;     ;BELMICRO TECNOLOGIA S/A;BELMICRO TECNOLOGIA S/A;A.;ITAMAR NUNES DE ASSIS NULL;CACERES;MT;02 ;      1.464,34;     195,66;   29,000;   0,3853;  104,031;      0;      1;  ;;        ; HOJE 13:01;VIX000375-1;32260907655407001844570010000341831007290360 ;         60,26;
CAC;VIX032981-9; N;08/09/2026;22/09/2026;  3307931;29134394    ;     ;BELMICRO TECNOLOGIA S/A;BELMICRO TECNOLOGIA S/A;A.;HELLEN ANTUNES RIOS NULL;ARAPUTANGA;MT;003;        192,96;      99,75;    8,000;   0,0689;   18,603;      0;      1;  ;;        ; HOJE 13:01;VIX000375-1;32260907655407001844570010000342151007290684 ;         30,72;
CAC;VIX032988-6; N;08/09/2026;22/09/2026;  3311476;29142496    ;     ;BELMICRO TECNOLOGIA S/A;BELMICRO TECNOLOGIA S/A;A.;BARBARA SALES PEREIRA NULL;ARAPUTANGA;MT;003;      1.387,17;     194,39;   27,590;   0,3580;   96,660;      0;      1;  ;;        ; HOJE 13:01;VIX000375-1;32260907655407001844570010000342241007290772 ;         59,87;
CAM;CGD033958-0; N;29/06/2026;03/07/2026;   887099;            ;     ;JSL S/A;NORTEL SUPRIMENTOS INDUSTRIAIS;A1;NORTEL SUPRIMENTOS INDUSTRIAIS;CAMPINAS;SP;CAM;      6.414,40;       0,01;    9,120;   0,0000;    9,120;      1;      2;83;CHEGADA NA UNIDADE INTERMEDIARIA ;21/08/26;;CAM027688-0;50260607655407000600570010000335231006443959 ;          0,00;
CAM;CBA017631-1; N;03/09/2026;15/09/2026;   669267;            ;     ;JULIANA TRECHAUD;CRAW COM DE EQUIPAMENTOS E SER;B.;CRAW COM DE EQUIPAMENTOS E SER;ITUPEVA;SP;132;      2.890,28;     386,01;   37,340;   0,4292;  128,760;      0;      1;83;CHEGADA NA UNIDADE INTERMEDIARIA ;03/09/26;;CBA006622-2;51260907655407000368570020000175151007249434 ;          0,00;
CAM;CAS008873-1; N;01/04/2026;31/12/2050;    52714*;            ;FCA  ;EXPRESSO RIO VERMELHO TRANSPOR;EXPRESSO RIO VERMELHO TRANSPOR;..;EXPRESSO RIO VERMELHO TRANSPOR;SUMARE;SP;CAM;          0,02;       0,01;  133,000;   0,4433;  133,000;      1;     13;51;SOBRA DE MERCADORIA;08/04/26;;; ;          0,00;
CAM;SAO151437-7; D;04/09/2026;11/09/2026;     2708;            ;     ;EXPRESSO RIO VERMELHO;EXPRESSO RIO VERMELHO;.3;DIVERSEY BRASIL IND QUIMICA LT;JUNDIAI;SP;CAM;          0,01;       0,01;  150,000;   0,0000;  150,000;      0;      5;80;CTRC EMITIDO;04/09/26;;;35260907655407000287570020021398021007265493 ;          0,00;
CAM;SAS027287-6; N;02/07/2026;31/12/2050;      207;            ;CAT  ;EXPRESSO RIO VERMELHO;EXPRESSO RIO VERMELHO;.3;EXPRESSO RIO VERMELHO TRANSPOR;SUMARE;SP;CAM;          0,01;       0,01;    1,000;   0,0000;    1,000;      0;      1;80;CTRC EMITIDO;02/07/26;;; ;          0,00;
CAM;SAS027979-0; N;04/09/2026;31/12/2050;      409;            ;TIT  ;EXPRESSO RIO VERMELHO;EXPRESSO RIO VERMELHO;.3;EXPRESSO RIO VERMELHO TRANSPOR;SUMARE;SP;CAM;          0,01;       0,01;  200,000;   0,0000;  200,000;      0;      4;80;CTRC EMITIDO;04/09/26;;; ;          0,00;
CAM;SAS028020-8; N;10/09/2026;31/12/2050;    25682;            ;TIT  ;EXPRESSO RIO VERMELHO;EXPRESSO RIO VERMELHO;.3;EXPRESSO RIO VERMELHO TRANSPOR;SUMARE;SP;CAM;          0,01;       0,01;  140,000;   0,0000;  140,000;      0;     30;80;CTRC EMITIDO;10/09/26;;; ;          0,00;
CAM;CBA017585-4; N;26/08/2026;04/09/2026;   710822;            ;     ;REDE ANCORA MT IMP EXP DIST A ;ZF AUTOMOTIVE BRASIL LTDA;A1;ZF AUTOMOTIVE BRASIL LTDA;ITU;SP;CAM;        198,55;     158,02;    1,000;   0,0000;    1,000;      0;      1;  ;;        ; HOJE 15:59;CBA006632-0;51260807655407000368570020000174711007142761 ;          0,00;
CAM;CBA017593-5; N;27/08/2026;08/09/2026;   355885*;            ;     ;EMBREPAR DO BRASIL LTDA;ZF AUTOMOTIVE BRASIL LTDA;A1;ZF AUTOMOTIVE BRASIL LTDA;ITU;SP;CAM;      5.057,51;     170,72;   23,515;   0,1263;   37,890;      0;      4;  ;;        ; HOJE 15:59;CBA006632-0;51260807655407000368570020000174821007164548 ;          0,00;
CAM;CBA017594-3; N;27/08/2026;08/09/2026;   118097;            ;     ;REAL MOTO PECAS LTDA;ZF AUTOMOTIVE BRASIL LTDA;A1;ZF AUTOMOTIVE BRASIL LTDA;ITU;SP;CAM;        514,14;     158,84;    3,200;   0,0088;    3,200;      0;      1;  ;;        ; HOJE 15:59;CBA006632-0;51260807655407000368570020000174851007164604 ;          0,00;
CAM;CBA017597-8; N;27/08/2026;08/09/2026;   713210*;            ;     ;REDE ANCORA MT IMP EXP DIST A ;ZF AUTOMOTIVE BRASIL LTDA;A1;ZF AUTOMOTIVE BRASIL LTDA;ITU;SP;CAM;      5.293,36;     171,33;   65,384;   0,1665;   65,384;      0;      3;  ;;        ; HOJE 15:59;CBA006632-0;51260807655407000368570020000174811007164532 ;          0,00;
CAM;CBA017600-1; N;27/08/2026;08/09/2026;     1236*;            ;     ;PMZ DISTRIBUIDORA S.A;ZF AUTOMOTIVE BRASIL LTDA;A1;ZF AUTOMOTIVE BRASIL LTDA;ITU;SP;CAM;      2.018,89;     162,77;   35,000;   0,0813;   35,000;      0;      7;  ;;        ; HOJE 15:59;CBA006632-0;51260807655407000368570020000174861007164636 ;          0,00;
CAM;CBA017604-4; N;28/08/2026;09/09/2026;    40570*;            ;     ;ODAPEL-DISTRIBUIDORA DE AUTO P;ZF AUTOMOTIVE BRASIL LTDA;A1;ZF AUTOMOTIVE BRASIL LTDA;ITU;SP;CAM;      1.472,25;     161,35;    5,800;   0,0471;   14,130;      0;      3;  ;;        ; HOJE 15:59;CBA006632-0;51260807655407000368570020000174911007182308 ;          0,00;
CAM;CBA017605-2; N;28/08/2026;09/09/2026;   816521;            ;     ;COMPANHIA BRASILEIRA DE DISTRI;ZF AUTOMOTIVE BRASIL LTDA;A1;ZF AUTOMOTIVE BRASIL LTDA;ITU;SP;CAM;      6.357,97;       0,01;   27,278;   0,0000;   27,278;      0;      2;  ;;        ; HOJE 15:59;CBA006632-0;51260807655407000368570020000174901007182165 ;          0,00;
CAM;CBA017609-5; N;31/08/2026;10/09/2026;   817417;            ;     ;COMPANHIA BRASILEIRA DE DISTRI;ZF AUTOMOTIVE BRASIL LTDA;A1;ZF AUTOMOTIVE BRASIL LTDA;ITU;SP;CAM;      1.027,55;       0,01;   24,000;   0,0000;   24,000;      0;      1;  ;;        ; HOJE 15:59;CBA006632-0;51260807655407000368570020000174951007196367 ;          0,00;
CAM;CBA017622-2; N;02/09/2026;14/09/2026;   363316;265387      ;     ;AGUILERA COMERCIAL DISTRIBUIDO;ZF AUTOMOTIVE BRASIL LTDA;A1;ZF AUTOMOTIVE BRASIL LTDA;ITU;SP;CAM;        316,95;     158,33;    3,820;   0,0000;    3,820;      0;      1;  ;;        ; HOJE 15:59;CBA006632-0;51260907655407000368570020000175081007231646 ;          0,00;
CAM;CBA017626-5; N;02/09/2026;14/09/2026;     2370;            ;     ;COMPANHIA BRASILEIRA DE DISTRI;ZF AUTOMOTIVE BRASIL LTDA;A1;ZF AUTOMOTIVE BRASIL LTDA;ITU;SP;CAM;        146,87;     157,89;    2,000;   0,0000;    2,000;      0;      1;  ;;        ; HOJE 15:59;CBA006632-0;51260907655407000368570020000175111007233903 ;          0,00;
CAM;CBA017646-0; N;04/09/2026;16/09/2026;   256652*;            ;     ;VESPOR AUTOMOTIVE DIST DE AUTO;VESPOR AUTOMOTIVE DIST DE AUTO;..;ZF AUTOMOTIVE BRASIL LTDA;ITU;SP;CAM;        480,68;     198,36;    8,000;   0,0297;    8,910;      0;      3;  ;;        ; HOJE 15:59;CBA006632-0;51260907655407000368570020000175291007272695 ;          0,00;
CAM;CBA017652-4; N;08/09/2026;17/09/2026;    63890;            ;     ;IMPACTTO DISTRIBUIDORA DE MEDI;IMPACTTO DISTRIBUIDORA DE MEDI;..;SANFARMA IND COM E IMP E EXP L;AMERICANA;SP;CAM;         81,18;       0,01;    4,000;   0,0000;    4,000;      0;      1;  ;;        ; HOJE 15:59;CBA006632-0;51260907655407000368570020000175351007281969 ;          0,00;
CAM;CBA017656-7; N;08/09/2026;17/09/2026;   358712;            ;     ;EMBREPAR DO BRASIL LTDA;ZF AUTOMOTIVE BRASIL LTDA;A1;ZF AUTOMOTIVE BRASIL LTDA;ITU;SP;CAM;        379,51;     158,49;   12,000;   0,0000;   12,000;      0;      1;  ;;        ; HOJE 15:59;CBA006632-0;51260907655407000368570020000175391007286234 ;          0,00;
CAM;CBA017658-3; N;08/09/2026;17/09/2026;   363317*;265737      ;     ;AGUILERA COMERCIAL DISTRIBUIDO;ZF AUTOMOTIVE BRASIL LTDA;A1;ZF AUTOMOTIVE BRASIL LTDA;ITU;SP;CAM;     27.152,30;     485,19;  262,830;   0,0000;  262,830;      0;     14;  ;;        ; HOJE 15:59;CBA006632-0;51260907655407000368570020000175411007286259 ;          0,00;
CAM;CGD034835-0; N;01/09/2026;11/09/2026;   455868*;            ;     ;REDE ANCORA MS IND. E EXP. LTD;ZF AUTOMOTIVE BRASIL LTDA;A1;ZF AUTOMOTIVE BRASIL LTDA;ITU;SP;CAM;      2.929,52;     140,72;   35,360;   0,0000;   35,360;      0;      5;  ;;        ; HOJE 15:59;CGD008598-7;50260907655407000600570010000344121007214690 ;          0,00;
CAM;CGD034862-7; N;03/09/2026;15/09/2026;    64888*;            ;     ;CASAGRANDE E FRACARO LTDA - ME;ZF AUTOMOTIVE BRASIL LTDA;A1;ZF AUTOMOTIVE BRASIL LTDA;ITU;SP;CAM;      4.687,76;     149,06;    5,200;   0,0000;    5,200;      0;      2;  ;;        ; HOJE 15:59;CGD008598-7;50260907655407000600570010000344401007249502 ;          0,00;
CAM;CGD034899-6; N;09/09/2026;15/09/2026;     5258;            ;     ;EMPRESA DE SANEAMENTO DE MATO;HEXIS CIENTIFICA LTDA;B3;HEXIS CIENTIFICA LTDA;JUNDIAI;SP;CAM;     12.393,94;     190,08;    0,900;   0,0000;    0,900;      0;      1;  ;;        ; HOJE 15:59;CGD008598-7;50260907655407000600570010000344781007303334 ;          0,00;
CAM;DRD034818-0; D;31/08/2026;10/09/2026;   179442;            ;     ;PRTS DISTRIBUIDORA PCS AUTOMOT;ZF AUTOMOTIVE BRASIL LTDA;A1;ZF AUTOMOTIVE BRASIL LTDA;ITU;SP;CAM;         33,88;     136,90;    1,999;   0,0000;    1,999;      0;      1;  ;;        ; HOJE 15:59;CGD008598-7;50260807655407000600570010000343971007198090 ;          0,00;
CAM;BSB127637-9; D;31/08/2026;10/09/2026;   384099*;            ;     ;REDE ANCORA DF/GO IMP EXP DIST;ZF AUTOMOTIVE BRASIL LTDA;A1;ZF AUTOMOTIVE BRASIL LTDA;ITU;SP;CAM;      5.068,28;     627,83;   54,000;   1,9220;  576,600;      0;     10;  ;;        ; HOJE 17:49;GYN023933-0;52260807655407000449570040001014701007197032 ;          0,00;
CAM;BSB127638-7; D;31/08/2026;10/09/2026;   321859;            ;     ;EMBREPAR DO BRASIL - EIRELI;ZF AUTOMOTIVE BRASIL LTDA;A1;ZF AUTOMOTIVE BRASIL LTDA;ITU;SP;CAM;         81,65;     108,19;    1,150;   0,1922;   57,660;      0;      1;  ;;        ; HOJE 17:49;GYN023933-0;52260807655407000449570040001014711007197544 ;          0,00;
CAM;BSB127639-5; D;31/08/2026;10/09/2026;   326394;            ;     ;EMBREPAR DO BRASIL - EIRELI;ZF AUTOMOTIVE BRASIL LTDA;A1;ZF AUTOMOTIVE BRASIL LTDA;ITU;SP;CAM;        306,70;     108,78;    4,210;   0,1922;   57,660;      0;      1;  ;;        ; HOJE 17:49;GYN023933-0;52260807655407000449570040001014721007197550 ;          0,00;
CAM;GYN128439-8; N;09/09/2026;17/09/2026;    21128;            ;     ;DISTRIBUIDORA DE MEDICAMENTOS;BDF NIVEA LTDA;B2;BDF NIVEA LTDA;JUNDIAI;SP;CAM;        630,38;       0,01;    2,280;   0,0000;    2,280;      0;      1;  ;;        ; HOJE 17:49;GYN023933-0;52260907655407000449570040001018271007298259 ;          0,00;
CAM;GYN128387-1; N;08/09/2026;17/09/2026;   442289*;            ;     ;REDE ANCORA GO, IMPORTADORA, E;ZF AUTOMOTIVE BRASIL LTDA;A1;ZF AUTOMOTIVE BRASIL LTDA;ITU;SP;CAM;      3.141,88;     116,19;   55,000;   0,0000;   55,000;      0;      4;  ;;        ; HOJE 17:49;GYN023937-2;52260907655407000449570040001017961007286139 ;          0,00;
CAM;GYN128428-2; N;08/09/2026;17/09/2026;   336757*;            ;     ;EMBREPAR DO BRASIL EIRELI;ZF AUTOMOTIVE BRASIL LTDA;A1;ZF AUTOMOTIVE BRASIL LTDA;ITU;SP;CAM;      1.486,73;     111,86;   15,192;   0,0000;   15,192;      0;      4;  ;;        ; HOJE 17:49;GYN023937-2;52260907655407000449570040001018091007286961 ;          0,00;
CAM;GYN128438-0; N;09/09/2026;18/09/2026;   445175;            ;     ;REDE ANCORA GO, IMPORTADORA, E;ZF AUTOMOTIVE BRASIL LTDA;A1;ZF AUTOMOTIVE BRASIL LTDA;ITU;SP;CAM;      9.065,61;       0,01;  130,000;   0,0000;  130,000;      0;      2;  ;;        ; HOJE 17:49;GYN023937-2;52260907655407000449570040001018261007298235 ;          0,00;
CAM;GYN128450-9; N;09/09/2026;18/09/2026;  1190854*;            ;     ;PPL DISTRIBUIDORA DE PCS LTDA;ZF AUTOMOTIVE BRASIL LTDA;A1;ZF AUTOMOTIVE BRASIL LTDA;ITU;SP;CAM;      3.016,64;     115,86;   35,000;   0,0000;   35,000;      0;     10;  ;;        ; HOJE 17:49;GYN023937-2;52260907655407000449570040001018351007300131 ;          0,00;
CAM;GYN128451-7; N;09/09/2026;18/09/2026;  2824729*;            ;     ;COMANDO AUTO PECAS LTDA;ZF AUTOMOTIVE BRASIL LTDA;A1;ZF AUTOMOTIVE BRASIL LTDA;ITU;SP;CAM;        654,59;     109,69;    7,110;   0,0000;    7,110;      0;      2;  ;;        ; HOJE 17:49;GYN023937-2;52260907655407000449570040001018361007300147 ;          0,00;
CAM;GYN128505-0; N;09/09/2026;18/09/2026;   376304;637567      ;     ;AGUILERA AUTOPECAS DE GOIAS LT;ZF AUTOMOTIVE BRASIL LTDA;A1;ZF AUTOMOTIVE BRASIL LTDA;ITU;SP;CAM;        331,04;     108,84;    3,000;   0,0000;    3,000;      0;      1;  ;;        ; HOJE 17:49;GYN023937-2;52260907655407000449570040001018801007305287 ;          0,00;
CAM;GYN128506-8; N;09/09/2026;18/09/2026;   552744*;            ;     ;COMDIP COMERCIAL DISTRIBUIDORA;ZF AUTOMOTIVE BRASIL LTDA;A1;ZF AUTOMOTIVE BRASIL LTDA;ITU;SP;CAM;      3.169,09;     116,26;    5,238;   0,0000;    5,238;      0;      7;  ;;        ; HOJE 17:49;GYN023937-2;52260907655407000449570040001018821007305303 ;          0,00;
CAP;SAO154303-2; N;11/09/2026;22/09/2026;  1389411;109200049   ;     ;BRS SP SUPRIMENTOS CORPORATIVO;BRS SP SUPRIMENTOS CORPORATIVO;A1;COMPANHIA BRASILEIRA DE SERVIC;CAPELINHA;MG;BHZ;        953,71;     172,50;  112,590;   0,3657;  112,590;      0;     11;80;CTRC EMITIDO;11/09/26;;;35260907655407000287570020021435231007327626 ;         53,13;
CAP;FND151752-0; N;04/09/2026;29/09/2026;    21657;            ;     ;CASELLI STORE COMERCIO LTDA;CASELLI STORE COMERCIO LTDA;A.;NAYARA RODRIGUES DE SOUSA;AGUA BOA;MG;BHZ;        135,10;     202,20;   30,000;   0,2500;   75,000;      0;      2;  ;;        ; HOJE 08:00;FND000592-4;35260907655407000287570020021401301007271794 ;         62,28;
CAT;JDF033827-3; D;17/08/2026;31/08/2026;   258876;196433      ;     ;JOSIANE DE CARVALHO;HMDK DIGITAL MOVEIS E DECORACO;A.;HMDK DIGITAL MOVEIS E DECORACO;GUAPIACU;SP;SJR;      1.916,10;     195,24;   47,850;   0,2395;   71,850;      0;      3;83;CHEGADA NA UNIDADE INTERMEDIARIA ;04/09/26;;BH2000182-1;31260807655407001097570100000560091007028011 ;         34,36;
CAT;CBA017655-9; N;08/09/2026;21/09/2026;    10025;            ;     ;LORIANA ANDRADE DA FONSECA GOM;RIOLAX IND E COM DE BANHEIRAS;C.;RIOLAX IND E COM DE BANHEIRAS;CEDRAL;SP;SJR;      8.112,00;     472,03;  134,000;   0,0000;  134,000;      0;      1;  ;;        ; HOJE 15:59;CBA006632-0;51260907655407000368570020000175381007286229 ;         83,08;
CBA;BIR149758-8; N;02/09/2026;14/09/2026;    15428*;            ;     ;VIA BRASIL COSMETICOS E PERFUM;VIA BRASIL COSMETICOS E PERFUM;..;65.896.629 CARLOS EDUARDO CARD;VARZEA GRANDE;MT;VG1;     19.701,12;   1.728,78; 1134,600;   1,6948; 1134,600;      3;      3;83;CHEGADA NA UNIDADE INTERMEDIARIA ;10/09/26;;BIR000388-3;35260907655407000287570020021382171007236634 ;          0,00;
CBA;BIR153228-6; N;09/09/2026;18/09/2026;    15567;            ;     ;MARIO BEARARE NETO ME;MARIO BEARARE NETO ME;B.;MARQUES REPRESE DE CALC LTDA;CUIABA;MT;003;         16,00;     110,00;    2,000;   0,0000;    2,000;      1;      1;83;CHEGADA NA UNIDADE INTERMEDIARIA ;10/09/26;;BIR000388-3;35260907655407000287570020021418631007298246 ;          0,00;
CBA;VIX032826-0; N;04/09/2026;15/09/2026;  3304747;29123060    ;     ;BELMICRO TECNOLOGIA S/A;BELMICRO TECNOLOGIA S/A;A.;ANDRE LUIS RUFINO NULL;CUIABA;MT;002;      5.716,10;     176,27;   66,000;   0,1837;   66,000;      0;      4;83;CHEGADA NA UNIDADE INTERMEDIARIA ;10/09/26;;VIX000373-5;32260907655407001844570010000339781007273317 ;          0,00;
CBA;VIX032828-6; N;04/09/2026;15/09/2026;  3303953;29121123    ;     ;BELMICRO TECNOLOGIA S/A;BELMICRO TECNOLOGIA S/A;A.;ANILTON SERGIO DA SILVA NULL;CUIABA;MT;002;      2.159,89;     106,25;   32,000;   0,0207;   32,000;      0;      2;83;CHEGADA NA UNIDADE INTERMEDIARIA ;10/09/26;;VIX000373-5;32260907655407001844570010000339801007273331 ;          0,00;
CBA;VIX032927-4; N;04/09/2026;15/09/2026;   387855;481731(3)   ;     ;TECNOLOGISTICA DISTR E COM DE ;TECNOLOGISTICA DISTR E COM DE ;B.;RODRIGUES COMERCIO DE SAPATOS ;VARZEA GRANDE;MT;VG2;      2.904,34;     641,64;   17,842;   0,2400;   17,842;      0;      3;83;CHEGADA NA UNIDADE INTERMEDIARIA ;10/09/26;;VIX000373-5;32260907655407001844570010000339381007272862 ;          0,00;
CBA;VIX032929-1; N;04/09/2026;15/09/2026;   387853;482270(8)   ;     ;TECNOLOGISTICA DISTR E COM DE ;TECNOLOGISTICA DISTR E COM DE ;B.;FIGUEREDO COMERCIO DE SAPATOS ;CUIABA;MT;001;     10.405,68;     304,90;   56,377;   0,6400;   56,377;      0;      8;83;CHEGADA NA UNIDADE INTERMEDIARIA ;10/09/26;;VIX000373-5;32260907655407001844570010000339411007272892 ;          0,00;
CBA;VIX032930-4; N;04/09/2026;15/09/2026;   387684*;481155(3)   ;     ;TECNOLOGISTICA DISTR E COM DE ;TECNOLOGISTICA DISTR E COM DE ;B.;OLIVEIRA BOLSAS E SAPATOS LTDA;CUIABA;MT;CT2;      5.744,78;     251,85;   34,532;   0,4800;   34,532;      0;      6;83;CHEGADA NA UNIDADE INTERMEDIARIA ;10/09/26;;VIX000373-5;32260907655407001844570010000339421007272903 ;          0,00;
CBA;VIX033187-2; N;08/09/2026;16/09/2026;   388487;482395(7)   ;     ;TECNOLOGISTICA DISTR E COM DE ;TECNOLOGISTICA DISTR E COM DE ;B.;AMXT BOLSAS E SAPATOS LTDA;CUIABA;MT;001;      7.786,94;     269,50;   47,982;   0,5600;   47,982;      0;      7;83;CHEGADA NA UNIDADE INTERMEDIARIA ;10/09/26;;VIX000373-5;32260907655407001844570010000341531007290060 ;          0,00;
CBA;VIX033188-1; N;08/09/2026;16/09/2026;   388127;481730(3)   ;     ;TECNOLOGISTICA DISTR E COM DE ;TECNOLOGISTICA DISTR E COM DE ;B.;MARK BOLSAS E SAPATOS LTDA;CUIABA;MT;001;      1.854,30;     220,99;   11,817;   0,2400;   11,817;      0;      3;83;CHEGADA NA UNIDADE INTERMEDIARIA ;10/09/26;;VIX000373-5;32260907655407001844570010000341541007290075 ;          0,00;
CBA;VIX033189-9; N;08/09/2026;16/09/2026;   388134*;482268(9)   ;     ;TECNOLOGISTICA DISTR E COM DE ;TECNOLOGISTICA DISTR E COM DE ;B.;TOLEDO COMERCIO DE SAPATOS E B;CUIABA;MT;003;     16.003,01;     537,17;   91,621;   0,8960;   91,621;      0;     14;83;CHEGADA NA UNIDADE INTERMEDIARIA ;10/09/26;;VIX000373-5;32260907655407001844570010000341551007290080 ;          0,00;
CBA;SAO152269-8; N;09/09/2026;14/09/2026;  1386391;109213558   ;     ;BRS SP SUPRIMENTOS CORPORATIVO;BRS SP SUPRIMENTOS CORPORATIVO;A1;DISVECO LTDA;CUIABA;MT;001;      2.047,34;     176,16;  138,230;   0,6361;  138,230;      0;     22;80;CTRC EMITIDO;09/09/26;;;35260907655407000287570020021421051007302920 ;          0,00;
CBA;SAO152270-1; N;09/09/2026;14/09/2026;  1386514;109202668   ;     ;BRS SP SUPRIMENTOS CORPORATIVO;BRS SP SUPRIMENTOS CORPORATIVO;A1;JUPITER COMERCIO DE VEICULOS L;CUIABA;MT;001;        777,97;      80,88;   35,780;   0,3260;   35,780;      0;      8;80;CTRC EMITIDO;09/09/26;;;35260907655407000287570020021421061007302936 ;          0,00;
CBA;SAO152795-9; N;09/09/2026;15/09/2026;   126517;            ;     ;GOLD MOONLIGHT IND E COM DE CH;GOLD MOONLIGHT INDUSTRIA E COM;C.;GOLD MOONLIGHT INDUSTRIA E COM;CUIABA;MT;001;     10.669,64;     480,30;  189,900;   0,1769;  189,900;      0;      9;80;CTRC EMITIDO;09/09/26;;;35260907655407000287570020021417051007296325 ;          0,00;
CBA;SAO152903-0; N;09/09/2026;15/09/2026;   443475;2392153     ;     ;FORTPEL COMERCIO DE DESCARTAVE;FORTPEL COMERCIO DE DESCARTAVE;B.;SDB COMERCIO DE ALIMENTOS LTDA;VARZEA GRANDE;MT;VG1;      1.054,87;     101,74;   11,670;   0,0300;   11,670;      0;      3;80;CTRC EMITIDO;09/09/26;;;35260907655407000287570020021416971007296240 ;          0,00;
CBA;SAO152905-6; N;09/09/2026;15/09/2026;   443469;2391992     ;     ;FORTPEL COMERCIO DE DESCARTAVE;FORTPEL COMERCIO DE DESCARTAVE;B.;SDB COMERCIO DE ALIMENTOS LTDA;VARZEA GRANDE;MT;VG1;      1.650,42;     117,02;   14,060;   0,1522;   45,660;      0;      6;80;CTRC EMITIDO;09/09/26;;;35260907655407000287570020021417251007296522 ;          0,00;
CBA;SAO152906-4; N;09/09/2026;15/09/2026;   443462;2390078     ;     ;FORTPEL COMERCIO DE DESCARTAVE;FORTPEL COMERCIO DE DESCARTAVE;B.;MRV PRIME INCORPORACOES CENTRO;CUIABA;MT;002;      2.539,78;     281,76;  206,850;   0,7590;  227,700;      0;     16;80;CTRC EMITIDO;09/09/26;;;35260907655407000287570020021417221007296490 ;          0,00;
CBA;SAO153458-1; N;09/09/2026;16/09/2026;    71191;            ;     ;FOX IMPORT LTDA. - ME;MARIA MOLE ARTIGOS PARA FESTAS;C.;MARIA MOLE ARTIGOS PARA FESTAS;CUIABA;MT;003;      3.494,57;     151,25;   24,970;   0,2339;   70,170;      0;      3;80;CTRC EMITIDO;09/09/26;;;35260907655407000287570020021420801007302679 ;          0,00;
CBA;SAO153481-5; N;09/09/2026;16/09/2026;   448981;            ;     ;BRALIMPIA IND E COM DE EQUIPAM;BRALIMPIA IND E COM DE EQUIPAM;C.;HOSPITAL DE MEDICINA ESPECIALI;CUIABA;MT;001;      1.721,51;     140,94;   23,220;   0,3506;  105,180;      0;      1;80;CTRC EMITIDO;09/09/26;;;35260907655407000287570020021425241007311234 ;          0,00;
CBA;SAO153516-1; N;09/09/2026;16/09/2026;   930153*;            ;     ;MODINE DO BRASIL SISTEMAS TERM;MODINE DO BRASIL SISTEMAS TERM;B.;COMPANHIA BRASILEIRA DE DISTRI;CUIABA;MT;004;      5.105,39;     491,61;  370,833;   1,2790;  370,833;      0;     37;80;CTRC EMITIDO;09/09/26;;;35260907655407000287570020021424581007310575 ;          0,00;
CBA;SAO153523-4; N;09/09/2026;16/09/2026;   142477;            ;     ;ALF INDUSTRIA E COMERCIO DE FI;BRANEL COML.MAT.ELETRICOS LTDA;B.;BRANEL COML.MAT.ELETRICOS LTDA;CUIABA;MT;002;      4.112,97;     182,69;  185,787;   0,4950;  185,787;      0;     11;80;CTRC EMITIDO;09/09/26;;;35260907655407000287570020021424661007310658 ;          0,00;
CBA;SAO153650-8; N;10/09/2026;16/09/2026;   808746;            ;     ;DGI IMPORTACAO E EXPORTACAO LT;DGI IMPORTACAO E EXPORTACAO LT;A.;055903/01 - GT PNEUS E PECAS L;CUIABA;MT;002;      2.175,96;     280,11;  170,390;   0,6666;  199,980;      0;      9;80;CTRC EMITIDO;10/09/26;;;35260907655407000287570020021428081007314716 ;          0,00;
CBA;SAO153671-1; N;10/09/2026;16/09/2026;   822265;            ;     ;H P COMERCIO INTERNACIONAL LTD;H P COMERCIO INTERNACIONAL LTD;A.;055903/01 - GT PNEUS E PECAS L;CUIABA;MT;002;      2.368,77;     615,82;  179,558;   1,4580;  437,400;      0;      2;80;CTRC EMITIDO;10/09/26;;;35260907655407000287570020021428091007314721 ;          0,00;
CBA;SAO153717-2; N;10/09/2026;16/09/2026;    19484;            ;     ;FRIGELAR COMERCIO E INDUSTRIA;FRIGELAR COMERCIO E INDUSTRIA;A1;FRIGELAR COMERCIO E INDUSTRIA;CUIABA;MT;780;      2.265,30;     325,25;   80,000;   1,5120;  453,600;      0;      2;80;CTRC EMITIDO;10/09/26;;;35260907655407000287570020021426771007313198 ;          0,00;
CBA;SAO153814-4; N;10/09/2026;16/09/2026;  1332743*;            ;     ;KARINA PLASTICOS LTDA;KARINA PLASTICOS LTDA;B.;KELLY C. C. MARTINS LTDA;VARZEA GRANDE;MT;VG1;      1.162,00;     170,56;  100,460;   0,0960;  100,460;      0;      4;80;CTRC EMITIDO;10/09/26;;;35260907655407000287570020021427681007314280 ;          0,00;
CBA;SAO153828-4; N;09/09/2026;16/09/2026;    23157;            ;     ;G RACING COMPETICOES E PARTICI;G RACING COMPETICOES E PARTICI;C.;CENTRO OESTE BRASIL PETROLEO L;VARZEA GRANDE;MT;781;     11.446,04;     362,80;  160,000;   0,3420;  160,000;      0;     20;80;CTRC EMITIDO;09/09/26;;;35260907655407000287570020021425811007312067 ;          0,00;
CBA;SAO153837-3; N;10/09/2026;16/09/2026;   415490;            ;     ;MANDO MACHINERY DIST. DE AUTO;MAXCUSI COMERCIO, DIST, IMPOR;C.;MAXCUSI COMERCIO, DIST, IMPOR;VARZEA GRANDE;MT;VG1;      7.685,63;     132,80;   84,000;   0,2415;   84,000;      0;      6;80;CTRC EMITIDO;10/09/26;;;35260907655407000287570020021427411007313883 ;          0,00;
CBA;SAO154022-0; N;11/09/2026;17/09/2026;    10841;            ;     ;MASTER RUBBER;CUIABAUTO PNEUS LTDA;..;CUIABAUTO PNEUS LTDA;CUIABA;MT;002;      1.812,66;     365,72;  300,000;   0,8100;  300,000;      0;      1;80;CTRC EMITIDO;11/09/26;;;35260907655407000287570020021435601007328057 ;          0,00;
CBA;SAO154027-1; N;10/09/2026;17/09/2026;   353830;011647      ;     ;NECTAR BRIX IND E COM DE SUCOS;NECTAR BRIX IND E COM DE SUCOS;B.;SODEXO DO BRASIL COMERCIAL;VARZEA GRANDE;MT;VG1;        770,16;     182,62;   20,530;   0,0421;   20,530;      0;      8;80;CTRC EMITIDO;10/09/26;;;35260907655407000287570020021430061007318432 ;          0,00;
CBA;SAO154030-1; N;10/09/2026;21/09/2026;   353848;011618      ;     ;NECTAR BRIX IND E COM DE SUCOS;NECTAR BRIX IND E COM DE SUCOS;B.;SODEXO DO BRASIL COMERCIAL LTD;NOBRES;MT;006;        816,00;     285,40;  103,470;   0,1561;  103,470;      0;      4;80;CTRC EMITIDO;10/09/26;;;35260907655407000287570020021430101007318478 ;          0,00;
CBA;SAO154034-3; N;10/09/2026;17/09/2026;    51232;            ;     ;TECNOPLAST S.A - IND E COM DE;PROCRIA COMERCIO DE PRODUTOS A;..;PROCRIA COMERCIO DE PRODUTOS A;CUIABA;MT;780;      7.836,67;     799,28;  208,600;   1,2367;  371,010;      0;      7;80;CTRC EMITIDO;10/09/26;;;35260907655407000287570020021429941007318316 ;          0,00;
CBA;SAO154104-8; N;10/09/2026;17/09/2026;   133257;            ;     ;PLASNORTHON INDUSTRIA E COMERC;VOVO UTILIDADES COMERCIO EIREL;C.;VOVO UTILIDADES COMERCIO EIREL;CUIABA;MT;780;      3.380,48;     158,89;   96,262;   0,0300;   96,262;      0;     23;80;CTRC EMITIDO;10/09/26;;;35260907655407000287570020021434581007326778 ;          0,00;
CBA;SAO154196-0; N;10/09/2026;17/09/2026;     6376;            ;     ;GUERREIRA COMERCIO DE MOVEIS E;TATIANE MARCIELE WELTER;C3;TATIANE MARCIELE WELTER;CUIABA;MT;001;      2.956,00;     258,23;  100,000;   0,6219;  186,570;      0;      6;80;CTRC EMITIDO;10/09/26;;;35260907655407000287570020021431121007320448 ;          0,00;
CBA;SAO154207-9; N;10/09/2026;17/09/2026;    35255;            ;     ;RENATO PASSARIN EAMP FILHOS LT;RENATO PASSARIN EAMP FILHOS LT;..;WMS SUPERMERCADOS DO BRASIL LT;CUIABA;MT;780;     51.437,10;       0,01; 3217,500;   0,0000; 3217,500;      0;    390;80;CTRC EMITIDO;10/09/26;;;35260907655407000287570020021428361007315504 ;          0,00;
CBA;SAO154208-7; N;10/09/2026;17/09/2026;    35256;            ;     ;RENATO PASSARIN EAMP FILHOS LT;RENATO PASSARIN EAMP FILHOS LT;..;WMS SUPERMERCADOS DO BRASIL LT;CUIABA;MT;780;     51.437,10;       0,01; 3217,500;   0,0000; 3217,500;      0;    390;80;CTRC EMITIDO;10/09/26;;;35260907655407000287570020021428381007315525 ;          0,00;
CBA;SAO154229-0; N;10/09/2026;17/09/2026;    34852;206601      ;     ;IKO PECAS E COMPONENTES AUTOMO;AGUILERA COMERCIAL DISTRIBUIDO;A.;AGUILERA COMERCIAL DISTRIBUIDO;CUIABA;MT;004;     18.018,58;     501,71;  146,500;   0,2239;  146,500;      0;      1;80;CTRC EMITIDO;10/09/26;;;35260907655407000287570020021431211007320641 ;          0,00;
CBA;SAO154230-3; N;10/09/2026;17/09/2026;   128652;            ;     ;PARATEC PARA-RAIOS E ACESSORIO;BRANEL COML.MAT.ELETRICOS LTDA;B.;BRANEL COML.MAT.ELETRICOS LTDA;CUIABA;MT;002;      3.863,00;     142,37;  111,420;   0,1999;  111,420;      0;      8;80;CTRC EMITIDO;10/09/26;;;35260907655407000287570020021433011007325137 ;          0,00;
CBA;SAO154281-8; N;10/09/2026;17/09/2026;  1388675;109229750   ;     ;BRS SP SUPRIMENTOS CORPORATIVO;BRS SP SUPRIMENTOS CORPORATIVO;A1;V H COMERCIO DE MATERIAIS PARA;CUIABA;MT;003;      1.460,00;     171,74;  100,690;   0,4057;  100,690;      0;     10;80;CTRC EMITIDO;10/09/26;;;35260907655407000287570020021433751007325874 ;          0,00;
CBA;SAO154289-3; N;10/09/2026;17/09/2026;  1388838;109190829   ;     ;BRS SP SUPRIMENTOS CORPORATIVO;BRS SP SUPRIMENTOS CORPORATIVO;A1;PB ADMINISTRADORA DE ESTACIONA;CUIABA;MT;001;      1.049,18;      96,94;   62,300;   0,2458;   62,300;      0;      7;80;CTRC EMITIDO;10/09/26;;;35260907655407000287570020021433741007325869 ;          0,00;
CBA;SAO154322-9; N;10/09/2026;17/09/2026;  5805844;            ;     ;ATACADO UNIAO LTDA;ATACADO UNIAO LTDA;B.;POSTO ALDO BARREIRAS LTDA;CUIABA;MT;780;      2.855,62;     112,97;   43,890;   0,2660;   79,800;      0;      4;80;CTRC EMITIDO;10/09/26;;;35260907655407000287570020021433231007325355 ;          0,00;
CBA;SAO154361-0; N;11/09/2026;17/09/2026;   331439;            ;     ;TECNOPLASTICO  BELFANO LTDA;GENEILSON GOMES DE OLIVEIRA;C.;GENEILSON GOMES DE OLIVEIRA;CUIABA;MT;002;      5.768,77;     241,98;  159,960;   0,2000;  159,960;      0;      5;80;CTRC EMITIDO;11/09/26;;;35260907655407000287570020021435521007327970 ;          0,00;
CBA;SAO154401-2; N;10/09/2026;17/09/2026;    63576;            ;     ;AMENDOCERES COMERCIO E IMPORTA;GUIDORIZZE E CIA COMERCIO DE A;C.;GUIDORIZZE E CIA COMERCIO DE A;VARZEA GRANDE;MT;VG1;      4.098,40;     335,41;   86,850;   0,1905;   86,850;      0;     11;80;CTRC EMITIDO;10/09/26;;;35260907655407000287570020021434311007326502 ;          0,00;
CBA;SAO154442-0; N;10/09/2026;17/09/2026;   223038;78871       ;     ;SUSIN FRANCESCUTTI METALURGICA;TRACTOR PARTS DISTRIBUIDORA DE;C.;TRACTOR PARTS DISTRIBUIDORA DE;VARZEA GRANDE;MT;VG1;     22.822,00;     595,17;  291,970;   0,3430;  291,970;      0;      8;80;CTRC EMITIDO;10/09/26;;;35260907655407000287570020021432621007324637 ;          0,00;
CBA;SAO154453-5; N;10/09/2026;17/09/2026;      750;            ;     ;MRN DISTRIBUIDORA LTDA.;MRN DISTRIBUIDORA LTDA.;..;NORTE SUL REAL DISTR E LOGIST;VARZEA GRANDE;MT;781;      8.716,80;   1.494,65;  828,800;   2,6496;  828,800;      0;    160;80;CTRC EMITIDO;10/09/26;;;35260907655407000287570020021434711007326990 ;          0,00;
CBA;SAO154476-4; N;10/09/2026;17/09/2026;    15522;22300282    ;     ;V. GOMES DA SILVA DISTRIBUIDOR;V. GOMES DA SILVA DISTRIBUIDOR;C.;SENDAS DISTRIBUIDORA S/A;CUIABA;MT;001;      4.488,43;     504,98;  159,850;   0,4967;  159,850;      0;     20;80;CTRC EMITIDO;10/09/26;;;35260907655407000287570020021432681007324690 ;          0,00;
CBA;SAO154484-5; N;10/09/2026;17/09/2026;    15523;22300282    ;     ;V. GOMES DA SILVA DISTRIBUIDOR;V. GOMES DA SILVA DISTRIBUIDOR;C.;SENDAS DISTRIBUIDORA S/A  - LJ;VARZEA GRANDE;MT;VG2;      4.121,78;     492,27;  148,570;   0,4241;  148,570;      0;     17;80;CTRC EMITIDO;10/09/26;;;35260907655407000287570020021432731007324746 ;          0,00;
CBA;SAO154485-3; N;10/09/2026;17/09/2026;    15520;22300282    ;     ;V. GOMES DA SILVA DISTRIBUIDOR;V. GOMES DA SILVA DISTRIBUIDOR;C.;SENDAS DISTRIBUIDORA S/A.;CUIABA;MT;004;      5.089,69;     578,95;  181,892;   0,7513;  225,380;      0;     33;80;CTRC EMITIDO;10/09/26;;;35260907655407000287570020021432601007324616 ;          0,00;
CBA;SAO154486-1; N;10/09/2026;17/09/2026;    15521;22300282    ;     ;V. GOMES DA SILVA DISTRIBUIDOR;V. GOMES DA SILVA DISTRIBUIDOR;C.;SENDAS DISTRIBUIDORA S A;CUIABA;MT;001;      4.872,98;     512,65;  159,430;   0,5521;  165,630;      0;     26;80;CTRC EMITIDO;10/09/26;;;35260907655407000287570020021432791007324804 ;          0,00;
CBA;SAO154556-6; N;10/09/2026;17/09/2026;    52328;            ;     ;WEBPLASTICO IND E COM EIRELI;WEBPLASTICO IND E COM EIRELI;C.;COGERA SERVICOS ELETRICOS LTDA;CUIABA;MT;001;      7.023,88;   1.012,16;  160,000;   2,4000;  720,000;      0;      4;80;CTRC EMITIDO;10/09/26;;;35260907655407000287570020021434231007326420 ;          0,00;
CBA;SAO154572-8; N;10/09/2026;17/09/2026;    27964;            ;     ;PESCAN IND E COM DE PROD QUIMI;REMY REFRIGERACAO E CLIMATIZAC;C.;REMY REFRIGERACAO E CLIMATIZAC;CUIABA;MT;002;      3.583,11;     183,10;  103,276;   0,1820;  103,276;      0;     15;80;CTRC EMITIDO;10/09/26;;;35260907655407000287570020021434161007326352 ;          0,00;
CBA;SAO154584-1; N;10/09/2026;17/09/2026;   359777;4500129267  ;     ;COPABO IND E COM DE PRODUTOS T;COPABO IND E COM DE PRODUTOS T;B.;CENTRAIS ELETRICAS DO NORTE DO;CUIABA;MT;004;        226,25;     147,23;    0,220;   0,0041;    1,230;      0;      1;80;CTRC EMITIDO;10/09/26;;;35260907655407000287570020021432861007324981 ;          0,00;
CBA;SAO154635-0; N;10/09/2026;17/09/2026;    26938;            ;     ;SORABO INDUSTRIA E COMERCIO DE;KARRANCA NAUTICA LTDA ME;C.;KARRANCA NAUTICA LTDA ME;CUIABA;MT;001;      9.315,00;     450,53;   60,200;   0,2062;   61,860;      0;      1;80;CTRC EMITIDO;10/09/26;;;35260907655407000287570020021434731007327010 ;          0,00;
CBA;SAO154681-3; N;10/09/2026;17/09/2026;    66131;            ;     ;CONFIALLE MOVEIS LTDA;CONFIALLE MOVEIS LTDA;B.;RUBIA KELEN KAISER FERREIRA SE;CUIABA;MT;003;     25.407,80;     487,10;  190,000;   0,9500;  285,000;      0;      9;80;CTRC EMITIDO;10/09/26;;;35260907655407000287570020021434871007327156 ;          0,00;
CBA;SAO154756-9; N;11/09/2026;17/09/2026;  2754980*;069293      ;     ;BRIDGESTONE DO BRASIL INDUSTRI;BRIDGESTONE DO BRASIL INDUSTRI;C1;PACAEMBU AUTOPECAS LTDA;CUIABA;MT;002;      4.470,81;     118,48;   54,180;   0,4808;   54,180;      0;      3;80;CTRC EMITIDO;11/09/26;;;35260907655407000287570020021435981007328437 ;          0,00;
CBA;SAO154769-1; N;11/09/2026;17/09/2026;   444007;2392253     ;     ;FORTPEL COMERCIO DE DESCARTAVE;FORTPEL COMERCIO DE DESCARTAVE;B.;SDB COMERCIO DE ALIMENTOS LTDA;VARZEA GRANDE;MT;781;      1.981,87;     129,09;   17,530;   0,1920;   57,600;      0;      5;80;CTRC EMITIDO;11/09/26;;;35260907655407000287570020021436091007328718 ;          0,00;
CBA;SAO154770-4; N;11/09/2026;17/09/2026;   443955;2393669     ;     ;FORTPEL COMERCIO DE DESCARTAVE;FORTPEL COMERCIO DE DESCARTAVE;B.;SDB COMERCIO DE ALIMENTOS LTDA;CUIABA;MT;003;        710,72;     100,26;    7,760;   0,0619;   18,570;      0;      2;80;CTRC EMITIDO;11/09/26;;;35260907655407000287570020021436141007328807 ;          0,00;
CBA;SAO154771-2; N;11/09/2026;17/09/2026;   443863*;2379148     ;     ;FORTPEL COMERCIO DE DESCARTAVE;FORTPEL COMERCIO DE DESCARTAVE;B.;SDB COMERCIO DE ALIMENTOS LTDA;CUIABA;MT;CT2;        756,85;     100,46;    5,350;   0,0365;   10,950;      0;      2;80;CTRC EMITIDO;11/09/26;;;35260907655407000287570020021436151007328812 ;          0,00;
CBA;SAO154772-1; N;11/09/2026;17/09/2026;   443984;2393588     ;     ;FORTPEL COMERCIO DE DESCARTAVE;FORTPEL COMERCIO DE DESCARTAVE;B.;SDB COM DE ALIMENTOS LTDA;VARZEA GRANDE;MT;VG2;      1.163,30;     124,55;   14,870;   0,1920;   57,600;      0;      4;80;CTRC EMITIDO;11/09/26;;;35260907655407000287570020021436161007328828 ;          0,00;
CBA;SAO154773-9; N;11/09/2026;17/09/2026;   443878;2379225     ;     ;FORTPEL COMERCIO DE DESCARTAVE;FORTPEL COMERCIO DE DESCARTAVE;B.;SDB COMERCIO DE ALIMENTOS LTDA;VARZEA GRANDE;MT;VG1;        573,66;      99,67;    3,060;   0,0104;    3,120;      0;      1;80;CTRC EMITIDO;11/09/26;;;35260907655407000287570020021436171007328833 ;          0,00;
CBA;SAO154823-9; N;11/09/2026;17/09/2026;   197674;            ;     ;LORENZETTI SA INDS BRASILEIRAS;LORENZETTI SA INDS BRASILEIRAS;A2;HORIZONTE CONS DE ELETROD LTDA;CUIABA;MT;003;      1.109,06;      82,49;    5,013;   0,0081;    5,013;      0;      1;80;CTRC EMITIDO;11/09/26;;;35260907655407000287570020021436411007329100 ;          0,00;
CBA;SAO154846-8; N;11/09/2026;17/09/2026;  3052118;            ;     ;LORENZETTI SA INDS BRASILEIRAS;LORENZETTI SA INDS BRASILEIRAS;A2;COLUNA MATERIAIS PARA CONSTRUC;VARZEA GRANDE;MT;VG2;      1.552,94;      98,22;    7,175;   0,0457;   11,425;      0;      2;80;CTRC EMITIDO;11/09/26;;;35260907655407000287570020021436651007329349 ;          0,00;
CBA;SAO154896-4; N;11/09/2026;17/09/2026;  3051706;            ;     ;LORENZETTI SA INDS BRASILEIRAS;LORENZETTI SA INDS BRASILEIRAS;A2;BMB MATERIAL DE CONSTRUCAO S.A;VARZEA GRANDE;MT;VG2;    119.021,99;   2.687,06;  764,267;   7,6677; 1916,925;      0;    158;80;CTRC EMITIDO;11/09/26;;;35260907655407000287570020021437141007329833 ;          0,00;
CBA;SAS027698-7; N;07/08/2026;14/08/2026;    97934;            ;TIT  ;EXPRESSO RIO VERMELHO;CANTA CLARO IND DE EMBALAGENS;C3;CASA ELIAS COMERCIO ARTIGOS ES;CUIABA;MT;003;      4.949,18;     100,00;  227,000;   0,0000;  227,000;      0;     12;80;CTRC EMITIDO;07/08/26;;; ;          0,00;
CBA;FND151495-4; N;04/09/2026;16/09/2026;     6513;            ;     ;ZARGO IND E COM DE MOVEIS LTDA;ZARGO IND E COM DE MOVEIS LTDA;B.;NOEMI REGO DE AQUINO;CUIABA;MT;003;      3.187,72;     856,27;   50,000;   1,8000;  450,000;      0;      2;  ;;        ; HOJE 08:00;FND000592-4;35260907655407000287570020021398191007265903 ;          0,00;
CBA;FND152353-8; N;08/09/2026;17/09/2026;     6488;            ;     ;ZARGO IND E COM DE MOVEIS LTDA;ZARGO IND E COM DE MOVEIS LTDA;B.;KATIA MACHADO;CUIABA;MT;002;      2.327,90;     500,83;   45,000;   1,0000;  250,000;      0;      2;  ;;        ; HOJE 08:00;FND000592-4;35260907655407000287570020021408771007281859 ;          0,00;
CBA;FND152837-8; N;08/09/2026;17/09/2026;    12280;16023       ;     ;JULIANA GOMES ROSA;JULIANA GOMES ROSA;..;MARIA  APARECIDA LUIZA COSTA;VARZEA GRANDE;MT;781;      1.128,93;     277,56;   32,000;   0,6300;  189,000;      0;      2;  ;;        ; HOJE 08:00;FND000592-4;35260907655407000287570020021412461007288042 ;          0,00;
CBA;FND152844-1; N;08/09/2026;17/09/2026;     5327;            ;     ;J A OUTLET COMERCIO DE MOVEIS;J A OUTLET COMERCIO DE MOVEIS;B.;DENER GONCALVES E SILVA;CUIABA;MT;001;      1.241,54;     500,00;   34,000;   1,0000;  300,000;      0;      1;  ;;        ; HOJE 08:00;FND000592-4;35260907655407000287570020021412451007288037 ;          0,00;
CBA;FND152973-1; N;08/09/2026;17/09/2026;     1138;1258E       ;     ;MOVENZA ECOMMERCE LTDA;MOVENZA ECOMMERCE LTDA;C.;GILVANO ROSSATO;CUIABA;MT;003;        339,90;     244,35;   74,000;   0,2300;   74,000;      0;      2;  ;;        ; HOJE 08:00;FND000592-4;35260907655407000287570020021413031007291238 ;          0,00;
CBA;FND153676-1; N;09/09/2026;18/09/2026;   104371;            ;     ;MOBIGU COMERCIO DE MOVEIS LTDA;MOBIGU COMERCIO DE MOVEIS LTDA;B.;SUELLENULTIMA CASA DA RUA LADO;VARZEA GRANDE;MT;VG2;        325,93;     166,99;   40,000;   0,1200;   40,000;      0;      1;  ;;        ; HOJE 08:00;FND000592-4;35260907655407000287570020021421961007304375 ;          0,00;
CBA;VIX032855-3; N;04/09/2026;15/09/2026;    52449;659762      ;     ;KAMELL COMERCIO GLOBAL LTDA;KAMELL COMERCIO GLOBAL LTDA;C.;KARRANCA NAUTICA LTDA ME;CUIABA;MT;001;     10.135,25;     213,85;   83,500;   0,3567;  107,010;      0;      4;  ;;        ; HOJE 13:01;VIX000375-1;32260907655407001844570010000338711007271440 ;          0,00;
CBA;VIX032857-0; N;04/09/2026;15/09/2026;   439427*;            ;     ;COBRA ROLAMENTOS E AUTOPECAS L;COBRA ROLAMENTOS E AUTOPECAS L;B.;COBRA ROLAMENTOS E AUTOPECAS L;VARZEA GRANDE;MT;VG2;     14.272,83;     585,09;  261,862;   1,3440;  403,200;      0;     24;  ;;        ; HOJE 13:01;VIX000375-1;32260907655407001844570010000338781007271513 ;          0,00;
CBA;VIX032897-9; N;04/09/2026;15/09/2026;  2847624;            ;     ;WEBCONTINENTAL LTDA;WEBCONTINENTAL LTDA;A1;JANAINA DE VASCONCELO MOREIRA ;VARZEA GRANDE;MT;781;      2.899,00;     203,40;   41,800;   0,2900;   58,000;      0;      2;  ;;        ; HOJE 13:01;VIX000375-1;32260907655407001844570010000339161007272482 ;          0,00;
CBA;VIX032903-7; N;04/09/2026;15/09/2026;  2847983;            ;     ;WEBCONTINENTAL LTDA;WEBCONTINENTAL LTDA;A1;KAIQUE SOUZA DOURADO;CUIABA;MT;003;      2.561,76;     200,72;   41,800;   0,2900;   58,000;      0;      2;  ;;        ; HOJE 13:01;VIX000375-1;32260907655407001844570010000339231007272550 ;          0,00;
CBA;VIX032947-9; N;08/09/2026;15/09/2026;  3307239;29132773    ;     ;BELMICRO TECNOLOGIA S/A;BELMICRO TECNOLOGIA S/A;A.;LUIZ FELIPE ANTUNES ARRUDA NUL;CUIABA;MT;003;      3.238,90;     296,98;   72,000;   0,7241;  195,507;      0;      1;  ;;        ; HOJE 13:01;VIX000375-1;32260907655407001844570010000341841007290376 ;          0,00;
CBA;VIX032951-7; N;08/09/2026;15/09/2026;  3307710;29133779    ;     ;BELMICRO TECNOLOGIA S/A;BELMICRO TECNOLOGIA S/A;A.;NICODEMOS AFONSO ASSUNCAO ASSU;VARZEA GRANDE;MT;VG2;      1.588,89;     196,01;   30,960;   0,4439;  119,853;      0;      1;  ;;        ; HOJE 13:01;VIX000375-1;32260907655407001844570010000341881007290413 ;          0,00;
CBA;VIX032965-7; N;08/09/2026;18/09/2026;  3309336;29137453    ;     ;BELMICRO TECNOLOGIA S/A;BELMICRO TECNOLOGIA S/A;A.;SUZI MARIA MEIRA NULL;JANGADA;MT;006;      2.447,24;     190,45;   50,000;   0,3703;   99,981;      0;      1;  ;;        ; HOJE 13:01;VIX000375-1;32260907655407001844570010000341991007290522 ;          0,00;
CBA;VIX032966-5; N;08/09/2026;15/09/2026;  3309674;29138266    ;     ;BELMICRO TECNOLOGIA S/A;BELMICRO TECNOLOGIA S/A;A.;ADELITA DIAS NULL;CUIABA;MT;003;      2.224,68;     230,99;   41,000;   0,5393;  145,611;      0;      1;  ;;        ; HOJE 13:01;VIX000375-1;32260907655407001844570010000342021007290554 ;          0,00;
CBA;VIX032977-1; N;08/09/2026;15/09/2026;  3311062;29141597    ;     ;BELMICRO TECNOLOGIA S/A;BELMICRO TECNOLOGIA S/A;A.;MAGNO C SANTANA NULL;CUIABA;MT;780;      3.668,90;     252,18;   63,600;   0,5703;  153,981;      0;      1;  ;;        ; HOJE 13:01;VIX000375-1;32260907655407001844570010000342111007290642 ;          0,00;
CBA;VIX032979-7; N;08/09/2026;15/09/2026;  3311425;29142396    ;     ;BELMICRO TECNOLOGIA S/A;BELMICRO TECNOLOGIA S/A;A.;WELLINGTON JP SANTOS NULL;VARZEA GRANDE;MT;VG2;      1.347,43;     348,64;   36,000;   0,9097;  245,619;      0;      4;  ;;        ; HOJE 13:01;VIX000375-1;32260907655407001844570010000342131007290663 ;          0,00;
CBA;VIX032983-5; N;08/09/2026;15/09/2026;  3309077;29136911    ;     ;BELMICRO TECNOLOGIA S/A;BELMICRO TECNOLOGIA S/A;A.;KATYA ROSEMARY  DE MORAES NULL;VARZEA GRANDE;MT;VG2;        877,65;     115,56;   17,000;   0,2023;   54,621;      0;      1;  ;;        ; HOJE 13:01;VIX000375-1;32260907655407001844570010000342171007290700 ;          0,00;
CBA;VIX032993-2; N;08/09/2026;15/09/2026;  3308994;29136698    ;     ;BELMICRO TECNOLOGIA S/A;BELMICRO TECNOLOGIA S/A;A.;PATRICIA MARIANA BONIFACIO SIL;CUIABA;MT;002;        894,46;     115,68;   19,410;   0,1951;   52,677;      0;      1;  ;;        ; HOJE 13:01;VIX000375-1;32260907655407001844570010000342271007290804 ;          0,00;
CBA;VIX032995-9; N;08/09/2026;15/09/2026;  3310623;29140612    ;     ;BELMICRO TECNOLOGIA S/A;BELMICRO TECNOLOGIA S/A;A.;CELIO BARBOSA DE OLIVEIRA NULL;CUIABA;MT;780;        999,42;     138,76;   26,000;   0,2343;   63,261;      0;      1;  ;;        ; HOJE 13:01;VIX000375-1;32260907655407001844570010000342291007290825 ;          0,00;
CBA;VIX032998-3; N;08/09/2026;15/09/2026;  3308144;29134786    ;     ;BELMICRO TECNOLOGIA S/A;BELMICRO TECNOLOGIA S/A;A.;ADAILZA PEREIRA ROSA  MAGALHAE;VARZEA GRANDE;MT;781;      1.152,59;     139,98;   23,570;   0,2537;   68,499;      0;      1;  ;;        ; HOJE 13:01;VIX000375-1;32260907655407001844570010000342341007290876 ;          0,00;
CBA;VIX033023-0; N;08/09/2026;16/09/2026;  3312958;29148416    ;     ;BELMICRO TECNOLOGIA S/A;BELMICRO TECNOLOGIA S/A;A.;THAISE MELQUISA FERREIRA DA SI;CUIABA;MT;003;      1.407,50;     176,20;   29,000;   0,3853;  104,031;      0;      1;  ;;        ; HOJE 13:01;VIX000375-1;32260907655407001844570010000341701007290230 ;          0,00;
CBA;VIX033037-0; N;08/09/2026;16/09/2026;  3309267;29137303    ;     ;BELMICRO TECNOLOGIA S/A;BELMICRO TECNOLOGIA S/A;A.;LINDOMAR PRADO NULL;VARZEA GRANDE;MT;VG2;      1.752,65;     103,01;   33,500;   0,0448;   33,500;      0;      2;  ;;        ; HOJE 13:01;VIX000375-1;32260907655407001844570010000342531007291061 ;          0,00;
CBA;VIX033039-6; N;08/09/2026;16/09/2026;  3308507;29135627    ;     ;BELMICRO TECNOLOGIA S/A;BELMICRO TECNOLOGIA S/A;A.;ALISANDRA PEREIRA NULL;CUIABA;MT;001;      3.608,90;     180,51;   47,600;   0,3579;   96,633;      0;      2;  ;;        ; HOJE 13:01;VIX000375-1;32260907655407001844570010000342551007291082 ;          0,00;
CBA;VIX033040-0; N;08/09/2026;16/09/2026;  3310011;29139267    ;     ;BELMICRO TECNOLOGIA S/A;BELMICRO TECNOLOGIA S/A;A.;MARIA CAROLINA DE SOUZA NULL;CUIABA;MT;002;      2.314,47;     107,48;   25,500;   0,1301;   35,127;      0;      1;  ;;        ; HOJE 13:01;VIX000375-1;32260907655407001844570010000342581007291114 ;          0,00;
CBA;VIX033041-8; N;08/09/2026;16/09/2026;  3314761;29154678    ;     ;BELMICRO TECNOLOGIA S/A;BELMICRO TECNOLOGIA S/A;A.;ANGELA CRISTINA NUNES RONDON N;CUIABA;MT;780;      1.471,86;     193,84;   36,100;   0,4399;  118,773;      0;      1;  ;;        ; HOJE 13:01;VIX000375-1;32260907655407001844570010000342571007291109 ;          0,00;
CBA;VIX033042-6; N;08/09/2026;16/09/2026;  3314767;29154661    ;     ;BELMICRO TECNOLOGIA S/A;BELMICRO TECNOLOGIA S/A;A.;OLGA CRISTINA LAUX SOUZA NULL;VARZEA GRANDE;MT;VG2;      1.225,90;     140,56;   26,000;   0,2533;   68,391;      0;      1;  ;;        ; HOJE 13:01;VIX000375-1;32260907655407001844570010000342601007291139 ;          0,00;
CBA;VIX033046-9; N;08/09/2026;18/09/2026;  3315351;29157688    ;     ;BELMICRO TECNOLOGIA S/A;BELMICRO TECNOLOGIA S/A;A.;MARIELE RODRIGUES NULL;NOSSA SENHORA DO LIVRAMENTO;MT;007;      1.844,14;     324,65;   35,000;   0,5055;  136,485;      0;      1;  ;;        ; HOJE 13:01;VIX000375-1;32260907655407001844570010000342541007291077 ;          0,00;
CBA;VIX033047-7; N;08/09/2026;16/09/2026;  3315405;29157833    ;     ;BELMICRO TECNOLOGIA S/A;BELMICRO TECNOLOGIA S/A;A.;SUELY BARROS DOS REIS NULL;CUIABA;MT;003;      1.346,82;     162,52;   27,590;   0,3580;   96,660;      0;      1;  ;;        ; HOJE 13:01;VIX000375-1;32260907655407001844570010000342511007291040 ;          0,00;
CBA;VIX033093-1; N;08/09/2026;16/09/2026;   984243;            ;     ;WEBCONTINENTAL LTDA;WEBCONTINENTAL LTDA;A1;CHIRLE PRATES;CUIABA;MT;003;      6.474,48;     395,81;   75,200;   0,5900;  118,000;      0;      4;  ;;        ; HOJE 13:01;VIX000375-1;32260907655407001844570010000340641007288926 ;          0,00;
CBA;VIX033094-9; N;08/09/2026;16/09/2026;   984315;            ;     ;WEBCONTINENTAL LTDA;WEBCONTINENTAL LTDA;A1;LUIZA MUNIZ;CUIABA;MT;001;      6.088,17;     392,74;   67,300;   0,5300;  106,000;      0;      2;  ;;        ; HOJE 13:01;VIX000375-1;32260907655407001844570010000340651007288931 ;          0,00;
CBA;VIX033102-3; N;08/09/2026;16/09/2026;   984573;            ;     ;WEBCONTINENTAL LTDA;WEBCONTINENTAL LTDA;A1;ROUZIMAR ANJOS FERREIRA;CUIABA;MT;003;      3.249,24;     206,18;   37,600;   0,2900;   58,000;      0;      2;  ;;        ; HOJE 13:01;VIX000375-1;32260907655407001844570010000340731007289018 ;          0,00;
CBA;VIX033178-3; N;08/09/2026;16/09/2026;  2851964;            ;     ;WEBCONTINENTAL LTDA;WEBCONTINENTAL LTDA;A1;LAUDEMIR ALVES BARBOSA;CUIABA;MT;003;      2.899,00;     203,40;   41,800;   0,2900;   58,000;      0;      2;  ;;        ; HOJE 13:01;VIX000375-1;32260907655407001844570010000341461007289741 ;          0,00;
CBA;VIX033191-1; N;08/09/2026;16/09/2026;   388281*;482629(6)   ;     ;TECNOLOGISTICA DISTR E COM DE ;TECNOLOGISTICA DISTR E COM DE ;B.;FIGUEREDO COMERCIO DE SAPATOS ;CUIABA;MT;001;     16.227,87;     573,63;  106,055;   1,2160;  106,055;      0;     19;  ;;        ; HOJE 13:01;VIX000375-1;32260907655407001844570010000341581007290112 ;          0,00;
CBA;VIX033251-8; N;09/09/2026;17/09/2026;    37008;            ;     ;UNIQUE RUBBER TECHNOLOGIES LTD;UNIQUE RUBBER TECHNOLOGIES LTD;..;JH PNEUS LTDA - PALO PNEUS;CUIABA;MT;004;     11.488,21;     757,90;  499,670;   1,6231;  499,670;      0;     53;  ;;        ; HOJE 13:01;VIX000375-1;32260907655407001844570010000342981007300976 ;          0,00;
CBA;VIX033374-3; N;09/09/2026;17/09/2026;   388587;483125(10)  ;     ;TECNOLOGISTICA DISTR E COM DE ;TECNOLOGISTICA DISTR E COM DE ;B.;FIGUEREDO COMERCIO DE SAPATOS ;CUIABA;MT;001;     10.320,25;     304,28;   55,733;   0,6400;   55,733;      0;     10;  ;;        ; HOJE 13:01;VIX000375-1;32260907655407001844570010000344031007308230 ;          0,00;
CBA;VIX033376-0; N;09/09/2026;17/09/2026;   388588*;482026(3)   ;     ;TECNOLOGISTICA DISTR E COM DE ;TECNOLOGISTICA DISTR E COM DE ;B.;OLIVEIRA BOLSAS E SAPATOS LTDA;CUIABA;MT;CT2;     10.850,60;     324,72;   65,275;   0,9600;   65,275;      0;     15;  ;;        ; HOJE 13:01;VIX000375-1;32260907655407001844570010000344051007308251 ;          0,00;
CBA;VIX033377-8; N;09/09/2026;17/09/2026;   388589*;483120(14)  ;     ;TECNOLOGISTICA DISTR E COM DE ;TECNOLOGISTICA DISTR E COM DE ;B.;TOLEDO COMERCIO DE SAPATOS E B;CUIABA;MT;003;     15.174,80;     487,35;   88,216;   1,2160;   88,216;      0;     19;  ;;        ; HOJE 13:01;VIX000375-1;32260907655407001844570010000344061007308267 ;          0,00;
CBA;VIX033378-6; N;09/09/2026;17/09/2026;   388681*;483122(8)   ;     ;TECNOLOGISTICA DISTR E COM DE ;TECNOLOGISTICA DISTR E COM DE ;B.;RODRIGUES COMERCIO DE SAPATOS ;VARZEA GRANDE;MT;VG2;     11.705,04;     743,95;   66,828;   0,8320;   66,828;      0;     13;  ;;        ; HOJE 13:01;VIX000375-1;32260907655407001844570010000344071007308272 ;          0,00;
CBA;VIX033380-8; N;09/09/2026;17/09/2026;   388756*;481802(1)   ;     ;TECNOLOGISTICA DISTR E COM DE ;TECNOLOGISTICA DISTR E COM DE ;B.;AMXT BOLSAS E SAPATOS LTDA;CUIABA;MT;001;      6.374,08;     256,36;   37,051;   0,7200;   37,051;      0;      9;  ;;        ; HOJE 13:01;VIX000375-1;32260907655407001844570010000344091007308293 ;          0,00;
CBA;UDI034073-1; N;09/09/2026;16/09/2026;      489;            ;     ;CLEIDE MORAIS SOUZA;OKUBO MERCANTIL - PROD PARA FI;..;OKUBO MERCANTIL - PROD PARA FI;CUIABA;MT;004;     11.400,00;       0,01;  445,000;   0,0000;  445,000;      0;      1;  ;;        ; HOJE 17:49;UDI002594-1;31260907655407001097570100000564001007298060 ;          0,00;
CGD;CWB011836-2; N;03/09/2026;15/09/2026;  7427120;134168620000;     ;LOJA ELECTROLUX COM VIRTUAL DE;LOJA ELECTROLUX COM VIRTUAL DE;A.;LUCI MARA MARCATO  CAMILO;CAMPO GRANDE;MS;05B;      1.830,58;     141,31;   28,000;   0,2380;   59,500;      0;      1;50;FALTA DE MERCADORIA;09/09/26;;CWB000483-9;41260907655407001763570010000117751007255740 ;         21,82;
CGD;CWB011852-4; N;03/09/2026;21/09/2026;  7427136;134168620000;     ;LOJA ELECTROLUX COM VIRTUAL DE;LOJA ELECTROLUX COM VIRTUAL DE;A.;DANIELE PINEDO TALAVEIRA DE LO;TERENOS;MS;011;      2.095,07;     229,24;   38,500;   0,5370;  134,250;      0;      1;50;FALTA DE MERCADORIA;09/09/26;;CWB000483-9;41260907655407001763570010000117911007255905 ;         35,45;
CGD;CWB011917-2; N;04/09/2026;22/09/2026;  7429386;134185430000;     ;LOJA ELECTROLUX COM VIRTUAL DE;LOJA ELECTROLUX COM VIRTUAL DE;A.;JOSIANE SALES PIMENTA RAMOS;CORUMBA;MS;011;      2.448,15;     363,32;   52,000;   0,7300;  182,500;      0;      1;50;FALTA DE MERCADORIA;09/09/26;;CWB000483-9;41260907655407001763570010000118561007269996 ;         56,03;
CGD;BNU001913-5; N;08/09/2026;22/09/2026;   287197;182514      ;     ;BELLA ARTE DECOR LTDA;BELLA ARTE DECOR LTDA;B.;LRE ENXOVAIS LTDA;BONITO;MS;010;      3.894,37;     257,70;  149,803;   0,3500;  149,803;      2;     13;83;CHEGADA NA UNIDADE INTERMEDIARIA ;11/09/26;;CWB000486-3;42260907655407002140570200000019011007288326 ;         47,93;
CGD;FRA151825-9; N;04/09/2026;18/09/2026;  4387338;MERCADO_LIVR;     ;PALACIO DAS FERRAMENTAS E PARA;PALACIO DAS FERRAMENTAS E PARA;A.;JOELCI MEDINA;BONITO;MS;010;        237,56;      95,70;    3,100;   0,0645;   19,350;      1;      1;83;CHEGADA NA UNIDADE INTERMEDIARIA ;08/09/26;;FRA001750-7;35260907655407000287570020021401771007273742 ;         17,80;
CGD;SJP151725-2; N;04/09/2026;15/09/2026;   132955;165350066225;     ;AMERICANFLEX IND REUNIDAS LTDA;AMERICANFLEX IND REUNIDAS LTDA;C2;JOAO VITOR LOMBARDI;CAMPO GRANDE;MS;01B;      1.649,86;     583,62;   53,270;   1,0000;  300,000;      2;      2;83;CHEGADA NA UNIDADE INTERMEDIARIA ;09/09/26;;SJP000586-0;35260907655407000287570020021400921007270850 ;        108,55;
CGD;VIX032383-7; N;01/09/2026;14/09/2026;     6112;            ;     ;RESIAK IMPORTACAO COM LTDA;RESIAK IMPORTACAO COM LTDA;C.;CLAUDIO GARCIA RAFAEL;LADARIO;MS;011;      4.398,00;     490,43;  194,000;   0,5000;  194,000;      0;     20;83;CHEGADA NA UNIDADE INTERMEDIARIA ;10/09/26;;VIX000373-5;32260907655407001844570010000334521007222956 ;         86,32;
CGD;VIX032395-1; N;01/09/2026;15/09/2026;   174449;            ;     ;MAIS PROXIMA COMERCIAL E DISTR;MAIS PROXIMA COMERCIAL E DISTR;B.;29505611 SONIA POTRONIELI;DOIS IRMAOS DO BURITI;MS;792;      3.499,95;     248,99;   17,210;   0,2111;   52,775;      0;      4;83;CHEGADA NA UNIDADE INTERMEDIARIA ;10/09/26;;VIX000373-5;32260907655407001844570010000334641007223120 ;         27,82;
CGD;VIX032665-8; N;03/09/2026;17/09/2026;  3303003;29117581    ;     ;BELMICRO TECNOLOGIA S/A;BELMICRO TECNOLOGIA S/A;A.;DAMARIS DE ASSIS OLIVEIRA NULL;BODOQUENA;MS;010;      6.698,03;     491,32;  115,000;   1,0404;  280,908;      0;      1;83;CHEGADA NA UNIDADE INTERMEDIARIA ;10/09/26;;VIX000373-5;32260907655407001844570010000337691007257400 ;         86,47;
CGD;VIX032676-3; N;03/09/2026;16/09/2026;  3302029;29112086    ;     ;BELMICRO TECNOLOGIA S/A;BELMICRO TECNOLOGIA S/A;A.;ALINE SANABRIA SARACHO NULL;BELA VISTA;MS;010;        434,64;     108,95;   12,000;   0,1218;   32,886;      0;      1;83;CHEGADA NA UNIDADE INTERMEDIARIA ;10/09/26;;VIX000373-5;32260907655407001844570010000337881007257597 ;         19,18;
CGD;VIX032677-1; N;03/09/2026;16/09/2026;  3302850;29116597    ;     ;BELMICRO TECNOLOGIA S/A;BELMICRO TECNOLOGIA S/A;A.;ROSS E CIA LTDA;BONITO;MS;010;      2.792,02;     319,55;   56,000;   0,6931;  187,137;      0;      4;83;CHEGADA NA UNIDADE INTERMEDIARIA ;10/09/26;;VIX000373-5;32260907655407001844570010000337931007257643 ;         56,24;
CGD;VIX032682-8; N;03/09/2026;17/09/2026;    47898;29114879    ;     ;BELMICRO TECNOLOGIA S/A;BELMICRO TECNOLOGIA S/A;A.;OTAVIO DOS SANTOS VILELA LTDA;ROCHEDO;MS;011;     20.680,00;   1.442,55;  355,000;   2,6091;  704,457;      0;     20;83;CHEGADA NA UNIDADE INTERMEDIARIA ;10/09/26;;VIX000373-5;32260907655407001844570010000337291007257006 ;        217,89;
CGD;VIX032818-9; N;04/09/2026;14/09/2026;  3303522;29119542    ;     ;BELMICRO TECNOLOGIA S/A;BELMICRO TECNOLOGIA S/A;A.;TATIANA DA ANUNCIACAO ALVES NU;CAMPO GRANDE;MS;008;      4.269,25;     360,99;   76,000;   0,9126;  246,402;      0;      1;83;CHEGADA NA UNIDADE INTERMEDIARIA ;10/09/26;;VIX000373-5;32260907655407001844570010000339701007273238 ;         63,53;
CGD;VIX032833-2; N;04/09/2026;17/09/2026;  3303988;29121270    ;     ;BELMICRO TECNOLOGIA S/A;BELMICRO TECNOLOGIA S/A;A.;LAUDICEIA GOMES DOS SANTOS NUL;CHAPADAO DO SUL;MS;012;      1.733,62;     182,70;   48,000;   0,3703;   99,981;      0;      1;83;CHEGADA NA UNIDADE INTERMEDIARIA ;10/09/26;;VIX000373-5;32260907655407001844570010000339891007273426 ;         32,16;
CGD;VIX032845-6; N;04/09/2026;17/09/2026;  3305842;29128763    ;     ;BELMICRO TECNOLOGIA S/A;BELMICRO TECNOLOGIA S/A;A.;CLAYTON LUIZ DA CRUZ NULL;RIO VERDE DE MATO GROSSO;MS;009;      1.562,75;     119,20;   34,200;   0,0515;   34,200;      0;      2;83;CHEGADA NA UNIDADE INTERMEDIARIA ;10/09/26;;VIX000373-5;32260907655407001844570010000339871007273405 ;         20,98;
CGD;VIX032854-5; N;04/09/2026;14/09/2026;     5152;454995      ;     ;AUDIOFRAHM IND E COM DE ELETRO;AUDIOFRAHM IND E COM DE ELETRO;C.;N V AUDIO DISTRIBUIDORA LTDA;CAMPO GRANDE;MS;005;     10.455,37;     227,35;   44,320;   0,2190;   54,750;      0;      8;83;CHEGADA NA UNIDADE INTERMEDIARIA ;10/09/26;;VIX000373-5;32260907655407001844570010000338661007271393 ;         40,01;
CGD;VIX032856-1; N;04/09/2026;17/09/2026;    52494;659862      ;     ;KAMELL COMERCIO GLOBAL LTDA;KAMELL COMERCIO GLOBAL LTDA;C.;LEANDRO GIOVELLI ABITANTE;SAO GABRIEL DO OESTE;MS;009;      2.443,16;     115,31;    2,100;   0,0120;    3,600;      0;      1;83;CHEGADA NA UNIDADE INTERMEDIARIA ;10/09/26;;VIX000373-5;32260907655407001844570010000338741007271476 ;         20,29;
CGD;VIX032886-3; N;04/09/2026;14/09/2026;   719913;            ;     ;FRIGELAR COMERCIO E INSDUSTRIA;FRIGELAR COMERCIO E INSDUSTRIA;A1;PATRICIA DE CASSIA NEVES;CAMPO GRANDE;MS;001;      1.784,00;     154,57;   27,500;   0,2037;   61,110;      0;      2;83;CHEGADA NA UNIDADE INTERMEDIARIA ;10/09/26;;VIX000373-5;32260907655407001844570010000338981007272288 ;         27,20;
CGD;VIX032910-0; N;04/09/2026;14/09/2026;  2848221;            ;     ;WEBCONTINENTAL LTDA;WEBCONTINENTAL LTDA;A1;MARCOS HILLESHEIM;CAMPO GRANDE;MS;001;      3.962,84;     299,32;   55,000;   0,4000;   80,000;      0;      4;83;CHEGADA NA UNIDADE INTERMEDIARIA ;10/09/26;;VIX000373-5;32260907655407001844570010000339291007272618 ;         52,68;
CGD;VIX032924-0; N;04/09/2026;14/09/2026;   388062;482707(8)   ;     ;TECNOLOGISTICA DISTR E COM DE ;TECNOLOGISTICA DISTR E COM DE ;B.;COMERCIO DE CALCADOS E BOLSAS ;CAMPO GRANDE;MS;006;      7.514,20;     276,05;   54,167;   0,6400;   54,167;      0;      8;83;CHEGADA NA UNIDADE INTERMEDIARIA ;10/09/26;;VIX000373-5;32260907655407001844570010000339371007272857 ;         48,58;
CGD;VIX032925-8; N;04/09/2026;14/09/2026;   388031;482732(8)   ;     ;TECNOLOGISTICA DISTR E COM DE ;TECNOLOGISTICA DISTR E COM DE ;B.;COMERCIO DE CALCADOS E BOLSAS ;CAMPO GRANDE;MS;004;      6.774,66;     259,59;   45,981;   0,6400;   45,981;      0;      8;83;CHEGADA NA UNIDADE INTERMEDIARIA ;10/09/26;;VIX000373-5;32260907655407001844570010000339391007272878 ;         45,69;
CGD;VIX032926-6; N;04/09/2026;14/09/2026;   388017;482407(8)   ;     ;TECNOLOGISTICA DISTR E COM DE ;TECNOLOGISTICA DISTR E COM DE ;B.;COMERCIO DE CALCADOS E BOLSAS ;CAMPO GRANDE;MS;SHO;     10.833,68;     310,93;   62,207;   0,6400;   62,207;      0;      8;83;CHEGADA NA UNIDADE INTERMEDIARIA ;10/09/26;;VIX000373-5;32260907655407001844570010000339321007272800 ;         54,72;
CGD;VIX033186-4; N;08/09/2026;15/09/2026;   388100*;480514(4)   ;     ;TECNOLOGISTICA DISTR E COM DE ;TECNOLOGISTICA DISTR E COM DE ;B.;COMERCIO DE CALCADOS E BOLSAS ;CAMPO GRANDE;MS;006;     14.902,26;     469,61;   93,586;   1,1520;   93,586;      0;     17;83;CHEGADA NA UNIDADE INTERMEDIARIA ;10/09/26;;VIX000373-5;32260907655407001844570010000341571007290107 ;         82,65;
CGD;VIX033190-2; N;08/09/2026;15/09/2026;   388146*;482396(9)   ;     ;TECNOLOGISTICA DISTR E COM DE ;TECNOLOGISTICA DISTR E COM DE ;B.;COMERCIO DE CALCADOS E BOLSAS ;CAMPO GRANDE;MS;SHO;     23.272,44;     753,14;  157,942;   2,1120;  157,942;      0;     33;83;CHEGADA NA UNIDADE INTERMEDIARIA ;10/09/26;;VIX000373-5;32260907655407001844570010000341561007290096 ;        132,55;
CGD;SAO152256-6; N;09/09/2026;11/09/2026;  1385662;109218546   ;     ;BRS SP SUPRIMENTOS CORPORATIVO;BRS SP SUPRIMENTOS CORPORATIVO;A1;ITAU UNIBANCO S.A;CAMPO GRANDE;MS;006;      2.007,29;     281,49;  306,054;   0,5919;  306,054;      0;     99;80;CTRC EMITIDO;09/09/26;;;35260907655407000287570020021421041007302915 ;         52,36;
CGD;SAO152299-0; N;09/09/2026;11/09/2026;  1382729;109197458   ;     ;BRS SP SUPRIMENTOS CORPORATIVO;BRS SP SUPRIMENTOS CORPORATIVO;A1;LOJAS AVENIDA S.A;CAMPO GRANDE;MS;001;      2.840,19;     119,95;   94,670;   0,2316;   94,670;      0;     18;80;CTRC EMITIDO;09/09/26;;;35260907655407000287570020021424971007310964 ;         22,31;
CGD;SAO152516-6; N;09/09/2026;14/09/2026;  1383439;109197606   ;     ;BRS SP SUPRIMENTOS CORPORATIVO;BRS SP SUPRIMENTOS CORPORATIVO;A1;BLUEFIT ACADEMIAS DE GINASTICA;CAMPO GRANDE;MS;003;      2.775,21;     161,29;  143,960;   1,1527;  143,960;      0;     29;80;CTRC EMITIDO;09/09/26;;;35260907655407000287570020021415681007294950 ;         30,00;
CGD;SAO152519-1; N;09/09/2026;14/09/2026;  1383469;109207090   ;     ;BRS SP SUPRIMENTOS CORPORATIVO;BRS SP SUPRIMENTOS CORPORATIVO;A1;BLUEFIT ACADEMIAS DE GINASTICA;CAMPO GRANDE;MS;05B;      2.793,35;     203,65;  200,200;   1,1351;  200,200;      0;     31;80;CTRC EMITIDO;09/09/26;;;35260907655407000287570020021415381007294640 ;         37,88;
CGD;SAO152554-9; N;09/09/2026;14/09/2026;  1384255;109211521   ;     ;BRS SP SUPRIMENTOS CORPORATIVO;BRS SP SUPRIMENTOS CORPORATIVO;A1;BANCO BRADESCO SA;CAMPO GRANDE;MS;006;      1.824,91;     190,98;  150,101;   0,4011;  150,101;      0;     16;80;CTRC EMITIDO;09/09/26;;;35260907655407000287570020021417341007296610 ;         35,52;
CGD;SAO152730-4; N;09/09/2026;14/09/2026;   166143;            ;     ;ABC ARTEFATOS DE BORRACHA COEL;ABC ARTEFATOS DE BORRACHA COEL;B.;CAIADO PNEUS LTDA;CAMPO GRANDE;MS;009;      3.307,76;     184,40;   93,330;   0,2677;   93,330;      0;      6;80;CTRC EMITIDO;09/09/26;;;35260907655407000287570020021416561007295837 ;         34,30;
CGD;SAO152892-1; N;08/09/2026;14/09/2026;   393759;            ;     ;MOAS IND E COM IMP E EXP LTDA;MOAS IND E COM IMP E EXP LTDA;A3;CONDOMINIO HOTEL PLAZA BELMAR;CAMPO GRANDE;MS;006;      1.388,43;      89,35;    9,250;   0,0360;   10,800;      0;      2;80;CTRC EMITIDO;08/09/26;;;35260907655407000287570020021414931007294140 ;         16,62;
CGD;SAO153122-1; N;09/09/2026;18/09/2026;      646;            ;NELCC;LC CARDOSO LTDA;VIOLETA TRANSPORTES LTDA;B2;ELISANGELA NUNES;SIDROLANDIA;MS;010;      1.000,00;     269,38;   19,410;   0,6000;  180,000;      0;      2;  ;;        ;;;35260907655407000287570020021423621007309604 ;         53,88;
CGD;SAO153319-3; N;09/09/2026;15/09/2026;   307062;            ;     ;SIER MOVEIS LTDA;SIER MOVEIS LTDA;B.;LAGE DE MELO MOVEIS E DECORACO;CAMPO GRANDE;MS;05C;     15.164,17;     646,16;  273,400;   1,3392;  401,760;      0;      5;80;CTRC EMITIDO;09/09/26;;;35260907655407000287570020021423661007309646 ;        120,19;
CGD;SAO153651-6; N;10/09/2026;18/09/2026;   822226;            ;     ;H P COMERCIO INTERNACIONAL LTD;H P COMERCIO INTERNACIONAL LTD;A.;D M P PNEUS E ACESSORIOS LTDA;CHAPADAO DO SUL;MS;012;      5.424,00;   2.221,70;  179,800;   5,2855; 1585,650;      0;      4;80;CTRC EMITIDO;10/09/26;;;35260907655407000287570020021428051007314684 ;        413,24;
CGD;SAO153679-6; N;09/09/2026;15/09/2026;   697922;            ;     ;MECANO PACK EMBALAGENS SA;MECANO PACK EMBALAGENS SA;B3;COMERCIAL DE ALIMENTOS BETANIA;CAMPO GRANDE;MS;06B;      2.149,84;     224,91;   61,762;   0,4400;  132,000;      0;     35;80;CTRC EMITIDO;09/09/26;;;35260907655407000287570020021425721007311975 ;         41,83;
CGD;SAO153899-3; N;10/09/2026;17/09/2026;   309289;522764      ;SUPLG;BIC AMAZONIA SA;SUPPORTE ARMAZENAGEM VENDAS E;A1;SDB COMERCIO DE ALIMENTOS LTDA;CAMPO GRANDE;MS;010;     30.341,77;     592,96;  204,522;   1,1816;  295,400;      0;    181;15;ENTREGA AGENDADA PELO CLIENTE;10/09/26;;;31260907655407001097570100000564161007314413 ;         62,43;
CGD;SAO153918-3; N;10/09/2026;15/09/2026;    45434;            ;     ;EPOCH MAGIA IMP DIST DE BRINQU;EPOCH MAGIA IMP DIST DE BRINQU;B.;BNA COMERCIO DE BRINQUEDOS LTD;CAMPO GRANDE;MS;006;      7.137,37;     151,95;    8,296;   0,2000;   50,000;      0;     10;80;CTRC EMITIDO;10/09/26;;;35260907655407000287570020021428031007314663 ;         28,26;
CGD;SAO153919-1; N;10/09/2026;15/09/2026;    76037*;523069      ;NYTHI;BIC AMAZONIA SA;SUPPLOG ARMAZENS GERAIS E ENTR;A1;PAF UTILIDADES E PRESENTES LTD;CAMPO GRANDE;MS;06B;      6.155,59;      82,27;   39,282;   0,2378;   59,450;      0;     41;80;CTRC EMITIDO;10/09/26;;;35260907655407000287570020021427861007314490 ;         16,45;
CGD;SAO153924-8; N;10/09/2026;15/09/2026;    24523;            ;NYTHI;BAJAJ DO BRASIL COMERCIO DE MO;SUPPLOG ARMAZENS GERAIS E ENTR;A1;MOTONEXA MOTOS LTDA;CAMPO GRANDE;MS;09B;        889,99;      74,98;   15,274;   0,0198;   15,274;      0;      1;80;CTRC EMITIDO;10/09/26;;;35260907655407000287570020021427761007314370 ;         15,00;
CGD;SAO154247-8; N;10/09/2026;21/09/2026;      271;            ;     ;ARQUITETA PRI BARBOSA EQUIP PA;ARQUITETA PRI BARBOSA EQUIP PA;C3;JULIANA MARA DOS SANTOS SILVA;COXIM;MS;009;      2.000,00;     629,24;   50,000;   1,2647;  379,410;      0;      1;95;ATENDIMENTO/ INFORMACOES/ TRATATIVAS INTERNAS;11/09/26;;;35260907655407000287570020021433311007325438 ;        117,04;
CGD;SAO154253-2; N;11/09/2026;16/09/2026;  1383555*;109194473   ;     ;BRS SP SUPRIMENTOS CORPORATIVO;BRS SP SUPRIMENTOS CORPORATIVO;A1;LOJAS AVENIDA S.A;CAMPO GRANDE;MS;03B;      4.726,03;     212,82;  196,850;   0,6514;  196,850;      0;     29;80;CTRC EMITIDO;11/09/26;;;35260907655407000287570020021435091007327481 ;         39,58;
CGD;SAO154256-7; N;11/09/2026;16/09/2026;  1383564*;109191617   ;     ;BRS SP SUPRIMENTOS CORPORATIVO;BRS SP SUPRIMENTOS CORPORATIVO;A1;LOJAS AVENIDA S/A;CAMPO GRANDE;MS;01B;      4.151,15;     208,49;  154,280;   0,4518;  154,280;      0;     25;80;CTRC EMITIDO;11/09/26;;;35260907655407000287570020021435351007327740 ;         38,78;
CGD;SAO154264-8; N;10/09/2026;16/09/2026;  1383586*;109194939   ;     ;BRS SP SUPRIMENTOS CORPORATIVO;BRS SP SUPRIMENTOS CORPORATIVO;A1;LOJAS AVENIDA S.A;CAMPO GRANDE;MS;09B;      3.619,11;     167,63;  142,030;   0,4484;  142,030;      0;     22;80;CTRC EMITIDO;10/09/26;;;35260907655407000287570020021433771007325895 ;         31,18;
CGD;SAO154265-6; N;11/09/2026;16/09/2026;  1383588*;109197266   ;     ;BRS SP SUPRIMENTOS CORPORATIVO;BRS SP SUPRIMENTOS CORPORATIVO;A1;LOJAS AVENIDA S.A;CAMPO GRANDE;MS;005;      3.683,85;     168,13;  121,270;   0,3784;  121,270;      0;     22;80;CTRC EMITIDO;11/09/26;;;35260907655407000287570020021435381007327777 ;         31,27;
CGD;SAO154267-2; N;11/09/2026;21/09/2026;  1385114*;109197327   ;     ;BRS SP SUPRIMENTOS CORPORATIVO;BRS SP SUPRIMENTOS CORPORATIVO;A1;LOJAS AVENIDA S.A;AQUIDAUANA;MS;011;      2.333,81;     138,22;   93,990;   0,3077;   93,990;      0;     15;80;CTRC EMITIDO;11/09/26;;;35260907655407000287570020021435131007327522 ;         25,71;
CGD;SAO154273-7; N;10/09/2026;22/09/2026;  1388444;109229714   ;     ;BRS SP SUPRIMENTOS CORPORATIVO;BRS SP SUPRIMENTOS CORPORATIVO;A1;ITAU UNIBANCO S.A;CORUMBA;MS;011;        361,94;      93,76;   17,090;   0,0976;   17,090;      0;      4;80;CTRC EMITIDO;10/09/26;;;35260907655407000287570020021433651007325770 ;         17,44;
CGD;SAO154275-3; N;11/09/2026;21/09/2026;  1388525;109195097   ;     ;BRS SP SUPRIMENTOS CORPORATIVO;BRS SP SUPRIMENTOS CORPORATIVO;A1;LOJAS AVENIDA SA;COXIM;MS;009;      1.593,07;     109,26;   63,250;   0,3135;   63,250;      0;     11;80;CTRC EMITIDO;11/09/26;;;35260907655407000287570020021435401007327791 ;         20,32;
CGD;SAO154312-1; N;10/09/2026;22/09/2026;    10868;0926-000579N;     ;FIX IMPLEMENTOS RODOVIARIOS LT;STEPHANIE TRUJILLO NAVIA;..;STEPHANIE TRUJILLO NAVIA;CORUMBA;MS;011;        807,00;     189,07;   16,840;   0,0533;   16,840;      0;      1;80;CTRC EMITIDO;10/09/26;;;35260907655407000287570020021433001007325121 ;         31,39;
CGD;SAO154319-9; N;10/09/2026;16/09/2026;   117432;            ;     ;ORGUS INDUSTRIA E COMERCIO LTD;DIPECARR DISTRIBUIDORA DE PECA;B.;DIPECARR DISTRIBUIDORA DE PECA;CAMPO GRANDE;MS;010;      6.720,47;     403,23;   67,740;   0,7904;  237,120;      0;      4;80;CTRC EMITIDO;10/09/26;;;35260907655407000287570020021433391007325517 ;         75,00;
CGD;SAO154323-7; N;11/09/2026;16/09/2026;    60087;            ;XFKEV;MOVEIS DALLA COSTA LTDA;HB TRANSPORTES E LOGISTICA EIR;A2;MARINA GALLAS;CAMPO GRANDE;MS;06B;      1.902,34;     116,43;   50,600;   0,2400;   72,000;      0;      4;80;CTRC EMITIDO;11/09/26;;;35260907655407000287570020021435741007328192 ;         23,29;
CGD;SAO154356-3; N;10/09/2026;16/09/2026;     5144*;            ;     ;CONEXFORT LTDA;CONEXFORT LTDA;B.;AMBIENTAL MS PANTANAL SPE S.A.;CAMPO GRANDE;MS;07B;     26.403,40;   1.052,99;  205,300;   1,9760;  592,800;      0;     23;80;CTRC EMITIDO;10/09/26;;;35260907655407000287570020021433801007325920 ;        195,86;
CGD;SAO154492-6; N;10/09/2026;22/09/2026;    10162;83459       ;     ;REC IMPRESSOS GRAFICOS EM GERA;CENTRAL DO FRETE INTER E TECNO;B.;CONVENIENCIA ESTACAO ELDORADO ;COSTA RICA;MS;795;      2.763,52;     182,84;   30,400;   0,0895;   30,400;      0;      2;80;CTRC EMITIDO;10/09/26;;;35260907655407000287570020021433021007325142 ;         34,01;
CGD;SAO154532-9; N;10/09/2026;16/09/2026;     4174;            ;     ;G E S INDUSTRIA, COMERCIO, REP;G E S INDUSTRIA, COMERCIO, REP;C.;LAO2 COMERCIO E SERVICOS LTDA;CAMPO GRANDE;MS;005;      1.292,23;     128,63;    9,590;   0,0362;   10,860;      0;      1;80;CTRC EMITIDO;10/09/26;;;35260907655407000287570020021432881007325001 ;         23,93;
CGD;SAO154568-0; N;10/09/2026;16/09/2026;     1694;            ;     ;ACAO SOCIAL CLARETIANA;ACAO SOCIAL CLARETIANA;B.;ROSANE CAROLINA MEDICI PONTIER;CAMPO GRANDE;MS;05B;      1.286,80;     111,91;   15,460;   0,0400;   15,460;      0;      1;80;CTRC EMITIDO;10/09/26;;;35260907655407000287570020021432871007324997 ;         20,82;
CGD;SAO154595-7; N;10/09/2026;16/09/2026;    10995;            ;     ;METALPLAY INDUSTRIA E COMERCIO;CENTRAL DO FRETE INTER E TECNO;B.;MIGUEL SANDOVAL F.DE OLIVEIRA ;CAMPO GRANDE;MS;010;      5.992,16;     165,34;   30,000;   0,0000;   30,000;      0;      1;80;CTRC EMITIDO;10/09/26;;;35260907655407000287570020021432821007324940 ;         30,75;
CGD;SAO154776-3; N;11/09/2026;16/09/2026;   309344;523016      ;SUPLG;BIC AMAZONIA SA;SUPPORTE ARMAZENAGEM VENDAS E;A1;SENDAS DISTRIBUIDORA S A;CAMPO GRANDE;MS;002;     21.725,71;     590,30;  138,189;   1,2040;  301,000;      0;     27;80;CTRC EMITIDO;11/09/26;;;31260907655407001097570100000564421007328740 ;         61,90;
CGD;SAO154855-7; N;11/09/2026;16/09/2026;  3052136;            ;     ;LORENZETTI SA INDS BRASILEIRAS;LORENZETTI SA INDS BRASILEIRAS;A2;FERRAGEM ALVORADA LTDA;CAMPO GRANDE;MS;007;     30.031,67;     709,95;  239,288;   2,4087;  602,175;      0;     64;80;CTRC EMITIDO;11/09/26;;;35260907655407000287570020021436701007329390 ;        132,05;
CGD;SAO154858-1; N;11/09/2026;16/09/2026;  3052142;            ;     ;LORENZETTI SA INDS BRASILEIRAS;LORENZETTI SA INDS BRASILEIRAS;A2;HIDRACENTER COM DE PECAS E SER;CAMPO GRANDE;MS;003;      2.713,34;      98,84;   10,355;   0,0853;   21,325;      0;      8;80;CTRC EMITIDO;11/09/26;;;35260907655407000287570020021436771007329463 ;         18,38;
CGD;SAO154865-4; N;11/09/2026;21/09/2026;  3052155;            ;     ;LORENZETTI SA INDS BRASILEIRAS;LORENZETTI SA INDS BRASILEIRAS;A2;LIMA E LARA LTDA ME;RIBAS DO RIO PARDO;MS;791;      3.992,44;     162,92;   30,975;   0,2632;   65,800;      0;      6;80;CTRC EMITIDO;11/09/26;;;35260907655407000287570020021436801007329493 ;         30,30;
CGD;SAO154868-9; N;11/09/2026;21/09/2026;  3052163;            ;     ;LORENZETTI SA INDS BRASILEIRAS;LORENZETTI SA INDS BRASILEIRAS;A2;MADEIREIRA ROMAT LTDA - EPP;BONITO;MS;010;     19.597,80;     414,90;   97,075;   0,7314;  182,850;      0;     38;80;CTRC EMITIDO;11/09/26;;;35260907655407000287570020021436861007329551 ;         77,17;
CGD;SAO154870-1; N;11/09/2026;16/09/2026;  3052167;            ;     ;LORENZETTI SA INDS BRASILEIRAS;LORENZETTI SA INDS BRASILEIRAS;A2;METTA HIDRAULICA E ELETRICA LT;CAMPO GRANDE;MS;08B;      7.219,22;     243,42;   63,310;   0,7142;  178,550;      0;     12;80;CTRC EMITIDO;11/09/26;;;35260907655407000287570020021436881007329572 ;         45,28;
CGD;SAO154889-1; N;11/09/2026;16/09/2026;  3052213;            ;     ;LORENZETTI SA INDS BRASILEIRAS;LORENZETTI SA INDS BRASILEIRAS;A2;SOLDAMAQ COMERCIO DE FERRAMENT;CAMPO GRANDE;MS;08B;      2.612,05;      98,24;   10,000;   0,0893;   22,325;      0;      5;80;CTRC EMITIDO;11/09/26;;;35260907655407000287570020021437031007329724 ;         18,27;
CGD;SAS028007-1; N;09/09/2026;31/12/2050;        1;            ;TIT  ;EXPRESSO RIO VERMELHO;EXPRESSO RIO VERMELHO;.3;EXPRESSO RIO VERMELHO - CGD;CAMPO GRANDE;MS;10B;         10,00;       0,01;    3,000;   0,0000;    3,000;      0;      1;80;CTRC EMITIDO;09/09/26;;; ;          0,00;
CGD;SKY002524-1; N;24/04/2026;08/05/2026;      335;            ;     ;JM PHARMA DISTRIBUIDORA DE PRO;JM PHARMA DISTRIBUIDORA DE PRO;B.;JHANNETE SOTO MERCADO 23229792;CORUMBA;MS;793;      1.628,40;       0,00;    4,300;   0,0000;    4,300;      0;      1;58;MERCAD LIBERADA PELA FISCALIZACAO;17/08/26;29/04 23:24;PPY002233-1;35260434197603000147570010000025831000170240 ;          0,00;
CGD;MMJ014907-1; N;10/09/2026;23/09/2026;    15562;            ;     ;EXPORTADORA DE CAFES CARMO DE ;BARISTRO CAFE LTDA;..;BARISTRO CAFE LTDA;CAMPO GRANDE;MS;790;     16.958,04;       0,00;  363,840;   0,0000;  363,840;      0;     12;82;SAIDA DE UNIDADE;10/09/26; HOJE 00:25;PPY002469-4;31260926962595000150570010000165101000213202 ;          0,00;
CGD;FND151673-6; N;04/09/2026;15/09/2026;       84;            ;     ;MALUBI DECOR IND. COM DE MOV;MALUBI DECOR IND. COM DE MOV;C.;ILTO BITENCOURT DA SILVA;CAMPO GRANDE;MS;001;      1.204,90;     120,44;   45,000;   0,1459;   45,000;      0;      2;  ;;        ; HOJE 08:00;FND000592-4;35260907655407000287570020021400101007269040 ;         22,40;
CGD;FND151732-5; N;04/09/2026;15/09/2026;     6980;006897      ;     ;INDUSTRIA TEXTILMAX LTDA;INDUSTRIA TEXTILMAX LTDA;..;J P C BATISTA COM E REPRESENTA;CAMPO GRANDE;MS;04B;      1.910,00;     220,00;  124,000;   0,6240;  187,200;      0;     13;  ;;        ; HOJE 08:00;FND000592-4;35260907655407000287570020021401191007271681 ;         40,92;
CGD;FND151779-1; N;04/09/2026;15/09/2026;   103936;            ;     ;MOBIGU COMERCIO DE MOVEIS LTDA;MOBIGU COMERCIO DE MOVEIS LTDA;B.;GRAZIELA AZEVEDO BEZERRA DE SO;CAMPO GRANDE;MS;08B;        231,69;     177,66;   65,000;   0,2000;   65,000;      0;      2;  ;;        ; HOJE 08:00;FND000592-4;35260907655407000287570020021401511007272642 ;         33,04;
CGD;FND152490-9; N;08/09/2026;21/09/2026;     7010;            ;     ;ROSANE SERAFIM DA SILVA - ME;ROSANE SERAFIM DA SILVA - ME;C.;WALDELUCY MARTINS ANDRADE (WAL;CHAPADAO DO SUL;MS;012;      1.046,08;     234,17;   18,000;   0,3000;   90,000;      0;      1;  ;;        ; HOJE 08:00;FND000592-4;35260907655407000287570020021408921007283300 ;         43,56;
CGD;FND152823-8; N;08/09/2026;16/09/2026;   104189;            ;     ;MOBIGU COMERCIO DE MOVEIS LTDA;MOBIGU COMERCIO DE MOVEIS LTDA;B.;NANCI DO BOMFIM DOS REIS;CAMPO GRANDE;MS;004;         94,64;     163,03;   12,000;   0,1648;   49,440;      0;      1;  ;;        ; HOJE 08:00;FND000592-4;35260907655407000287570020021412231007287815 ;         30,32;
CGD;FND153110-7; N;09/09/2026;22/09/2026;      230;            ;     ;VJ IND E COM DE MOVEIS LTDA;VJ IND E COM DE MOVEIS LTDA;B.;SOLIMAR EMERICK ARAUJO;CHAPADAO DO SUL;MS;012;      2.567,78;     400,95;   40,000;   1,0800;  324,000;      0;      1;  ;;        ; HOJE 08:00;FND000592-4;35260907655407000287570020021418181007297481 ;         74,58;
CGD;FND153130-1; N;09/09/2026;23/09/2026;    14552;            ;     ;MARTINS E ORNELAS INDUSTRIA LT;MARTINS E ORNELAS INDUSTRIA LT;B.;RITA DE CASSIA FUENTES LUZ SUE;CORUMBA;MS;011;      1.299,00;     402,78;   35,000;   0,7000;  175,000;      0;      1;  ;;        ; HOJE 08:00;FND000592-4;35260907655407000287570020021418311007297742 ;         74,92;
CGD;FND153469-6; N;09/09/2026;22/09/2026;     5626;            ;     ;J A OUTLET COMERCIO DE MOVEIS;J A OUTLET COMERCIO DE MOVEIS;B.;MAXIMIANO ANDRADE NOGUEIRA JUN;RIO VERDE DE MATO GROSSO;MS;009;      1.237,45;     400,00;   34,000;   1,0000;  300,000;      0;      1;  ;;        ; HOJE 08:00;FND000592-4;35260907655407000287570020021420521007302267 ;         74,40;
CGD;FND153677-0; N;09/09/2026;23/09/2026;   104388;            ;     ;MOBIGU COMERCIO DE MOVEIS LTDA;MOBIGU COMERCIO DE MOVEIS LTDA;B.;RONILDA ROA ADORNO;CARACOL;MS;010;         87,44;     260,95;   10,500;   0,1444;   43,320;      0;      1;  ;;        ; HOJE 08:00;FND000592-4;35260907655407000287570020021421951007304360 ;         32,54;
CGD;VIX032948-7; N;08/09/2026;14/09/2026;  3306711;29131455    ;     ;BELMICRO TECNOLOGIA S/A;BELMICRO TECNOLOGIA S/A;A.;RODRIGO DE SA NULL;CAMPO GRANDE;MS;09B;      1.181,40;     166,13;   29,000;   0,3853;  104,031;      0;      1;  ;;        ; HOJE 13:01;VIX000375-1;32260907655407001844570010000341811007290340 ;         29,24;
CGD;VIX032952-5; N;08/09/2026;14/09/2026;  3307383;29133098    ;     ;BELMICRO TECNOLOGIA S/A;BELMICRO TECNOLOGIA S/A;A.;GEIZIBEL GOMES NULL;CAMPO GRANDE;MS;010;      1.688,16;     185,56;   31,000;   0,4355;  117,585;      0;      1;  ;;        ; HOJE 13:01;VIX000375-1;32260907655407001844570010000341851007290381 ;         32,66;
CGD;VIX032957-6; N;08/09/2026;14/09/2026;  3307637;29133671    ;     ;BELMICRO TECNOLOGIA S/A;BELMICRO TECNOLOGIA S/A;A.;GLENDA CAROLINE FERREIRA DIAS ;CAMPO GRANDE;MS;004;      1.445,77;     139,22;   26,000;   0,2533;   68,391;      0;      1;  ;;        ; HOJE 13:01;VIX000375-1;32260907655407001844570010000341941007290470 ;         24,50;
CGD;VIX032962-2; N;08/09/2026;14/09/2026;  3308520;29135614    ;     ;BELMICRO TECNOLOGIA S/A;BELMICRO TECNOLOGIA S/A;A.;FERNANDA NAO INFORMADO NULL;CAMPO GRANDE;MS;010;      1.704,35;     141,27;   29,980;   0,2415;   65,205;      0;      1;  ;;        ; HOJE 13:01;VIX000375-1;32260907655407001844570010000341951007290485 ;         24,86;
CGD;VIX032969-0; N;08/09/2026;14/09/2026;  3309092;29136926    ;     ;BELMICRO TECNOLOGIA S/A;BELMICRO TECNOLOGIA S/A;A.;PATRICIO DANTAS NULL;CAMPO GRANDE;MS;08B;      1.948,84;     297,47;   63,380;   0,7657;  206,739;      0;      1;  ;;        ; HOJE 13:01;VIX000375-1;32260907655407001844570010000342031007290560 ;         52,35;
CGD;VIX032972-0; N;08/09/2026;14/09/2026;  3307961;29134364    ;     ;BELMICRO TECNOLOGIA S/A;BELMICRO TECNOLOGIA S/A;A.;ROSIMEIRE MEDEIRO COSTA NULL;CAMPO GRANDE;MS;03B;      1.355,90;     167,51;   29,000;   0,3853;  104,031;      0;      1;  ;;        ; HOJE 13:01;VIX000375-1;32260907655407001844570010000342081007290612 ;         29,48;
CGD;VIX032978-9; N;08/09/2026;14/09/2026;  3309207;29137242    ;     ;BELMICRO TECNOLOGIA S/A;BELMICRO TECNOLOGIA S/A;A.;RAFAELLA PERES NULL;CAMPO GRANDE;MS;003;      1.763,51;     418,50;   45,000;   1,1372;  307,044;      0;      5;  ;;        ; HOJE 13:01;VIX000375-1;32260907655407001844570010000342141007290679 ;         73,66;
CGD;VIX032992-4; N;08/09/2026;14/09/2026;  3307808;29134031    ;     ;BELMICRO TECNOLOGIA S/A;BELMICRO TECNOLOGIA S/A;A.;AMANDA REGGIORI NULL;CAMPO GRANDE;MS;09B;        964,13;     104,53;   35,670;   0,1455;   39,285;      0;      3;  ;;        ; HOJE 13:01;VIX000375-1;32260907655407001844570010000342281007290810 ;         18,40;
CGD;VIX032997-5; N;08/09/2026;17/09/2026;  3309914;29139079    ;     ;BELMICRO TECNOLOGIA S/A;BELMICRO TECNOLOGIA S/A;A.;RUBIA SCORSATTO NULL;CHAPADAO DO SUL;MS;012;      1.158,90;     153,70;   26,000;   0,2343;   63,261;      0;      1;  ;;        ; HOJE 13:01;VIX000375-1;32260907655407001844570010000342311007290840 ;         27,05;
CGD;VIX033000-1; N;08/09/2026;14/09/2026;  3311514;29142630    ;     ;BELMICRO TECNOLOGIA S/A;BELMICRO TECNOLOGIA S/A;A.;RENATA ALMEIDA DE OLIVEIRA NUL;CAMPO GRANDE;MS;004;      1.884,95;     184,22;   40,000;   0,4260;  115,020;      0;      1;  ;;        ; HOJE 13:01;VIX000375-1;32260907655407001844570010000342361007290897 ;         32,42;
CGD;VIX033001-9; N;08/09/2026;14/09/2026;  3312494;29146323    ;     ;BELMICRO TECNOLOGIA S/A;BELMICRO TECNOLOGIA S/A;A.;JOAO PAULO VENDAS VILLALBA NUL;CAMPO GRANDE;MS;004;      1.114,98;     136,58;   26,000;   0,2302;   62,154;      0;      1;  ;;        ; HOJE 13:01;VIX000375-1;32260907655407001844570010000342351007290881 ;         24,04;
CGD;VIX033003-5; N;08/09/2026;17/09/2026;  3312637;29147100    ;     ;BELMICRO TECNOLOGIA S/A;BELMICRO TECNOLOGIA S/A;A.;JUSIELLE DA SILVA NULL;SIDROLANDIA;MS;010;      1.404,07;     179,72;   26,990;   0,3433;   92,691;      0;      1;  ;;        ; HOJE 13:01;VIX000375-1;32260907655407001844570010000342371007290908 ;         31,63;
CGD;VIX033004-3; N;08/09/2026;14/09/2026;  3312237;29145202    ;     ;BELMICRO TECNOLOGIA S/A;BELMICRO TECNOLOGIA S/A;A.;LISVALQUIRIA CAMARGO ARRUDA NU;CAMPO GRANDE;MS;004;      2.049,96;     298,26;   63,380;   0,7657;  206,739;      0;      1;  ;;        ; HOJE 13:01;VIX000375-1;32260907655407001844570010000342401007290938 ;         52,49;
CGD;VIX033005-1; N;08/09/2026;14/09/2026;  3312808;29147503    ;     ;BELMICRO TECNOLOGIA S/A;BELMICRO TECNOLOGIA S/A;A.;FATIMA APARECIDA LENTA VIEIRA ;CAMPO GRANDE;MS;003;      5.292,94;     417,07;  111,900;   1,0688;  288,576;      0;      1;  ;;        ; HOJE 13:01;VIX000375-1;32260907655407001844570010000342391007290929 ;         73,40;
CGD;VIX033006-0; N;08/09/2026;14/09/2026;  3312503;29146314    ;     ;BELMICRO TECNOLOGIA S/A;BELMICRO TECNOLOGIA S/A;A.;JOAO PAULO VENDAS VILLALBA NUL;CAMPO GRANDE;MS;004;      1.413,82;     148,68;   57,180;   0,3005;   81,135;      0;      1;  ;;        ; HOJE 13:01;VIX000375-1;32260907655407001844570010000342421007290959 ;         26,17;
CGD;VIX033012-4; N;08/09/2026;15/09/2026;  3312735;29147362    ;     ;BELMICRO TECNOLOGIA S/A;BELMICRO TECNOLOGIA S/A;A.;RUA PILARES NULL;CAMPO GRANDE;MS;001;      1.109,99;     164,23;   29,600;   0,3810;  102,870;      0;      1;  ;;        ; HOJE 13:01;VIX000375-1;32260907655407001844570010000342471007291005 ;         28,90;
CGD;VIX033013-2; N;08/09/2026;18/09/2026;  3310234;29139827    ;     ;BELMICRO TECNOLOGIA S/A;BELMICRO TECNOLOGIA S/A;A.;GISLAINE COSTA NULL;CAMAPUA;MS;012;      1.135,99;     189,69;   29,600;   0,3810;  102,870;      0;      1;  ;;        ; HOJE 13:01;VIX000375-1;32260907655407001844570010000342481007291010 ;         33,39;
CGD;VIX033014-1; N;08/09/2026;15/09/2026;  3306624;29131109    ;     ;BELMICRO TECNOLOGIA S/A;BELMICRO TECNOLOGIA S/A;A.;ELIANECESTARIAMORIMGMAILCOMCOM;CAMPO GRANDE;MS;001;        705,91;     133,33;   17,300;   0,2478;   66,906;      0;      1;  ;;        ; HOJE 13:01;VIX000375-1;32260907655407001844570010000342491007291026 ;         23,47;
CGD;VIX033015-9; N;08/09/2026;18/09/2026;  3311875;29143449    ;     ;BELMICRO TECNOLOGIA S/A;BELMICRO TECNOLOGIA S/A;A.;KLEBER AUGUSTO GASTALDI NULL;CHAPADAO DO SUL;MS;012;      1.245,86;     190,70;   29,600;   0,3810;  102,870;      0;      1;  ;;        ; HOJE 13:01;VIX000375-1;32260907655407001844570010000342501007291035 ;         33,56;
CGD;VIX033022-1; N;08/09/2026;15/09/2026;  3313023;29148521    ;     ;BELMICRO TECNOLOGIA S/A;BELMICRO TECNOLOGIA S/A;A.;ANGELICA DE SOUZA GALVAO NULL;CAMPO GRANDE;MS;001;        649,03;     139,89;   12,160;   0,2904;   78,408;      0;      1;  ;;        ; HOJE 13:01;VIX000375-1;32260907655407001844570010000341651007290184 ;         24,62;
CGD;VIX033028-1; N;08/09/2026;18/09/2026;  3312825;29147485    ;     ;BELMICRO TECNOLOGIA S/A;BELMICRO TECNOLOGIA S/A;A.;NAYZA MACIEL DA SILVA NULL;CHAPADAO DO SUL;MS;012;      1.105,80;     121,95;   45,490;   0,1731;   46,737;      0;      2;  ;;        ; HOJE 13:01;VIX000375-1;32260907655407001844570010000341661007290190 ;         21,46;
CGD;VIX033048-5; N;08/09/2026;15/09/2026;  3315245;29156789    ;     ;BELMICRO TECNOLOGIA S/A;BELMICRO TECNOLOGIA S/A;A.;NATALIA BATISTA AQUINO NULL;CAMPO GRANDE;MS;002;        885,64;     134,76;   24,300;   0,2412;   65,124;      0;      1;  ;;        ; HOJE 13:01;VIX000375-1;32260907655407001844570010000342611007291144 ;         23,72;
CGD;VIX033086-8; N;08/09/2026;15/09/2026;   983929;            ;     ;WEBCONTINENTAL LTDA;WEBCONTINENTAL LTDA;A1;JOSE GOMES;CAMPO GRANDE;MS;06B;      3.391,21;     294,77;   57,400;   0,4300;   86,000;      0;      2;  ;;        ; HOJE 13:01;VIX000375-1;32260907655407001844570010000340571007288859 ;         51,88;
CGD;VIX033145-7; N;08/09/2026;15/09/2026;  2849783;            ;     ;WEBCONTINENTAL LTDA;WEBCONTINENTAL LTDA;A1;GERALDO SOUZA;CAMPO GRANDE;MS;08B;      3.594,28;     190,13;   33,900;   0,2500;   50,000;      0;      2;  ;;        ; HOJE 13:01;VIX000375-1;32260907655407001844570010000341101007289382 ;         33,46;
CGD;VIX033375-1; N;09/09/2026;16/09/2026;   388684;483123(11)  ;     ;TECNOLOGISTICA DISTR E COM DE ;TECNOLOGISTICA DISTR E COM DE ;B.;FORTUNA COMERCIO DE CALCADOS;CAMPO GRANDE;MS;01B;      8.298,90;     270,50;   47,064;   0,7040;   47,064;      0;     11;  ;;        ; HOJE 13:01;VIX000375-1;32260907655407001844570010000344041007308246 ;         47,61;
CGD;VIX033379-4; N;09/09/2026;16/09/2026;   388768;482669(5)   ;     ;TECNOLOGISTICA DISTR E COM DE ;TECNOLOGISTICA DISTR E COM DE ;B.;COMERCIO DE CALCADOS E BOLSAS ;CAMPO GRANDE;MS;006;      4.213,54;     221,48;   23,141;   0,4000;   23,141;      0;      5;  ;;        ; HOJE 13:01;VIX000375-1;32260907655407001844570010000344081007308288 ;         38,98;
CGD;CWB011561-4; N;29/08/2026;09/09/2026;  7417335;134098760000;     ;LOJA ELECTROLUX COM VIRTUAL DE;LOJA ELECTROLUX COM VIRTUAL DE;A.;MARCOS  PELEPKE;CAMPO GRANDE;MS;05B;      1.710,84;     315,79;   53,000;   0,8600;  215,000;      0;      1;  ;;        ; HOJE 15:59;CGD008598-7;41260807655407001763570010000115091007193701 ;         45,53;
CNP;FRA151813-5; N;04/09/2026;22/09/2026;  4386280;2609044DTQX9;     ;PALACIO DAS FERRAMENTAS E PARA;PALACIO DAS FERRAMENTAS E PARA;A.;JHOFANA FARIAS DA SILVA;CAMPOS DE JULIO;MT;783;      1.021,87;     191,83;   72,000;   0,2708;   81,240;      1;      1;83;CHEGADA NA UNIDADE INTERMEDIARIA ;08/09/26;;FRA001750-7;35260907655407000287570020021401651007273628 ;         53,52;
CNP;IBI148201-7; N;31/08/2026;16/09/2026;    13550;            ;     ;ELIZA ENXOVAIS LTDA;ELIZA ENXOVAIS LTDA;B.;F C S INCORPORACAO IMOBILIARIA;SAPEZAL;MT;SPZ;      2.939,19;     662,73;  120,980;   1,0306;  257,650;      7;      7;83;CHEGADA NA UNIDADE INTERMEDIARIA ;08/09/26;;IBI000236-4;35260807655407000287570020021364171007202410 ;        184,90;
CNP;UDI034039-1; N;04/09/2026;18/09/2026;   177116*;2285470NAO  ;     ;PRODUTOS ERLAN S/A;PRODUTOS ERLAN S/A;B3;NUBIA PRODUTOS PARA FESTA EIRE;CAMPO NOVO DO PARECIS;MT;CNP;      2.449,49;     298,11;  167,760;   0,3018;  167,760;     12;     12;83;CHEGADA NA UNIDADE INTERMEDIARIA ;10/09/26;;UDI002589-5;31260907655407001097570100000563541007265680 ;         59,62;
CNP;VIX032450-7; N;03/09/2026;17/09/2026;  3299855;29104614    ;     ;BELMICRO TECNOLOGIA S/A;BELMICRO TECNOLOGIA S/A;A.;MARIA FERNANDES NULL;CAMPO NOVO DO PARECIS;MT;CNP;      1.248,90;     135,78;   19,000;   0,1944;   52,488;      1;      1;83;CHEGADA NA UNIDADE INTERMEDIARIA ;09/09/26;;VIX000372-7;32260907655407001844570010000336861007256574 ;         23,90;
CNP;SAO148752-3; N;01/09/2026;15/09/2026;       63;            ;     ;MIL PACK COMERCIO DE PLASTICOS;MIL PACK COMERCIO DE PLASTICOS;C.;UNIAO BRA TRANSPORTES E LOGIST;CAMPO NOVO DO PARECIS;MT;CNP;      4.900,00;     473,02;  300,000;   0,5850;  300,000;      0;     50;80;CTRC EMITIDO;01/09/26;;;35260907655407000287570020021374861007225660 ;         87,98;
CNP;SAO152215-9; N;09/09/2026;18/09/2026;  1382094;109208698   ;     ;BRS SP SUPRIMENTOS CORPORATIVO;BRS SP SUPRIMENTOS CORPORATIVO;A1;FS I INDUSTRIA DE ETANOL S.A;CAMPO NOVO DO PARECIS;MT;CNP;     21.516,94;   1.385,13;  726,000;  14,6999;  726,000;      0;     17;80;CTRC EMITIDO;09/09/26;;;35260907655407000287570020021423871007309867 ;        257,63;
CNP;SAO152640-5; N;08/09/2026;21/09/2026;    21373;            ;     ;BAZAR IMPORTADORA EIRELI EPP;NUBIA PRODUTOS PARA FESTA EIRE;C3;NUBIA PRODUTOS PARA FESTA EIRE;CAMPO NOVO DO PARECIS;MT;CNP;      2.323,43;     150,52;   16,700;   0,1867;   56,010;      0;      2;80;CTRC EMITIDO;08/09/26;;;35260907655407000287570020021413631007292372 ;         28,00;
CNP;SAO152704-5; N;09/09/2026;21/09/2026;    66015;            ;     ;CONFIALLE MOVEIS LTDA;CONFIALLE MOVEIS LTDA;B.;PATRICIA MAIA AMARAL;SAPEZAL;MT;SPZ;      4.750,00;     325,69;   70,600;   0,5980;  179,400;      0;      2;80;CTRC EMITIDO;09/09/26;;;35260907655407000287570020021415811007295087 ;         90,87;
CNP;SAO152726-6; N;08/09/2026;21/09/2026;    18071;            ;     ;COMERCIO DE BIKES E PECAS GM L;COMERCIO DE BIKES E PECAS GM L;C3;SILMARA LOPES DE SOUZA FERREIR;CAMPO NOVO DO PARECIS;MT;CNP;        893,83;     153,92;   15,000;   0,1820;   54,600;      0;      1;80;CTRC EMITIDO;08/09/26;;;35260907655407000287570020021414571007293318 ;         28,63;
CNP;SAO152746-1; N;08/09/2026;21/09/2026;     1206;            ;     ;VIVIANE JOURDAN DE ALMEIDA IND;NUBIA PRODUTOS PARA FESTA EIRE;C3;NUBIA PRODUTOS PARA FESTA EIRE;CAMPO NOVO DO PARECIS;MT;CNP;      1.055,60;     223,60;   29,000;   0,1155;   34,650;      0;      2;80;CTRC EMITIDO;08/09/26;;;35260907655407000287570020021414561007293302 ;         41,59;
CNP;SAO152801-7; N;09/09/2026;21/09/2026;    44215;            ;     ;STRINA PAPEIS INDUSTRIAIS LTDA;CADMOTA PLOTAGENS E IMPRESSOES;..;CADMOTA PLOTAGENS E IMPRESSOES;CAMPO NOVO DO PARECIS;MT;CNP;      1.097,70;     374,23;   86,920;   0,2572;   86,920;      0;      6;80;CTRC EMITIDO;09/09/26;;;35260907655407000287570020021417401007296677 ;         62,12;
CNP;SAO153334-7; N;09/09/2026;22/09/2026;     9722;9482        ;ERWRD;CREATEK STORE COM EQUIPAMENTOS;HB TRANSPORTES E LOGISTICA EIR;A.;COMERCIO DE COMBUSTIVEIS KRUPI;CAMPO NOVO DO PARECIS;MT;CNP;     17.285,11;     369,90;   90,000;   0,6860;  205,800;      0;      1;80;CTRC EMITIDO;09/09/26;;;35260907655407000287570020021423671007309651 ;         73,98;
CNP;SAO153566-8; N;10/09/2026;22/09/2026;     4163;            ;     ;GIVALDO NERES DOS SANTOS FILHO;GIVALDO NERES DOS SANTOS FILHO;.2;DAVI MIRANDA FERREIRA;CAMPO NOVO DO PARECIS;MT;CNP;        442,00;     135,98;    4,040;   0,1591;   47,730;      0;      1;80;CTRC EMITIDO;10/09/26;;;35260907655407000287570020021427721007314320 ;         25,29;
CNP;SAO153658-3; N;10/09/2026;22/09/2026;   822215;            ;     ;H P COMERCIO INTERNACIONAL LTD;H P COMERCIO INTERNACIONAL LTD;A.;SANTO AGRO PNEUS LTDA;SAPEZAL;MT;SPZ;      3.254,47;   1.228,84;  269,700;   2,1780;  653,400;      0;      6;80;CTRC EMITIDO;10/09/26;;;35260907655407000287570020021428071007314700 ;        342,85;
CNP;SAO154136-6; N;10/09/2026;23/09/2026;    57764;            ;     ;BLUESTAR INDUSTRIA PLASTICA LT;NUBIA PRODUTOS PARA FESTA EIRE;C3;NUBIA PRODUTOS PARA FESTA EIRE;CAMPO NOVO DO PARECIS;MT;CNP;      3.228,14;     181,17;   23,040;   0,3403;  102,090;      0;      2;80;CTRC EMITIDO;10/09/26;;;35260907655407000287570020021430281007318863 ;         33,70;
CNP;SAO154562-1; N;10/09/2026;23/09/2026;     1587;            ;     ;ACAO SOCIAL CLARETIANA;ACAO SOCIAL CLARETIANA;B.;DIVINO AMOR COMERCIO DE ARTIGO;CAMPO NOVO DO PARECIS;MT;CNP;     10.282,11;     365,85;  161,630;   0,4156;  161,630;      0;      8;80;CTRC EMITIDO;10/09/26;;;35260907655407000287570020021432851007324976 ;         68,05;
CNP;SAO154596-5; N;11/09/2026;23/09/2026;     6293;            ;     ;FESTA DA FABRICA COMERCIO DE A;NUBIA PRODUTOS PARA FESTA EIRE;C3;NUBIA PRODUTOS PARA FESTA EIRE;CAMPO NOVO DO PARECIS;MT;CNP;      1.951,70;     273,04;   51,050;   0,4992;  149,760;      0;     14;80;CTRC EMITIDO;11/09/26;;;35260907655407000287570020021435341007327735 ;         50,79;
CNP;VIX033029-9; N;08/09/2026;22/09/2026;  3312392;29146111    ;     ;BELMICRO TECNOLOGIA S/A;BELMICRO TECNOLOGIA S/A;A.;RENNER SILVA NULL;CAMPOS DE JULIO;MT;783;        872,22;     164,32;   17,000;   0,2023;   54,621;      0;      1;  ;;        ; HOJE 13:01;VIX000375-1;32260907655407001844570010000341681007290216 ;         43,38;
COL;BIR149795-2; N;02/09/2026;17/09/2026;  2044693;            ;     ;COLOR VISAO DO BRASIL IND ACRI;COLOR VISAO DO BRASIL IND ACRI;B.;REFRIGERACAO ELETROLIDER LTDA;COLIDER;MT;SIN;      1.011,28;     100,82;    9,380;   0,0740;   18,500;      3;      3;83;CHEGADA NA UNIDADE INTERMEDIARIA ;08/09/26;;BIR000387-5;35260907655407000287570020021382261007236722 ;         14,06;
COL;SAO153312-6; N;10/09/2026;21/09/2026;  1389175;109188314   ;     ;BRS SP SUPRIMENTOS CORPORATIVO;BRS SP SUPRIMENTOS CORPORATIVO;A1;LOJAS AVENIDA S/A;COLIDER;MT;SIN;        852,30;     123,03;   30,310;   0,2422;   30,310;      0;      7;80;CTRC EMITIDO;10/09/26;;;35260907655407000287570020021430341007318925 ;         17,16;
COL;SAO154660-1; N;10/09/2026;23/09/2026;   394686;            ;     ;MOAS IND E COM IMP E EXP LTDA;MOAS IND E COM IMP E EXP LTDA;A3;FARMALENA MAIS SAUDE LTDA;NOVA SANTA HELENA;MT;SIN;      2.026,06;     147,26;   17,230;   0,0429;   17,230;      0;      3;80;CTRC EMITIDO;10/09/26;;;35260907655407000287570020021434361007326550 ;         27,39;
CWB;PVA012172-0; D;31/07/2026;12/08/2026;    35153*;            ;     ;VMAX COM. E IMP. DE PNEUMAT. E;DGI IMPORTACAO E EXPORTACAO LT;A.;DGI IMPORTACAO E EXPORTACAO LT;CAMPINA GRANDE DO SUL;PR;834;        655,62;     156,42;   16,840;   0,0000;   16,840;      2;      2;83;CHEGADA NA UNIDADE INTERMEDIARIA ;26/08/26;;DK4000130-9;51260707655407000872570060000119671006841413 ;         30,28;
CWB;PVA012215-7; D;17/08/2026;27/08/2026;    35288;            ;     ;VMAX COM. E IMP. DE PNEUMAT. E;H P COMERCIO INTERNACIONAL LTD;A.;H P COMERCIO INTERNACIONAL LTD;CAMPINA GRANDE DO SUL;PR;834;         54,83;     156,42;    3,500;   0,0000;    3,500;      2;      2;83;CHEGADA NA UNIDADE INTERMEDIARIA ;26/08/26;;DK4000130-9;51260807655407000872570060000120101007029077 ;         30,28;
CWB;CBA017603-6; N;28/08/2026;09/09/2026;    14254;            ;     ;CUIABAUTO PNEUS LTDA;H P COMERCIO INTERNACIONAL LTD;A.;H P COMERCIO INTERNACIONAL LTD;CAMPINA GRANDE DO SUL;PR;834;      2.447,97;     321,75;   92,540;   0,7142;  214,260;      0;      1;  ;;        ; HOJE 15:59;CBA006632-0;51260807655407000368570020000174891007175591 ;         62,29;
DEV;PMW118590-0; D;28/05/2026;08/06/2026;     3780;            ;     ;JULIO CESAR PARENTE COSTA;NAUTICAL MILE COM DE EMBARC E;C.;NAUTICAL MILE COM DE EMBARC E;GUARULHOS;SP;001;      7.460,38;     417,41;   41,000;   0,0000;   41,000;      1;      1;83;CHEGADA NA UNIDADE INTERMEDIARIA ;22/06/26;;DK4000063-9;52260507655407000449570040000970561006102688 ;          0,00;
DIQ;BNU001797-3; N;01/09/2026;11/09/2026;    43097*;46481       ;     ;GRUPO MARMO E HIME COM IMP E E;GRUPO MARMO E HIME COM IMP E E;C.;CASA LUZ ITAUNA ILUMINACAO LTD;ITAUNA;MG;BHZ;      3.898,57;     241,93;    4,000;   0,3448;  103,440;      4;      4;83;CHEGADA NA UNIDADE INTERMEDIARIA ;08/09/26;;CWB000481-2;42260907655407002140570200000017901007224297 ;         78,77;
DIQ;FRA151677-9; N;04/09/2026;30/09/2026;  4385710;            ;     ;PALACIO DAS FERRAMENTAS E PARA;PALACIO DAS FERRAMENTAS E PARA;A.;AGROFISH AF BRAGA LTDA 1309897;MORADA NOVA DE MINAS;MG;BHZ;      3.104,23;     986,97;   81,700;   2,0500;  615,000;      3;      3;83;CHEGADA NA UNIDADE INTERMEDIARIA ;08/09/26;;FRA001750-7;35260907655407000287570020021399991007268860 ;        321,36;
DIQ;SAO153558-7; N;10/09/2026;18/09/2026;    10858;            ;     ;GOFIX FIXACAO EIRELI - ME;GOFIX FIXACAO EIRELI - ME;C.;CLEITON SILVA CALIXTO;PITANGUI;MG;BHZ;        550,00;     191,91;   90,490;   0,2241;   90,490;      0;      5;80;CTRC EMITIDO;10/09/26;;;35260907655407000287570020021426891007313342 ;         62,49;
DIQ;SAS028016-0; N;09/09/2026;31/12/2050;    21561;            ;TIT  ;EXPRESSO RIO VERMELHO;EXPRESSO RIO VERMELHO;.3;CRISTHIENE NORMANDA DE SOUSA;SAO SEBASTIAO DO OESTE;MG;BHZ;          0,01;       0,01;   30,000;   0,0000;   30,000;      0;      1;80;CTRC EMITIDO;09/09/26;;; ;          0,00;
DIQ;FND151695-7; N;04/09/2026;23/09/2026;    42131;            ;     ;CECI DECOR COMERCIO DE MOVEIS;CECI DECOR COMERCIO DE MOVEIS;C.;HINGRID PRISCILA DIAS BATISTA;NOVA SERRANA;MG;DIQ;        277,65;     187,85;   22,000;   0,1000;   30,000;      0;      2;  ;;        ; HOJE 08:00;FND000592-4;35260907655407000287570020021400181007269129 ;         61,16;
DIQ;FND152600-6; N;08/09/2026;29/09/2026;    24919;            ;     ;METALURGICA WS LTDA;JACUTINGA IMPLEMENTOS AGRICOLA;..;JACUTINGA IMPLEMENTOS AGRICOLA;BOM DESPACHO;MG;BHZ;      1.700,71;     310,36;   55,000;   0,4570;  137,100;      0;      6;  ;;        ; HOJE 08:00;FND000592-4;35260907655407000287570020021408911007283290 ;        101,05;
DIQ;FND152793-2; N;08/09/2026;29/09/2026;   191605;            ;     ;GUSTAVO HENRIQUE COSTA;GUSTAVO HENRIQUE COSTA;B.;CLAYTON PEREIRA NETO;PIUMHI;MG;BHZ;        226,18;     191,59;   42,100;   0,1200;   42,100;      0;      2;  ;;        ; HOJE 08:00;FND000592-4;35260907655407000287570020021412561007288146 ;         62,38;
DIQ;FND152812-2; N;08/09/2026;24/09/2026;   104281;            ;     ;MOBIGU COMERCIO DE MOVEIS LTDA;MOBIGU COMERCIO DE MOVEIS LTDA;B.;REBECA VIEIRA XAVIER;DIVINOPOLIS;MG;BHZ;        384,34;     167,27;   54,100;   0,1500;   54,100;      0;      2;  ;;        ; HOJE 08:00;FND000592-4;35260907655407000287570020021412221007287800 ;         51,52;
DIQ;FND152815-7; N;08/09/2026;24/09/2026;   104277;            ;     ;MOBIGU COMERCIO DE MOVEIS LTDA;MOBIGU COMERCIO DE MOVEIS LTDA;B.;JOSE DE OLIVEIRA;ITAUNA;MG;BHZ;        189,75;     153,55;   44,600;   0,1500;   45,000;      0;      1;  ;;        ; HOJE 08:00;FND000592-4;35260907655407000287570020021412261007287841 ;         49,99;
DIQ;FND152819-0; N;08/09/2026;29/09/2026;   104279;            ;     ;MOBIGU COMERCIO DE MOVEIS LTDA;MOBIGU COMERCIO DE MOVEIS LTDA;B.;GILMARA CRISTINA XAVIER SILVA;ARCOS;MG;BHZ;        258,58;     217,72;   75,400;   0,2500;   75,400;      0;      2;  ;;        ; HOJE 08:00;FND000592-4;35260907655407000287570020021412331007287919 ;         70,89;
DIQ;FND152825-4; N;08/09/2026;29/09/2026;   104276;            ;     ;MOBIGU COMERCIO DE MOVEIS LTDA;MOBIGU COMERCIO DE MOVEIS LTDA;B.;RAUL GUALBERTO FERREIRA LOUREN;CARMO DA MATA;MG;BHZ;        231,69;     173,23;   65,000;   0,2000;   65,000;      0;      2;  ;;        ; HOJE 08:00;FND000592-4;35260907655407000287570020021412391007287971 ;         56,40;
DIQ;FND152836-0; N;08/09/2026;24/09/2026;    23349;            ;     ;AQUI MOVEIS COMERCIO VAREJISTA;AQUI MOVEIS COMERCIO VAREJISTA;C.;NICOLE;PARA DE MINAS;MG;BHZ;        822,69;     231,25;   30,000;   0,3200;   96,000;      0;      2;  ;;        ; HOJE 08:00;FND000592-4;35260907655407000287570020021412441007288021 ;         75,30;
DIQ;FND153641-9; N;09/09/2026;29/09/2026;     6370;            ;     ;INFOCELL PREMIUM LTDA;INFOCELL PREMIUM LTDA;A.;MARLI PEREIRA DOS SANTOS;LAGOA DA PRATA;MG;BHZ;        187,30;     206,89;   50,000;   0,3600;  108,000;      0;      3;  ;;        ; HOJE 08:00;FND000592-4;35260907655407000287570020021421641007304053 ;         67,36;
DIQ;FND153657-5; N;09/09/2026;28/09/2026;    19321;            ;     ;POLIZELLI MOVEIS E UTILIDADES;POLIZELLI MOVEIS E UTILIDADES;A.;JANE FLAVIA;OLIVEIRA;MG;BHZ;        169,90;     111,31;   19,000;   0,1000;   30,000;      0;      3;  ;;        ; HOJE 08:00;FND000592-4;35260907655407000287570020021421791007304200 ;         40,00;
DK4;B2S000021-3; N;31/08/2026;08/09/2026;   310826;            ;SLXRF;EXPRESSO RIO VERMELHO -BETIM;EXPRESSO RIO VERMELHO -BETIM;C.;EXPRESSO RIO VERMELHO -BETIM;SAO PAULO;SP;021;          0,01;       0,01;  100,000;   0,0000;  100,000;      3;      3;51;SOBRA DE MERCADORIA;02/09/26;;BH2000213-5; ;          0,00;
DRD;SJP151724-4; N;04/09/2026;21/09/2026;   132972;165441066234;     ;AMERICANFLEX IND REUNIDAS LTDA;AMERICANFLEX IND REUNIDAS LTDA;C2;DENISE ALCANTARA SANTANA;NAVIRAI;MS;05 ;      3.529,64;     742,70;  113,640;   1,5000;  450,000;      2;      2;83;CHEGADA NA UNIDADE INTERMEDIARIA ;09/09/26;;SJP000586-0;35260907655407000287570020021400911007270844 ;          0,00;
DRD;VIX032656-9; N;03/09/2026;17/09/2026;  3301563;29111117    ;     ;BELMICRO TECNOLOGIA S/A;BELMICRO TECNOLOGIA S/A;A.;THAMILLYS POLTRONIERI MENEGUET;GLORIA DE DOURADOS;MS;02 ;      1.221,99;     190,48;   29,600;   0,3810;  102,870;      0;      1;83;CHEGADA NA UNIDADE INTERMEDIARIA ;10/09/26;;VIX000373-5;32260907655407001844570010000337331007257041 ;          0,00;
DRD;VIX032662-3; N;03/09/2026;17/09/2026;  3302875;29116581    ;     ;BELMICRO TECNOLOGIA S/A;BELMICRO TECNOLOGIA S/A;A.;RIZELDA NASCIMENTO PEREIRA NUL;PONTA PORA;MS;04 ;      1.110,96;     122,00;   17,730;   0,1762;   47,574;      0;      1;83;CHEGADA NA UNIDADE INTERMEDIARIA ;10/09/26;;VIX000373-5;32260907655407001844570010000337641007257358 ;          0,00;
DRD;VIX032672-1; N;03/09/2026;17/09/2026;    47911;29115811    ;     ;BELMICRO TECNOLOGIA S/A;BELMICRO TECNOLOGIA S/A;A.;CALDERAN MOVEIS DE MARACAJU LT;MARACAJU;MS;03 ;     16.438,73;   2.155,80;  384,000;   5,0703; 1368,981;      0;     12;83;CHEGADA NA UNIDADE INTERMEDIARIA ;10/09/26;;VIX000373-5;32260907655407001844570010000337851007257560 ;          0,00;
DRD;SAO153905-1; N;10/09/2026;21/09/2026;    45521;            ;     ;EPOCH MAGIA IMP DIST DE BRINQU;EPOCH MAGIA IMP DIST DE BRINQU;B.;EDENE APARECIDA PRIMO;NAVIRAI;MS;05 ;      2.797,76;     202,89;   12,466;   0,2445;   61,125;      0;      3;80;CTRC EMITIDO;10/09/26;;;35260907655407000287570020021427971007314605 ;          0,00;
DRD;SAO154266-4; N;10/09/2026;22/09/2026;  1385112;109194041   ;     ;BRS SP SUPRIMENTOS CORPORATIVO;BRS SP SUPRIMENTOS CORPORATIVO;A1;LOJAS AVENIDA S.A;NAVIRAI;MS;05 ;        718,75;      96,83;   26,960;   0,0701;   26,960;      0;      4;80;CTRC EMITIDO;10/09/26;;;35260907655407000287570020021434011007326201 ;          0,00;
DRD;SAO154305-9; N;11/09/2026;17/09/2026;  1389684;109190971   ;     ;BRS SP SUPRIMENTOS CORPORATIVO;BRS SP SUPRIMENTOS CORPORATIVO;A1;RI HAPPY BRINQUEDOS LTDA LJ. 1;DOURADOS;MS;01 ;      1.140,83;     105,38;   59,570;   0,1544;   59,570;      0;      9;80;CTRC EMITIDO;11/09/26;;;35260907655407000287570020021435171007327564 ;          0,00;
DRD;SAO154315-6; N;11/09/2026;22/09/2026;    60322;            ;XFKEV;MOVEIS DALLA COSTA LTDA;HB TRANSPORTES E LOGISTICA EIR;A2;RAFAELA SANTOS VIDAL DE ARRUDA;FATIMA DO SUL;MS;02 ;      3.024,43;     142,83;   72,900;   0,2090;   72,900;      0;      5;80;CTRC EMITIDO;11/09/26;;;35260907655407000287570020021435721007328171 ;          0,00;
DRD;SAO154483-7; N;10/09/2026;22/09/2026;      272;            ;     ;ARQUITETA PRI BARBOSA EQUIP PA;ARQUITETA PRI BARBOSA EQUIP PA;C3;KYARA SCHMIDT;CORONEL SAPUCAIA;MS;04 ;      2.000,00;     749,83;   50,000;   1,5298;  458,940;      0;      1;95;ATENDIMENTO/ INFORMACOES/ TRATATIVAS INTERNAS;11/09/26;;;35260907655407000287570020021434281007326477 ;          0,00;
DRD;SAO154566-3; N;10/09/2026;22/09/2026;     1579;            ;     ;ACAO SOCIAL CLARETIANA;ACAO SOCIAL CLARETIANA;B.;MITRA DIOCESANA DE DOURADOS;CAARAPO;MS;05 ;      3.294,99;     156,77;   37,230;   0,0795;   37,230;      0;      2;80;CTRC EMITIDO;10/09/26;;;35260907655407000287570020021432241007323923 ;          0,00;
DRD;SAO154751-8; N;11/09/2026;17/09/2026;    93393;            ;     ;TIRRENO IND E COM DE PRODUTOS;TIRRENO IND E COM DE PRODUTOS;B.;053634/01 - DOURAGRAND VEICULO;DOURADOS;MS;01 ;        572,67;     109,80;   13,900;   0,0075;   13,900;      0;      1;80;CTRC EMITIDO;11/09/26;;;35260907655407000287570020021435861007328312 ;          0,00;
DRD;SAO154879-4; N;11/09/2026;22/09/2026;  3052190*;            ;     ;LORENZETTI SA INDS BRASILEIRAS;LORENZETTI SA INDS BRASILEIRAS;A2;PONTO DOS REPAROS LTDA;NOVA ANDRADINA;MS;02 ;      5.803,21;     230,69;   33,194;   0,3644;   91,100;      0;     14;80;CTRC EMITIDO;11/09/26;;;35260907655407000287570020021437131007329828 ;          0,00;
DRD;SAS028011-9; N;09/09/2026;31/12/2050;        1;            ;TIT  ;EXPRESSO RIO VERMELHO;EXPRESSO RIO VERMELHO;.3;EXPRESSO RIO VERMELHO TRANSPOR;DOURADOS;MS;01 ;         10,00;       0,01;    0,200;   0,0000;    0,200;      0;      1;80;CTRC EMITIDO;09/09/26;;; ;          0,00;
DRD;FND151771-6; N;04/09/2026;16/09/2026;    11870;            ;     ;START HOME SHOP COMERCIO DE MO;START HOME SHOP COMERCIO DE MO;C.;ELIAS PAULO ZURI NETO (ZURINET;DOURADOS;MS;01 ;        832,06;     256,73;   54,800;   0,4000;  120,000;      0;      3;  ;;        ; HOJE 08:00;FND000592-4;35260907655407000287570020021401431007272080 ;          0,00;
DRD;FND153530-7; N;09/09/2026;23/09/2026;    16270;            ;     ;ESTOFADOS PEROLA DO BRASIL LTD;ESTOFADOS PEROLA DO BRASIL LTD;B.;VANIA CARNAROLLI;GLORIA DE DOURADOS;MS;02 ;      1.452,81;     450,00;   34,000;   1,0000;  300,000;      0;      1;  ;;        ; HOJE 08:00;FND000592-4;35260907655407000287570020021421461007303504 ;          0,00;
DRD;FND153674-5; N;09/09/2026;18/09/2026;   104381;            ;     ;MOBIGU COMERCIO DE MOVEIS LTDA;MOBIGU COMERCIO DE MOVEIS LTDA;B.;FERNANDO DOS SANTOS;DOURADOS;MS;01 ;        611,58;     185,55;   54,100;   0,1500;   54,100;      0;      2;  ;;        ; HOJE 08:00;FND000592-4;35260907655407000287570020021421941007304354 ;          0,00;
DRD;VIX032882-1; N;04/09/2026;18/09/2026;   982880;            ;     ;WEBCONTINENTAL LTDA;WEBCONTINENTAL LTDA;A1;JOAO FERNANDO ZACCARIAS INOJOZ;MARACAJU;MS;03 ;      2.041,07;     206,06;   36,000;   0,2300;   46,000;      0;      2;  ;;        ; HOJE 13:01;VIX000375-1;32260907655407001844570010000338931007271668 ;          0,00;
DRD;VIX032960-6; N;08/09/2026;18/09/2026;  3309672;29138264    ;     ;BELMICRO TECNOLOGIA S/A;BELMICRO TECNOLOGIA S/A;A.;ALEXANDRE GONZALEZ DE OLIVEIRA;PONTA PORA;MS;04 ;      1.231,26;     154,36;   26,000;   0,2533;   68,391;      0;      1;  ;;        ; HOJE 13:01;VIX000375-1;32260907655407001844570010000341931007290464 ;          0,00;
DRD;VIX032963-1; N;08/09/2026;18/09/2026;  3308018;29134449    ;     ;BELMICRO TECNOLOGIA S/A;BELMICRO TECNOLOGIA S/A;A.;CINTIA ALES NULL;ITAPORA;MS;03 ;      1.695,07;     214,83;   31,000;   0,4355;  117,585;      0;      1;  ;;        ; HOJE 13:01;VIX000375-1;32260907655407001844570010000342001007290533 ;          0,00;
DRD;VIX032971-1; N;08/09/2026;15/09/2026;  3308625;29135964    ;     ;BELMICRO TECNOLOGIA S/A;BELMICRO TECNOLOGIA S/A;A.;EDYARA DELEVATTI CASTRO NULL;DOURADOS;MS;01 ;      1.268,90;     192,49;   29,000;   0,3853;  104,031;      0;      1;  ;;        ; HOJE 13:01;VIX000375-1;32260907655407001844570010000342051007290580 ;          0,00;
DRD;VIX032975-4; N;08/09/2026;18/09/2026;  3310505;29140429    ;     ;BELMICRO TECNOLOGIA S/A;BELMICRO TECNOLOGIA S/A;A.;EDUARDO JOSE DA SILVA NULL;IVINHEMA;MS;02 ;      2.010,75;     213,36;   38,000;   0,4237;  114,399;      0;      1;  ;;        ; HOJE 13:01;VIX000375-1;32260907655407001844570010000342091007290628 ;          0,00;
DRD;VIX032982-7; N;08/09/2026;18/09/2026;  3311517;29142627    ;     ;BELMICRO TECNOLOGIA S/A;BELMICRO TECNOLOGIA S/A;A.;EVERTON NOGUEIRA LEITE NULL;ANGELICA;MS;02 ;        867,96;     143,15;   17,000;   0,2023;   54,621;      0;      1;  ;;        ; HOJE 13:01;VIX000375-1;32260907655407001844570010000342181007290716 ;          0,00;
DRD;VIX032984-3; N;08/09/2026;18/09/2026;  3310741;29140871    ;     ;BELMICRO TECNOLOGIA S/A;BELMICRO TECNOLOGIA S/A;A.;ISABELY MENDONZA NULL;FATIMA DO SUL;MS;02 ;      1.342,80;     211,63;   31,000;   0,4355;  117,585;      0;      1;  ;;        ; HOJE 13:01;VIX000375-1;32260907655407001844570010000342201007290730 ;          0,00;
DRD;VIX032987-8; N;08/09/2026;18/09/2026;  3310546;29140472    ;     ;BELMICRO TECNOLOGIA S/A;BELMICRO TECNOLOGIA S/A;A.;SILVANA VITOR DE CASTILHO NULL;PONTA PORA;MS;04 ;      3.778,90;     339,92;   72,000;   0,7241;  195,507;      0;      1;  ;;        ; HOJE 13:01;VIX000375-1;32260907655407001844570010000342211007290746 ;          0,00;
DRD;VIX033044-2; N;08/09/2026;16/09/2026;  3315223;29156835    ;     ;BELMICRO TECNOLOGIA S/A;BELMICRO TECNOLOGIA S/A;A.;DAIS REZENDE SILVA NULL;DOURADOS;MS;01 ;      2.787,43;     278,09;   55,000;   0,5805;  156,735;      0;      1;  ;;        ; HOJE 13:01;VIX000375-1;32260907655407001844570010000341601007290137 ;          0,00;
DRD;VIX033049-3; N;08/09/2026;16/09/2026;  3313068;29148610    ;     ;BELMICRO TECNOLOGIA S/A;BELMICRO TECNOLOGIA S/A;A.;EDGAR VIEIRA SANTOS NULL;DOURADOS;MS;01 ;        365,95;     146,50;    9,000;   0,2274;   61,398;      0;      1;  ;;        ; HOJE 13:01;VIX000375-1;32260907655407001844570010000342621007291150 ;          0,00;
DRD;VIX033105-8; N;08/09/2026;16/09/2026;   984759;            ;     ;WEBCONTINENTAL LTDA;WEBCONTINENTAL LTDA;A1;LUIZ NORBERTO;DOURADOS;MS;01 ;      2.060,13;     206,20;   35,000;   0,2300;   46,000;      0;      2;  ;;        ; HOJE 13:01;VIX000375-1;32260907655407001844570010000340761007289044 ;          0,00;
DRD;VIX033153-8; N;08/09/2026;16/09/2026;  2849952;            ;     ;WEBCONTINENTAL LTDA;WEBCONTINENTAL LTDA;A1;REINILDA THOMAZINI;DOURADOS;MS;01 ;      2.899,00;     254,89;   41,800;   0,2900;   58,000;      0;      2;  ;;        ; HOJE 13:01;VIX000375-1;32260907655407001844570010000341191007289477 ;          0,00;
DRD;VIX033170-8; N;08/09/2026;16/09/2026;  2851432;            ;     ;WEBCONTINENTAL LTDA;WEBCONTINENTAL LTDA;A1;MARLOS FRANCO BERNARDI;DOURADOS;MS;01 ;      3.196,41;     257,25;   32,500;   0,3300;   66,000;      0;      2;  ;;        ; HOJE 13:01;VIX000375-1;32260907655407001844570010000341381007289669 ;          0,00;
FEC;SAO151589-6; N;08/09/2026;14/09/2026;   834458*;AA5216      ;     ;BRASILUX TINTAS TECNICAS LTDA;MAISCOR TINTAS LTDA;B2;MAISCOR TINTAS LTDA;RONDONOPOLIS;MT;01 ;    159.031,91;  11.853,98; 9766,880;  18,2900; 9766,880;      0;    824;80;CTRC EMITIDO;08/09/26;;;35260907655407000287570020021413841007292585 ;          0,00;
FEC;SAO151605-1; N;08/09/2026;14/09/2026;   834457*;AA5219      ;     ;BRASILUX TINTAS TECNICAS LTDA;MAISCOR TINTAS LTDA;B2;MAISCOR TINTAS LTDA;RONDONOPOLIS;MT;02 ;    152.001,59;  12.937,01;10821,570;  16,0425;10821,570;      0;    696;80;CTRC EMITIDO;08/09/26;;;35260907655407000287570020021413821007292564 ;          0,00;
FEC;SAO153619-2; N;10/09/2026;30/09/2026;   112358;0081459430  ;     ;ENVISION IND DE PROD ELETRONIC;ENVISION IND DE PROD ELETRONIC;A2;MAGAZINE LUIZA S/A;BENEVIDES;PA;N  ;    684.708,94;  58.939,27; 4716,460;  42,2540;12676,200;      0;    571;80;CTRC EMITIDO;10/09/26;;;35260907655407000287570020021427691007314295 ;          0,00;
FEC;SAO154800-0; N;11/09/2026;22/09/2026;   358188*;113824213   ;     ;DIVERSEY BRASIL INDUSTRIA QUIM;DIVERSEY BRASIL INDUSTRIA QUIM;A2;BRF S.A;NOVA MUTUM;MT;784;     71.056,75;  14.269,33; 9281,500;  11,2800; 9281,500;      0;     31;80;CTRC EMITIDO;11/09/26;;;35260907655407000287570020021436311007328972 ;          0,00;
FND;BHE033477-4; N;24/07/2026;05/08/2026;    78018;            ;     ;THIAGO LIMA GUEDES DE SOUZA (L;VITAL ESPORTE LTDA-ME;C.;VITAL ESPORTE LTDA-ME;ESTRELA D OESTE;SP;SJR;      1.140,00;       0,01;   54,000;   0,0000;   54,000;      0;      4;50;FALTA DE MERCADORIA;26/08/26;;BH2000118-0;31260707655407001097570100000555541006750567 ;          0,01;
FND;BH2033758-7; D;11/08/2026;25/08/2026;     4857;            ;     ;WANDERSON CORREA BRITO;J A OUTLET COMERCIO DE MOVEIS;B.;J A OUTLET COMERCIO DE MOVEIS;VALENTIM GENTIL;SP;SJR;      3.082,44;     984,01;   58,200;   1,8000;  540,000;      0;      2;86;ESTORNO DE BAIXA/ENTREGA;10/09/26;;BH2000155-4;31260807655407001097570100000559051006956387 ;        216,48;
FND;BHZ033813-3; D;14/08/2026;28/08/2026;    99860;            ;     ;MARIA DAIANE SOARES DE ALMEIDA;MOBIGU COMERCIO DE MOVEIS LTDA;B.;MOBIGU COMERCIO DE MOVEIS LTDA;VALENTIM GENTIL;SP;SJR;        301,97;     232,11;   54,100;   0,1500;   54,100;      0;      2;86;ESTORNO DE BAIXA/ENTREGA;10/09/26;;BH2000155-4;31260807655407001097570100000559921007007406 ;         51,07;
FND;BH2033959-8; D;28/08/2026;14/09/2026;    18190;            ;     ;TALITA GOMES VIEIRA;POLIZELLI MOVEIS E UTILIDADES;A.;POLIZELLI MOVEIS E UTILIDADES;VALENTIM GENTIL;SP;SJR;        182,30;     117,17;   47,000;   0,0000;   47,000;      0;      1;83;CHEGADA NA UNIDADE INTERMEDIARIA ;04/09/26;;BH2000182-1;31260807655407001097570100000562351007175546 ;         25,78;
FND;UDI033968-7; N;28/08/2026;11/09/2026;    20008;            ;     ;EULER FERNANDES DA SILVA FILHO;AQUI MOVEIS COMERCIO VAREJISTA;C.;AQUI MOVEIS COMERCIO VAREJISTA;VALENTIM GENTIL;SP;SJR;      1.452,87;       0,01;   70,000;   0,0000;   70,000;      0;      2;83;CHEGADA NA UNIDADE INTERMEDIARIA ;04/09/26;;UDI002586-1;31260807655407001097570100000562471007182080 ;          0,01;
FND;CBA017608-7; D;31/08/2026;14/09/2026;     3798;            ;     ;MICHELE SIQUEIRA;LUME MOBILIA   ( MONTESSINO ST;B.;LUME MOBILIA   ( MONTESSINO ST;VALENTIM GENTIL;SP;SJR;        893,10;     183,05;   29,000;   0,0750;   29,000;      0;      1;  ;;        ; HOJE 15:59;CBA006632-0;51260807655407000368570020000174941007196157 ;         40,27;
FND;BSB128018-0; N;02/09/2026;16/09/2026;     1144;            ;     ;MARIA APARECIDA ALVES DE JESUS;ESSENCIAL DETALHE LTDA;C.;ESSENCIAL DETALHE LTDA;VALENTIM GENTIL;SP;SJR;        304,22;       0,01;   51,100;   0,0000;   51,100;      0;      3;  ;;        ; HOJE 17:49;GYN023933-0;52260907655407000449570040001016261007233221 ;          0,01;
FRA;GYN127649-2; N;31/08/2026;14/09/2026;  4359611;            ;     ;RUA RUI BARBOSA QUADRA 134 LOT;PALACIO DAS FERRAMENTAS E PARA;A.;PALACIO DAS FERRAMENTAS E PARA;FRANCA;SP;SAO;        982,20;     103,98;   12,700;   0,0000;   12,700;      0;      1;83;CHEGADA NA UNIDADE INTERMEDIARIA ;04/09/26;;GYN023844-9;52260807655407000449570040001014831007197685 ;         22,88;
FRA;UDI033846-0; D;19/08/2026;01/09/2026;  4351144;            ;     ;JAIRO DO NASCIMENTO DAMASCENO ;PALACIO DAS FERRAMENTAS E PARA;A.;PALACIO DAS FERRAMENTAS E PARA;FRANCA;SP;SAO;      2.643,69;     191,08;   44,000;   0,0000;   44,000;      1;      1;83;CHEGADA NA UNIDADE INTERMEDIARIA ;25/08/26;;RAO001485-1;31260807655407001097570100000560501007057743 ;         42,04;
FRA;UDI033855-9; D;19/08/2026;01/09/2026;  4299981;            ;     ;LEANDRO RODRIGUES;PALACIO DAS FERRAMENTAS E PARA;A.;PALACIO DAS FERRAMENTAS E PARA;FRANCA;SP;SAO;      3.953,53;     231,26;   82,000;   0,0000;   82,000;      2;      1;98;PENDENCIA/ RECLAMACAO SOLUCIONADA;09/09/26;;UDI002567-4;31260807655407001097570100000560591007060421 ;         50,88;
FRA;BSB128206-9; D;04/09/2026;18/09/2026;   328216;            ;     ;VISUAL HOTEIS E TURISMO LTDA;HARUS IND E COM DE COSMETICOS;B.;HARUS IND E COM DE COSMETICOS;FRANCA;SP;SAO;      8.462,63;     236,44;  132,084;   0,0000;  132,084;      0;     27;  ;;        ; HOJE 17:49;GYN023933-0;52260907655407000449570040001017411007267268 ;         52,02;
GI5;CWB011891-5; N;04/09/2026;22/09/2026;  7429360;134185430000;     ;LOJA ELECTROLUX COM VIRTUAL DE;LOJA ELECTROLUX COM VIRTUAL DE;A.;MARINA CORDEIRO DA SILVA;SAO JOAO D ALIANCA;GO;AL2;      3.258,96;     393,28;   67,500;   1,0130;  253,250;      1;      1;83;CHEGADA NA UNIDADE INTERMEDIARIA ;09/09/26;;CWB000483-9;41260907655407001763570010000118311007269741 ;         60,11;
GI5;CWB011949-1; N;09/09/2026;24/09/2026;  7432219;134216370000;     ;LOJA ELECTROLUX COM VIRTUAL DE;LOJA ELECTROLUX COM VIRTUAL DE;A.;MARLENE ROCHA DOS SANTOS;IPORA;GO;RIT;      4.106,29;     380,05;   72,000;   0,9910;  247,750;      1;      1;83;CHEGADA NA UNIDADE INTERMEDIARIA ;10/09/26;;CWB000485-5;41260907655407001763570010000118861007307366 ;         59,44;
GI5;CWB011957-1; N;09/09/2026;22/09/2026;  7432234;134216370000;     ;LOJA ELECTROLUX COM VIRTUAL DE;LOJA ELECTROLUX COM VIRTUAL DE;A.;JULIA DE ALMEIDA MAIA;INHUMAS;GO;VAL;      3.285,16;     301,90;   67,500;   1,0130;  253,250;      1;      1;83;CHEGADA NA UNIDADE INTERMEDIARIA ;10/09/26;;CWB000485-5;41260907655407001763570010000118941007307449 ;         46,57;
GI5;VIX032279-2; N;01/09/2026;16/09/2026;  3296141;29087720    ;     ;BELMICRO TECNOLOGIA S/A;BELMICRO TECNOLOGIA S/A;A.;CARLOS BRAZ NULL;SILVANIA;GO;NWF;      2.008,51;     149,14;   31,200;   0,1949;   52,623;      2;      2;83;CHEGADA NA UNIDADE INTERMEDIARIA ;09/09/26;;VIX000372-7;32260907655407001844570010000331521007219878 ;         44,45;
GI5;VIX032417-5; N;03/09/2026;16/09/2026;  3297081;29091237    ;     ;BELMICRO TECNOLOGIA S/A;BELMICRO TECNOLOGIA S/A;A.;ROMEU MULLER NULL;POSSE;GO;AL2;      4.487,90;     201,01;   48,000;   0,2601;   70,227;      2;      2;83;CHEGADA NA UNIDADE INTERMEDIARIA ;09/09/26;;VIX000372-7;32260907655407001844570010000337051007256768 ;         44,45;
GI5;VIX032425-6; N;03/09/2026;15/09/2026;  3298717;29096941    ;     ;BELMICRO TECNOLOGIA S/A;BELMICRO TECNOLOGIA S/A;A.;LENIVALDO RODRIGUES DE MIRANDA;GOIANESIA;GO;GYN;      1.773,99;     121,00;   32,000;   0,0207;   32,000;      2;      2;83;CHEGADA NA UNIDADE INTERMEDIARIA ;09/09/26;;VIX000372-7;32260907655407001844570010000337121007256835 ;         44,45;
GI5;VIX032448-5; N;03/09/2026;16/09/2026;  3299544;29102548    ;     ;BELMICRO TECNOLOGIA S/A;BELMICRO TECNOLOGIA S/A;A.;LAIS NAO INFORMADO NULL;NEROPOLIS;GO;VAL;      2.266,57;     273,28;   41,000;   0,5393;  145,611;      1;      1;83;CHEGADA NA UNIDADE INTERMEDIARIA ;09/09/26;;VIX000372-7;32260907655407001844570010000336781007256491 ;         60,12;
GI5;VIX032455-8; N;03/09/2026;16/09/2026;  3299726;29103446    ;     ;BELMICRO TECNOLOGIA S/A;BELMICRO TECNOLOGIA S/A;A.;LORRAYNE FERREIRA SILVA ROSA M;CASTELANDIA;GO;IVC;      1.074,68;     121,52;   48,080;   0,1532;   48,080;      1;      1;83;CHEGADA NA UNIDADE INTERMEDIARIA ;09/09/26;;VIX000372-7;32260907655407001844570010000336971007256683 ;         44,45;
GI5;VIX032498-1; N;03/09/2026;14/09/2026;  3299816;29104716    ;     ;BELMICRO TECNOLOGIA S/A;BELMICRO TECNOLOGIA S/A;A.;MARCO AURELIO ALVES PEREIRA NU;TRINDADE;GO;753;      2.049,37;     225,40;   38,000;   0,4237;  114,399;      1;      1;83;CHEGADA NA UNIDADE INTERMEDIARIA ;09/09/26;;VIX000372-7;32260907655407001844570010000337991007257701 ;         49,59;
GI5;VIX032627-5; N;03/09/2026;17/09/2026;  3300759;29109229    ;     ;BELMICRO TECNOLOGIA S/A;BELMICRO TECNOLOGIA S/A;A.;IRON ALVES PEREIRA NULL;CAMPOS BELOS;GO;AL2;      2.114,03;     124,09;   32,000;   0,0207;   32,000;      2;      2;83;CHEGADA NA UNIDADE INTERMEDIARIA ;09/09/26;;VIX000372-7;32260907655407001844570010000337391007257100 ;         44,45;
GI5;VIX032689-5; N;03/09/2026;18/09/2026;   980865;            ;     ;WEBCONTINENTAL LTDA;WEBCONTINENTAL LTDA;A1;ALINE APARECIDA DE FREITAS;ORIZONA;GO;CW3;      2.413,84;     130,02;   26,000;   0,1900;   38,000;      2;      2;83;CHEGADA NA UNIDADE INTERMEDIARIA ;09/09/26;;VIX000372-7;32260907655407001844570010000336191007254870 ;         44,45;
GI5;VIX032692-5; N;03/09/2026;17/09/2026;   980981;            ;     ;WEBCONTINENTAL LTDA;WEBCONTINENTAL LTDA;A1;LAASE DO NASCIMENTO CABRAL;CAMPOS BELOS;GO;AL2;      2.535,69;     130,99;   30,100;   0,2200;   44,000;      2;      2;83;CHEGADA NA UNIDADE INTERMEDIARIA ;09/09/26;;VIX000372-7;32260907655407001844570010000336281007254969 ;         44,45;
GI5;VIX032695-0; N;03/09/2026;18/09/2026;   980992;            ;     ;WEBCONTINENTAL LTDA;WEBCONTINENTAL LTDA;A1;LUIS FELIPE;URUANA;GO;VAL;      2.282,32;     128,98;   35,000;   0,2300;   46,000;      2;      2;83;CHEGADA NA UNIDADE INTERMEDIARIA ;09/09/26;;VIX000372-7;32260907655407001844570010000336251007254932 ;         44,45;
GI5;VIX032696-8; N;03/09/2026;17/09/2026;   981071;            ;     ;WEBCONTINENTAL LTDA;WEBCONTINENTAL LTDA;A1;GRACIANE;POSSE;GO;AL2;      2.418,24;     130,06;   30,100;   0,2200;   44,000;      2;      2;83;CHEGADA NA UNIDADE INTERMEDIARIA ;09/09/26;;VIX000372-7;32260907655407001844570010000336321007255003 ;         44,45;
GI5;VIX032698-4; N;03/09/2026;17/09/2026;   981114;            ;     ;WEBCONTINENTAL LTDA;WEBCONTINENTAL LTDA;A1;ANDERSON 3;POSSE;GO;AL2;      2.386,11;     129,80;   30,900;   0,1900;   38,000;      2;      2;83;CHEGADA NA UNIDADE INTERMEDIARIA ;09/09/26;;VIX000372-7;32260907655407001844570010000336341007255024 ;         44,45;
GI5;VIX032700-0; N;03/09/2026;18/09/2026;   981139;            ;     ;WEBCONTINENTAL LTDA;WEBCONTINENTAL LTDA;A1;LEANDRO GONCALVES MACHADO;ORIZONA;GO;CW3;      2.275,06;     128,92;   30,900;   0,1900;   38,000;      2;      2;83;CHEGADA NA UNIDADE INTERMEDIARIA ;09/09/26;;VIX000372-7;32260907655407001844570010000336361007255045 ;         44,45;
GI5;VIX032708-5; N;03/09/2026;17/09/2026;   981384;            ;     ;WEBCONTINENTAL LTDA;WEBCONTINENTAL LTDA;A1;ANILTON GODOY;BURITI DE GOIAS;GO;SPR;      2.282,32;     128,98;   35,000;   0,2300;   46,000;      2;      2;83;CHEGADA NA UNIDADE INTERMEDIARIA ;09/09/26;;VIX000372-7;32260907655407001844570010000336441007255128 ;         44,45;
GI5;VIX032709-3; N;03/09/2026;17/09/2026;   981391;            ;     ;WEBCONTINENTAL LTDA;WEBCONTINENTAL LTDA;A1;ANA CLARA ARAUJO;POSSE;GO;AL2;      2.398,86;     129,90;   30,900;   0,1900;   38,000;      2;      2;83;CHEGADA NA UNIDADE INTERMEDIARIA ;09/09/26;;VIX000372-7;32260907655407001844570010000336391007255071 ;         44,45;
GI5;VIX032712-3; N;03/09/2026;17/09/2026;   981457;            ;     ;WEBCONTINENTAL LTDA;WEBCONTINENTAL LTDA;A1;APARECIDO FRANCISCO DOURADO;POSSE;GO;AL2;      2.532,78;     130,97;   30,700;   0,2200;   44,000;      2;      2;83;CHEGADA NA UNIDADE INTERMEDIARIA ;09/09/26;;VIX000372-7;32260907655407001844570010000336481007255160 ;         44,45;
GI5;VIX032714-0; N;03/09/2026;17/09/2026;   981512;            ;     ;WEBCONTINENTAL LTDA;WEBCONTINENTAL LTDA;A1;INGRID DAIANE;ARENOPOLIS;GO;RIT;      2.282,32;     128,98;   35,000;   0,2300;   46,000;      2;      2;83;CHEGADA NA UNIDADE INTERMEDIARIA ;09/09/26;;VIX000372-7;32260907655407001844570010000336501007255184 ;         44,45;
GI5;VIX032718-2; N;03/09/2026;17/09/2026;   981615;            ;     ;WEBCONTINENTAL LTDA;WEBCONTINENTAL LTDA;A1;ROBSON DOS SANTOS;POSSE;GO;AL2;      2.474,79;     130,50;   36,800;   0,2200;   44,000;      2;      2;83;CHEGADA NA UNIDADE INTERMEDIARIA ;09/09/26;;VIX000372-7;32260907655407001844570010000336541007255221 ;         44,45;
GI5;VIX032719-1; N;03/09/2026;17/09/2026;   981667;            ;     ;WEBCONTINENTAL LTDA;WEBCONTINENTAL LTDA;A1;RODRIGO MENEZES;PIRES DO RIO;GO;CW3;      2.260,00;     128,80;   30,900;   0,1900;   38,000;      2;      2;83;CHEGADA NA UNIDADE INTERMEDIARIA ;09/09/26;;VIX000372-7;32260907655407001844570010000336491007255175 ;         44,45;
GI5;VIX032722-1; N;03/09/2026;17/09/2026;   981732;            ;     ;WEBCONTINENTAL LTDA;WEBCONTINENTAL LTDA;A1;GILBERTO LANDIM;ALTO PARAISO DE GOIAS;GO;AL2;      2.322,30;     129,30;   36,800;   0,2200;   44,000;      2;      2;83;CHEGADA NA UNIDADE INTERMEDIARIA ;09/09/26;;VIX000372-7;32260907655407001844570010000336571007255258 ;         44,45;
GI5;VIX032749-2; N;03/09/2026;17/09/2026;   719709;            ;     ;FRIGELAR COMERCIO E INSDUSTRIA;FRIGELAR COMERCIO E INSDUSTRIA;A1;OTONIEL LOPES SIQUEIRA JUNIOR;POSSE;GO;AL2;      2.695,00;     241,68;   42,900;   0,3580;  107,400;      2;      2;83;CHEGADA NA UNIDADE INTERMEDIARIA ;09/09/26;;VIX000372-7;32260907655407001844570010000338071007257969 ;         53,17;
GI5;VIX032751-4; N;03/09/2026;16/09/2026;   719712;            ;     ;FRIGELAR COMERCIO E INSDUSTRIA;FRIGELAR COMERCIO E INSDUSTRIA;A1;ERNANI RODRIGUES;GOIANESIA;GO;GYN;      2.197,87;     216,81;   32,900;   0,2488;   74,640;      2;      2;83;CHEGADA NA UNIDADE INTERMEDIARIA ;09/09/26;;VIX000372-7;32260907655407001844570010000338091007257980 ;         47,70;
GI5;VIX032759-0; N;03/09/2026;17/09/2026;  2845119;            ;     ;WEBCONTINENTAL LTDA;WEBCONTINENTAL LTDA;A1;MARTA MARIA ALVES MARQUES;DIVINOPOLIS DE GOIAS;GO;AL2;      2.799,00;     155,34;   41,800;   0,2900;   58,000;      2;      2;83;CHEGADA NA UNIDADE INTERMEDIARIA ;09/09/26;;VIX000372-7;32260907655407001844570010000338171007258066 ;         44,45;
GI5;VIX032761-1; N;03/09/2026;17/09/2026;  2845193;            ;     ;WEBCONTINENTAL LTDA;WEBCONTINENTAL LTDA;A1;WALLACE WALKER LIMA;POSSE;GO;AL2;      1.191,60;     142,56;   26,200;   0,3500;   70,000;      1;      1;83;CHEGADA NA UNIDADE INTERMEDIARIA ;09/09/26;;VIX000372-7;32260907655407001844570010000338191007258087 ;         44,45;
GI5;VIX032762-0; N;03/09/2026;17/09/2026;  2845194;            ;     ;WEBCONTINENTAL LTDA;WEBCONTINENTAL LTDA;A1;OLAIR GOMES NASCIMENTO FILHO;GOIAS;GO;IVC;      2.789,00;     155,26;   41,800;   0,2900;   58,000;      2;      2;83;CHEGADA NA UNIDADE INTERMEDIARIA ;09/09/26;;VIX000372-7;32260907655407001844570010000338241007258133 ;         44,45;
GI5;VIX032770-1; N;03/09/2026;17/09/2026;  2846184;            ;     ;WEBCONTINENTAL LTDA;WEBCONTINENTAL LTDA;A1;GENILTON DA CONCEICAO SILVA;POSSE;GO;AL2;      1.188,30;     142,53;   26,200;   0,3500;   70,000;      1;      1;83;CHEGADA NA UNIDADE INTERMEDIARIA ;09/09/26;;VIX000372-7;32260907655407001844570010000338321007258216 ;         44,45;
GI5;VIX032771-9; N;03/09/2026;17/09/2026;  2846186;            ;     ;WEBCONTINENTAL LTDA;WEBCONTINENTAL LTDA;A1;ALINE APARECIDA SILVA;MAURILANDIA;GO;IVC;      1.203,30;     142,65;   26,200;   0,3500;   70,000;      1;      1;83;CHEGADA NA UNIDADE INTERMEDIARIA ;09/09/26;;VIX000372-7;32260907655407001844570010000338291007258180 ;         44,45;
GI5;VIX032779-4; N;03/09/2026;16/09/2026;  2846367;            ;     ;WEBCONTINENTAL LTDA;WEBCONTINENTAL LTDA;A1;LORENA PEREIRA DOS SANTOS;GOIANESIA;GO;GYN;      2.559,89;     131,18;   28,200;   0,2100;   42,000;      2;      2;83;CHEGADA NA UNIDADE INTERMEDIARIA ;09/09/26;;VIX000372-7;32260907655407001844570010000338371007258263 ;         44,45;
GI5;VIX032781-6; N;03/09/2026;17/09/2026;  2846389;            ;     ;WEBCONTINENTAL LTDA;WEBCONTINENTAL LTDA;A1;KARITA LORRANA FRANCO BARBOSA;CEZARINA;GO;LCE;      1.873,71;     125,73;   27,500;   0,1800;   36,000;      2;      2;83;CHEGADA NA UNIDADE INTERMEDIARIA ;09/09/26;;VIX000372-7;32260907655407001844570010000338391007258284 ;         44,45;
GI5;VIX032786-7; N;03/09/2026;17/09/2026;  2846569;            ;     ;WEBCONTINENTAL LTDA;WEBCONTINENTAL LTDA;A1;ALEXANDER ALMEIDA;SITIO D ABADIA;GO;AL2;      2.899,00;     156,14;   41,800;   0,2900;   58,000;      2;      2;83;CHEGADA NA UNIDADE INTERMEDIARIA ;09/09/26;;VIX000372-7;32260907655407001844570010000338481007258372 ;         44,45;
GI5;VIX032789-1; N;03/09/2026;17/09/2026;  2846611;            ;     ;WEBCONTINENTAL LTDA;WEBCONTINENTAL LTDA;A1;SABRINAKLIBAR SABRINAKLIBAR;VIANOPOLIS;GO;NWF;      1.679,49;     124,18;   27,500;   0,1800;   36,000;      2;      2;83;CHEGADA NA UNIDADE INTERMEDIARIA ;09/09/26;;VIX000372-7;32260907655407001844570010000338471007258367 ;         44,45;
GI5;VIX032799-9; N;04/09/2026;18/09/2026;  3304267;29122009    ;     ;BELMICRO TECNOLOGIA S/A;BELMICRO TECNOLOGIA S/A;A.;ROMULO ROGERIO CANHETE NULL;NOVA CRIXAS;GO;VAL;        705,90;     111,30;   33,140;   0,1089;   33,140;      1;      1;83;CHEGADA NA UNIDADE INTERMEDIARIA ;09/09/26;;VIX000372-7;32260907655407001844570010000339511007273046 ;         44,45;
GI5;VIX032806-5; N;04/09/2026;18/09/2026;  3304357;29122218    ;     ;BELMICRO TECNOLOGIA S/A;BELMICRO TECNOLOGIA S/A;A.;EDMUR JOSE DORO NULL;CAMPOS BELOS;GO;AL2;      1.430,90;     164,81;   23,570;   0,2537;   68,499;      1;      1;83;CHEGADA NA UNIDADE INTERMEDIARIA ;09/09/26;;VIX000372-7;32260907655407001844570010000339581007273110 ;         44,45;
GI5;VIX032808-1; N;04/09/2026;18/09/2026;  3304142;29121722    ;     ;BELMICRO TECNOLOGIA S/A;BELMICRO TECNOLOGIA S/A;A.;MARLA RHUBIA SANTOS INACIO NUL;PIRES DO RIO;GO;CW3;      2.208,89;     298,89;   37,000;   0,6051;  163,377;      1;      1;83;CHEGADA NA UNIDADE INTERMEDIARIA ;09/09/26;;VIX000372-7;32260907655407001844570010000339601007273134 ;         65,76;
GI5;VIX032835-9; N;04/09/2026;17/09/2026;  3305301;29125847    ;     ;BELMICRO TECNOLOGIA S/A;BELMICRO TECNOLOGIA S/A;A.;THALES NAO INFORMADO NULL;GOIANESIA;GO;GYN;      2.047,78;     297,42;   37,000;   0,6051;  163,377;      1;      1;83;CHEGADA NA UNIDADE INTERMEDIARIA ;09/09/26;;VIX000372-7;32260907655407001844570010000339941007273477 ;         65,43;
GI5;VIX032601-1; N;02/09/2026;14/09/2026;     2507;            ;     ;PEAK IMPORTADORA LTDA;PEAK IMPORTADORA LTDA;B.;JAKARTS CONFECCOES LTDA;ABADIA DE GOIAS;GO;753;      6.255,80;     351,89;  206,300;   0,3038;  206,300;      0;      9;83;CHEGADA NA UNIDADE INTERMEDIARIA ;10/09/26;;VIX000373-5;32260907655407001844570010000335861007240478 ;         90,77;
GI5;VIX032663-1; N;03/09/2026;17/09/2026;  3302679;29115880    ;     ;BELMICRO TECNOLOGIA S/A;BELMICRO TECNOLOGIA S/A;A.;SAULO HILARIO DA SILVA ARAUJO ;TURVANIA;GO;RIT;      3.945,05;     445,31;   76,000;   0,9126;  246,402;      0;      1;83;CHEGADA NA UNIDADE INTERMEDIARIA ;10/09/26;;VIX000373-5;32260907655407001844570010000337671007257384 ;         97,97;
GI5;VIX032795-6; N;04/09/2026;17/09/2026;  3304034;29121466    ;     ;BELMICRO TECNOLOGIA S/A;BELMICRO TECNOLOGIA S/A;A.;MEIRE LUCE DE SOUZA SEVERO SEV;DAVINOPOLIS;GO;CW3;      1.668,89;     226,63;   31,000;   0,4355;  117,585;      0;      1;83;CHEGADA NA UNIDADE INTERMEDIARIA ;10/09/26;;VIX000373-5;32260907655407001844570010000339461007272996 ;         49,86;
GI5;VIX032812-0; N;04/09/2026;18/09/2026;  3303438;29119316    ;     ;BELMICRO TECNOLOGIA S/A;BELMICRO TECNOLOGIA S/A;A.;HANA CASTRO NULL;PALMEIRAS DE GOIAS;GO;SPR;      1.820,15;     193,61;   48,000;   0,3703;   99,981;      0;      1;83;CHEGADA NA UNIDADE INTERMEDIARIA ;10/09/26;;VIX000373-5;32260907655407001844570010000339641007273176 ;         44,45;
GI5;VIX032816-2; N;04/09/2026;18/09/2026;  3303172;29118021    ;     ;BELMICRO TECNOLOGIA S/A;BELMICRO TECNOLOGIA S/A;A.;LEONARDO MIGUEL OTTONI NULL;ALTO PARAISO DE GOIAS;GO;AL2;      2.133,52;     273,10;   44,000;   0,5419;  146,313;      0;      1;83;CHEGADA NA UNIDADE INTERMEDIARIA ;10/09/26;;VIX000373-5;32260907655407001844570010000339681007273213 ;         60,08;
GI5;VIX032844-8; N;04/09/2026;16/09/2026;  3305153;29125288    ;     ;BELMICRO TECNOLOGIA S/A;BELMICRO TECNOLOGIA S/A;A.;APARECIDO PEREIRA NULL;TRINDADE;GO;753;      1.994,56;     123,00;   32,000;   0,0207;   32,000;      0;      2;83;CHEGADA NA UNIDADE INTERMEDIARIA ;10/09/26;;VIX000373-5;32260907655407001844570010000339861007273394 ;         44,45;
GI5;VIX032885-5; N;04/09/2026;18/09/2026;   720019;            ;     ;FRIGELAR COMERCIO E INSDUSTRIA;FRIGELAR COMERCIO E INSDUSTRIA;A1;JOSE RICARDO GARCIA MANSUR;PIRES DO RIO;GO;CW3;      2.695,00;     241,68;   42,900;   0,3580;  107,400;      0;      2;83;CHEGADA NA UNIDADE INTERMEDIARIA ;10/09/26;;VIX000373-5;32260907655407001844570010000338971007272272 ;         53,17;
GI5;VIX032889-8; N;04/09/2026;18/09/2026;   719970;            ;     ;FRIGELAR COMERCIO E INSDUSTRIA;FRIGELAR COMERCIO E INSDUSTRIA;A1;PEDRO HENRIQUE PEDROSA DE MELO;NAZARIO;GO;SPR;      2.695,00;     241,68;   42,900;   0,3580;  107,400;      0;      2;83;CHEGADA NA UNIDADE INTERMEDIARIA ;10/09/26;;VIX000373-5;32260907655407001844570010000339011007272315 ;         53,17;
GI5;VIX032893-6; N;04/09/2026;18/09/2026;  2847348;            ;     ;WEBCONTINENTAL LTDA;WEBCONTINENTAL LTDA;A1;JOSE PAULO AMANCIO;NOVA ROMA;GO;AL2;      2.127,61;     127,74;   28,000;   0,2100;   42,000;      0;      2;83;CHEGADA NA UNIDADE INTERMEDIARIA ;10/09/26;;VIX000373-5;32260907655407001844570010000339121007272440 ;         44,45;
GI5;VIX032901-1; N;04/09/2026;16/09/2026;  2847883;            ;     ;WEBCONTINENTAL LTDA;WEBCONTINENTAL LTDA;A1;RICARDOKELCIANY RICARDOKELCIAN;SAO LUIS DE MONTES BELOS;GO;760;      2.209,46;     128,40;   26,500;   0,1800;   36,000;      0;      2;83;CHEGADA NA UNIDADE INTERMEDIARIA ;10/09/26;;VIX000373-5;32260907655407001844570010000339201007272523 ;         44,45;
GI5;VIX032919-3; N;04/09/2026;18/09/2026;  2848516;            ;     ;WEBCONTINENTAL LTDA;WEBCONTINENTAL LTDA;A1;LEONARDO OLIVEIRA MARTINS MART;CASTELANDIA;GO;IVC;      2.067,54;     127,26;   26,500;   0,1800;   36,000;      0;      2;83;CHEGADA NA UNIDADE INTERMEDIARIA ;10/09/26;;VIX000373-5;32260907655407001844570010000339101007272420 ;         44,45;
GI5;VIX033055-8; N;08/09/2026;17/09/2026;   983126;            ;     ;WEBCONTINENTAL LTDA;WEBCONTINENTAL LTDA;A1;ARIANE FARIA DE LIMA;SAO LUIS DE MONTES BELOS;GO;760;      2.535,69;     130,99;   30,100;   0,2200;   44,000;      0;      2;83;CHEGADA NA UNIDADE INTERMEDIARIA ;10/09/26;;VIX000373-5;32260907655407001844570010000340261007288542 ;         44,45;
GI5;SAO152242-6; N;09/09/2026;17/09/2026;  1385179;109218928   ;     ;BRS SP SUPRIMENTOS CORPORATIVO;BRS SP SUPRIMENTOS CORPORATIVO;A1;ITAU UNIBANCO S.A;POSSE;GO;AL2;        440,90;      93,85;   27,600;   0,1639;   27,600;      0;      5;80;CTRC EMITIDO;09/09/26;;;35260907655407000287570020021419561007299812 ;         44,45;
GI5;SAO152252-3; N;09/09/2026;17/09/2026;  1385450;109197879   ;     ;BRS SP SUPRIMENTOS CORPORATIVO;BRS SP SUPRIMENTOS CORPORATIVO;A1;COMPANHIA BRASI DE SER FUN;CAMPOS BELOS;GO;AL2;        982,48;     127,54;   80,970;   0,2918;   80,970;      0;      9;80;CTRC EMITIDO;09/09/26;;;35260907655407000287570020021419581007299833 ;         44,45;
GI5;SAO152255-8; N;09/09/2026;17/09/2026;  1385647;109197688   ;     ;BRS SP SUPRIMENTOS CORPORATIVO;BRS SP SUPRIMENTOS CORPORATIVO;A1;COMPANHIA BRASILEIRA DE SERVIC;MONTE ALEGRE DE GOIAS;GO;AL2;      1.115,42;     128,68;   79,930;   0,3082;   79,930;      0;      9;80;CTRC EMITIDO;09/09/26;;;35260907655407000287570020021419711007299967 ;         44,45;
GI5;SAO152262-1; N;09/09/2026;16/09/2026;  1385931;109219030   ;     ;BRS SP SUPRIMENTOS CORPORATIVO;BRS SP SUPRIMENTOS CORPORATIVO;A1;4 REDES S.A.;GOIANESIA;GO;GYN;        871,09;     104,94;   63,563;   0,3074;   63,563;      0;      9;80;CTRC EMITIDO;09/09/26;;;35260907655407000287570020021419601007299858 ;         44,45;
GI5;SAO152264-7; N;09/09/2026;15/09/2026;  1385984;109208614   ;     ;BRS SP SUPRIMENTOS CORPORATIVO;BRS SP SUPRIMENTOS CORPORATIVO;A1;BANCO SANTANDER (BRASIL) S.A.;TRINDADE;GO;753;      2.428,23;     190,38;  118,860;   0,2946;  118,860;      0;     13;80;CTRC EMITIDO;09/09/26;;;35260907655407000287570020021419621007299879 ;         52,30;
GI5;SAO152274-4; N;09/09/2026;17/09/2026;  1386579;109218826   ;     ;BRS SP SUPRIMENTOS CORPORATIVO;BRS SP SUPRIMENTOS CORPORATIVO;A1;4 REDES S.A.;POSSE;GO;AL2;      1.143,46;     128,92;   90,393;   0,4172;   90,393;      0;     12;80;CTRC EMITIDO;09/09/26;;;35260907655407000287570020021419701007299951 ;         44,45;
GI5;SAO153032-1; N;09/09/2026;16/09/2026;  3050790;            ;     ;LORENZETTI SA INDS BRASILEIRAS;LORENZETTI SA INDS BRASILEIRAS;A2;58.068.711 AMARILDO GERALDO MA;CORUMBAIBA;GO;006;      3.181,05;     211,99;  106,891;   0,5696;  142,400;      0;      6;80;CTRC EMITIDO;09/09/26;;;35260907655407000287570020021417431007296733 ;         49,29;
GI5;SAO153043-7; N;09/09/2026;18/09/2026;  3050815;            ;     ;LORENZETTI SA INDS BRASILEIRAS;LORENZETTI SA INDS BRASILEIRAS;A2;ELETRO HOME MATERIAIS ELETRICO;PIRACANJUBA;GO;NWF;      3.058,81;     146,95;   49,256;   0,2221;   55,525;      0;     10;80;CTRC EMITIDO;09/09/26;;;35260907655407000287570020021417961007297261 ;         44,45;
GI5;SAO153100-0; N;09/09/2026;16/09/2026;  3050951;            ;     ;LORENZETTI SA INDS BRASILEIRAS;LORENZETTI SA INDS BRASILEIRAS;A2;WR COMERCIO DE MATERIAL DE CON;BELA VISTA DE GOIAS;GO;NWF;        260,60;      75,32;    2,898;   0,0357;    8,925;      0;      1;80;CTRC EMITIDO;09/09/26;;;35260907655407000287570020021418091007297393 ;         44,45;
GI5;SAO153103-4; N;09/09/2026;16/09/2026;  3050933;            ;     ;LORENZETTI SA INDS BRASILEIRAS;LORENZETTI SA INDS BRASILEIRAS;A2;RABELO E MACEDO LTDA;CORUMBAIBA;GO;006;      2.887,76;     145,89;   23,671;   0,2711;   67,775;      0;     11;80;CTRC EMITIDO;09/09/26;;;35260907655407000287570020021417901007297209 ;         44,45;
GI5;SAO153171-9; N;09/09/2026;21/09/2026;   520529;            ;QBGIC;GAZIN INDUSTRIA E COMERCIO DE ;PASSARO TRANSPORTES EIRELI;C.;DEBORAH MARGARIDA;SANTA BARBARA DE GOIAS;GO;SPR;      2.983,10;     202,52;   10,200;   0,1100;   33,000;      0;      1;  ;;        ;;;35260907655407000287570020021421261007303196 ;         50,63;
GI5;SAO153187-5; N;09/09/2026;21/09/2026;   520719;            ;QBGIC;GAZIN INDUSTRIA E COMERCIO DE ;PASSARO TRANSPORTES EIRELI;C.;LOURIVAL FELIPE DA CUNHA;ADELANDIA;GO;SPR;      4.463,97;     210,66;   20,300;   0,2300;   69,000;      0;      1;  ;;        ;;;35260907655407000287570020021421201007303125 ;         52,67;
GI5;SAO153201-4; N;09/09/2026;21/09/2026;   520747;            ;QBGIC;GAZIN INDUSTRIA E COMERCIO DE ;PASSARO TRANSPORTES EIRELI;C.;FERNANDA FERREIRA DANTAS;NOVA CRIXAS;GO;VAL;      2.089,61;     197,60;   11,500;   0,1200;   36,000;      0;      1;  ;;        ;;;35260907655407000287570020021421271007303207 ;         49,40;
GI5;SAO153493-9; N;09/09/2026;22/09/2026;     4258;            ;     ;VARIMAQ PRODUTOS E VARIEDADES;VARIMAQ PRODUTOS E VARIEDADES;C.;MARIZA TORRES DE SOUZA;CAVALCANTE;GO;AL2;      1.509,61;     639,57;   70,000;   1,3588;  407,640;      0;      1;80;CTRC EMITIDO;09/09/26;;;35260907655407000287570020021424671007310663 ;        148,70;
GI5;SAO153496-3; N;09/09/2026;22/09/2026;    27806;            ;     ;ODL INDUSTRIA E COMERCIO LTDA;RV RACOES LTDA;C.;RV RACOES LTDA;ORIZONA;GO;CW3;      9.622,90;     904,18;  444,000;   0,4237;  444,000;      0;      9;80;CTRC EMITIDO;09/09/26;;;35260907655407000287570020021424731007310725 ;        210,22;
GI5;SAO153608-7; N;10/09/2026;18/09/2026;   103878;            ;     ;ALLPROT MATERIAIS DE SEGURANCA;FERMARCS COMERCIO VAREJISTA DE;B.;FERMARCS COMERCIO VAREJISTA DE;GOIANESIA;GO;GYN;      3.187,50;     235,43;   30,900;   0,5073;  152,190;      0;     17;80;CTRC EMITIDO;10/09/26;;;35260907655407000287570020021426861007313316 ;         54,74;
GI5;SAO153728-8; N;10/09/2026;21/09/2026;     1434;            ;     ;ACAO SOCIAL CLARETIANA;ACAO SOCIAL CLARETIANA;B.;DIOCESE DE SAO LUIZ DE MONTES ;MONTES CLAROS DE GOIAS;GO;IVC;      2.033,72;     139,40;   32,620;   0,0731;   32,620;      0;      2;80;CTRC EMITIDO;10/09/26;;;35260907655407000287570020021426411007312830 ;         44,45;
GI5;SAO153895-1; N;09/09/2026;21/09/2026;   157462;165544      ;     ;ETILUX IMP E DISTR DE ARTIGOS;ETILUX IMP E DISTR DE ARTIGOS;A.;RAMO PRODS AGROPECUARIOS LTDA ;ITABERAI;GO;IVC;      3.511,29;     142,14;   21,030;   0,0400;   21,030;      0;      2;80;CTRC EMITIDO;09/09/26;;;35260907655407000287570020021425821007312072 ;         44,45;
GI5;SAO153941-8; N;10/09/2026;21/09/2026;  3051361;            ;     ;LORENZETTI SA INDS BRASILEIRAS;LORENZETTI SA INDS BRASILEIRAS;A2;CAVALCANTE E SIQUEIRA LTDA;PIRACANJUBA;GO;NWF;      4.692,86;     192,61;   36,665;   0,4349;  108,725;      0;     12;80;CTRC EMITIDO;10/09/26;;;35260907655407000287570020021427071007313547 ;         44,78;
GI5;SAO153942-6; N;10/09/2026;21/09/2026;  3051362*;            ;     ;LORENZETTI SA INDS BRASILEIRAS;LORENZETTI SA INDS BRASILEIRAS;A2;CONSTRUIR MATERIAIS ELETRICOS ;IPORA;GO;RIT;      6.414,62;     188,22;   29,592;   0,3459;   86,475;      0;     16;80;CTRC EMITIDO;10/09/26;;;35260907655407000287570020021427061007313531 ;         44,45;
GI5;SAO153962-1; N;10/09/2026;21/09/2026;  3051406;            ;     ;LORENZETTI SA INDS BRASILEIRAS;LORENZETTI SA INDS BRASILEIRAS;A2;N. BEVILACQUA JUNIOR LTDA;JUSSARA;GO;IVC;      2.233,63;     125,03;   17,128;   0,1675;   41,875;      0;      6;80;CTRC EMITIDO;10/09/26;;;35260907655407000287570020021427261007313739 ;         44,45;
GI5;SAO154125-1; N;10/09/2026;22/09/2026;   344725;            ;     ;FABRICA DE ARTEF DE LATEX SAO ;DEGASPERY BARROS LTDA;B.;DEGASPERY BARROS LTDA;PIRACANJUBA;GO;NWF;      2.396,58;     217,52;   24,770;   0,1613;   48,390;      0;      5;80;CTRC EMITIDO;10/09/26;;;35260907655407000287570020021430181007318760 ;         50,57;
GI5;SAO154234-6; N;10/09/2026;21/09/2026;    96199;            ;     ;ARCO FORJADO EXP IMP IND E COM;CARRETEIRO%20AUTO%20PECAS%20E%;C.;CARRETEIRO%20AUTO%20PECAS%20E%;GOIANESIA;GO;GYN;     13.887,91;     593,78;  343,000;   0,0000;  343,000;      0;      1;80;CTRC EMITIDO;10/09/26;;;35260907655407000287570020021430851007319645 ;        150,92;
GI5;SAO154278-8; N;11/09/2026;22/09/2026;  1388538;109227495   ;     ;BRS SP SUPRIMENTOS CORPORATIVO;BRS SP SUPRIMENTOS CORPORATIVO;A1;ITAU UNIBANCO S.A.;JUSSARA;GO;IVC;        413,49;      93,61;   28,900;   0,1083;   28,900;      0;      5;80;CTRC EMITIDO;11/09/26;;;35260907655407000287570020021435271007327668 ;         44,45;
GI5;SAO154282-6; N;10/09/2026;22/09/2026;  1388684;109223324   ;     ;BRS SP SUPRIMENTOS CORPORATIVO;BRS SP SUPRIMENTOS CORPORATIVO;A1;DECIO COMERCIO E SERVICOS RODO;CEZARINA;GO;LCE;      3.552,14;     287,90;  238,658;   0,8645;  238,658;      0;     39;80;CTRC EMITIDO;10/09/26;;;35260907655407000287570020021433621007325744 ;        105,01;
GI5;SAO154291-5; N;11/09/2026;22/09/2026;  1388879;109225829   ;     ;BRS SP SUPRIMENTOS CORPORATIVO;BRS SP SUPRIMENTOS CORPORATIVO;A1;4 REDES S.A.;PIRES DO RIO;GO;CW3;      1.024,78;     127,90;   88,630;   0,3714;   88,630;      0;      9;80;CTRC EMITIDO;11/09/26;;;35260907655407000287570020021435281007327673 ;         44,45;
GI5;SAO154321-1; N;10/09/2026;22/09/2026;  5805198;            ;     ;ATACADO UNIAO LTDA;ATACADO UNIAO LTDA;B.;SILVA E OLIVEIRA TRANSPORTES L;SAO JOAO D ALIANCA;GO;AL2;      4.762,71;     215,61;   15,466;   0,5618;  168,540;      0;      2;80;CTRC EMITIDO;10/09/26;;;35260907655407000287570020021430701007319430 ;         50,13;
GI5;SAO154368-7; N;10/09/2026;18/09/2026;    37393;            ;     ;LUMINUS IMPORTACAO E EXPORTACA;G E M BAZAR E INFORMATICA LTDA;B.;G E M BAZAR E INFORMATICA LTDA;TRINDADE;GO;753;     17.173,61;     847,29;  165,020;   2,6133;  783,990;      0;     28;80;CTRC EMITIDO;10/09/26;;;35260907655407000287570020021434271007326461 ;        197,00;
GI5;SAO154658-9; N;10/09/2026;22/09/2026;   394725;            ;     ;MOAS IND E COM IMP E EXP LTDA;MOAS IND E COM IMP E EXP LTDA;A3;GENTE INOCENTE COMERCIO DE ROU;PIRACANJUBA;GO;NWF;      2.291,49;      96,94;   10,894;   0,1650;   49,500;      0;      2;80;CTRC EMITIDO;10/09/26;;;35260907655407000287570020021434481007326674 ;         44,45;
GI5;SAO154831-0; N;11/09/2026;18/09/2026;  3052083;            ;     ;LORENZETTI SA INDS BRASILEIRAS;LORENZETTI SA INDS BRASILEIRAS;A2;CL BRASIL ALIMENTOS LTDA;INHUMAS;GO;VAL;      1.042,40;     103,99;   10,990;   0,1443;   36,075;      0;      2;80;CTRC EMITIDO;11/09/26;;;35260907655407000287570020021437111007329807 ;         44,45;
GI5;SAO154836-1; N;11/09/2026;22/09/2026;  3052093*;            ;     ;LORENZETTI SA INDS BRASILEIRAS;LORENZETTI SA INDS BRASILEIRAS;A2;ELAINE BATISTA DA SILVA-FERRAG;SAO MIGUEL DO ARAGUAIA;GO;DEL;      6.591,11;     189,30;   82,012;   0,3090;   82,012;      0;     20;80;CTRC EMITIDO;11/09/26;;;35260907655407000287570020021436541007329230 ;         44,45;
GI5;SAO154842-5; N;11/09/2026;23/09/2026;  3052110;            ;     ;LORENZETTI SA INDS BRASILEIRAS;LORENZETTI SA INDS BRASILEIRAS;A2;RV RACOES LTDA;ORIZONA;GO;CW3;      3.261,21;     148,18;   34,939;   0,2587;   64,675;      0;      7;80;CTRC EMITIDO;11/09/26;;;35260907655407000287570020021436601007329296 ;         44,45;
GI5;SAO154845-0; N;11/09/2026;22/09/2026;  3052116;            ;     ;LORENZETTI SA INDS BRASILEIRAS;LORENZETTI SA INDS BRASILEIRAS;A2;COMERCIAL J L FERRAGISTA EIREL;PARAUNA;GO;LUZ;      2.933,03;      91,70;    4,422;   0,0364;    9,100;      0;      8;80;CTRC EMITIDO;11/09/26;;;35260907655407000287570020021436611007329307 ;         44,45;
GI5;SAO154851-4; N;11/09/2026;22/09/2026;  3052128;            ;     ;LORENZETTI SA INDS BRASILEIRAS;LORENZETTI SA INDS BRASILEIRAS;A2;CONSTRURIO MATERIAL DE CONSTRU;PIRES DO RIO;GO;CW3;      3.354,29;     169,46;   27,136;   0,2889;   72,225;      0;      8;80;CTRC EMITIDO;11/09/26;;;35260907655407000287570020021436661007329354 ;         44,45;
GI5;SAO154857-3; N;11/09/2026;18/09/2026;  3052140;            ;     ;LORENZETTI SA INDS BRASILEIRAS;LORENZETTI SA INDS BRASILEIRAS;A2;GERALDO B. GUIMARAES E CIA LTD;BELA VISTA DE GOIAS;GO;NWF;      8.564,58;     252,04;   62,994;   0,6028;  150,700;      0;     13;80;CTRC EMITIDO;11/09/26;;;35260907655407000287570020021436721007329416 ;         58,60;
GI5;SAO154871-9; N;11/09/2026;22/09/2026;  3052169;            ;     ;LORENZETTI SA INDS BRASILEIRAS;LORENZETTI SA INDS BRASILEIRAS;A2;MINEIRA MATERIAIS PARA CONSTRU;VIANOPOLIS;GO;NWF;      1.164,08;      80,86;    3,480;   0,0391;    9,775;      0;      2;80;CTRC EMITIDO;11/09/26;;;35260907655407000287570020021436871007329567 ;         44,45;
GI5;SAO154875-1; N;11/09/2026;22/09/2026;  3052177*;            ;     ;LORENZETTI SA INDS BRASILEIRAS;LORENZETTI SA INDS BRASILEIRAS;A2;MATERIAIS PARA CONSTRUCAO OLIV;NOVA VENEZA;GO;VAL;     19.708,67;     352,62;  108,583;   0,7546;  188,650;      0;     30;80;CTRC EMITIDO;11/09/26;;;35260907655407000287570020021436911007329608 ;         81,99;
GI5;SAO154880-8; N;11/09/2026;22/09/2026;  3052193;            ;     ;LORENZETTI SA INDS BRASILEIRAS;LORENZETTI SA INDS BRASILEIRAS;A2;AG MATERIAIS PARA CONSTRUCAO E;SAO MIGUEL DO ARAGUAIA;GO;DEL;      3.235,05;     168,73;   28,991;   0,3130;   78,250;      0;      8;80;CTRC EMITIDO;11/09/26;;;35260907655407000287570020021436981007329676 ;         44,45;
GI5;SAO154888-3; N;11/09/2026;22/09/2026;  3052211;            ;     ;LORENZETTI SA INDS BRASILEIRAS;LORENZETTI SA INDS BRASILEIRAS;A2;CASA AGROPECUARIA SAO GERALDO;NOVA VENEZA;GO;VAL;      4.901,75;     191,02;   39,145;   0,4214;  105,350;      0;     10;80;CTRC EMITIDO;11/09/26;;;35260907655407000287570020021437061007329750 ;         44,45;
GI5;FND151849-6; N;04/09/2026;17/09/2026;    79511;            ;     ;VITAL ESPORTE LTDA-ME;VITAL ESPORTE LTDA-ME;C.;SAMUEL ALVES CAIXETA (CASA5134;BELA VISTA DE GOIAS;GO;NWF;        590,00;     110,00;   27,000;   0,1170;   35,100;      0;      2;  ;;        ; HOJE 08:00;FND000592-4;35260907655407000287570020021401851007273825 ;         44,45;
GI5;VIX032811-1; N;04/09/2026;18/09/2026;  3304078;29121416    ;     ;BELMICRO TECNOLOGIA S/A;BELMICRO TECNOLOGIA S/A;A.;VALDEIDE LOURENCO DE SOUSA NUL;IPORA;GO;RIT;      2.885,87;     446,73;   59,000;   0,9404;  253,908;      0;      1;  ;;        ; HOJE 13:01;VIX000375-1;32260907655407001844570010000339631007273160 ;         98,28;
GI5;VIX032870-7; N;04/09/2026;18/09/2026;   982326;            ;     ;WEBCONTINENTAL LTDA;WEBCONTINENTAL LTDA;A1;CLEUZA MOREIRA FREITAS;IPORA;GO;RIT;      2.111,62;     127,61;   29,300;   0,1900;   38,000;      0;      2;  ;;        ; HOJE 13:01;VIX000375-1;32260907655407001844570010000338691007271425 ;         44,45;
GI5;VIX033052-3; N;08/09/2026;21/09/2026;   983045;            ;     ;WEBCONTINENTAL LTDA;WEBCONTINENTAL LTDA;A1;FERNANDA CARLA VIEIRA GUEDES;ADELANDIA;GO;SPR;      2.535,69;     130,99;   30,100;   0,2200;   44,000;      0;      2;  ;;        ; HOJE 13:01;VIX000375-1;32260907655407001844570010000340231007288516 ;         44,45;
GI5;VIX033059-1; N;08/09/2026;21/09/2026;   983185;            ;     ;WEBCONTINENTAL LTDA;WEBCONTINENTAL LTDA;A1;MAURICIO DE ASSIS XAVIER;PALMEIRAS DE GOIAS;GO;SPR;      2.275,06;     128,92;   30,900;   0,1900;   38,000;      0;      2;  ;;        ; HOJE 13:01;VIX000375-1;32260907655407001844570010000340301007288588 ;         44,45;
GI5;VIX033061-2; N;08/09/2026;21/09/2026;   983198;            ;     ;WEBCONTINENTAL LTDA;WEBCONTINENTAL LTDA;A1;ANA CLARA BISPO;POSSE;GO;AL2;      2.282,32;     128,98;   35,000;   0,2300;   46,000;      0;      2;  ;;        ; HOJE 13:01;VIX000375-1;32260907655407001844570010000340321007288604 ;         44,45;
GI5;VIX033068-0; N;08/09/2026;17/09/2026;   983317;            ;     ;WEBCONTINENTAL LTDA;WEBCONTINENTAL LTDA;A1;ROGERIO BORGES;GOIANIRA;GO;753;      2.282,32;     128,98;   35,000;   0,2300;   46,000;      0;      2;  ;;        ; HOJE 13:01;VIX000375-1;32260907655407001844570010000340391007288672 ;         44,45;
GI5;VIX033072-8; N;08/09/2026;21/09/2026;   983334;            ;     ;WEBCONTINENTAL LTDA;WEBCONTINENTAL LTDA;A1;ALINE PEREIRA;ITABERAI;GO;IVC;      2.535,69;     130,99;   30,100;   0,2200;   44,000;      0;      2;  ;;        ; HOJE 13:01;VIX000375-1;32260907655407001844570010000340431007288713 ;         44,45;
GI5;VIX033077-9; N;08/09/2026;21/09/2026;   983632;            ;     ;WEBCONTINENTAL LTDA;WEBCONTINENTAL LTDA;A1;THIAGO CAMPOS;ITABERAI;GO;IVC;      2.282,32;     128,98;   35,000;   0,2300;   46,000;      0;      2;  ;;        ; HOJE 13:01;VIX000375-1;32260907655407001844570010000340481007288760 ;         44,45;
GI5;VIX033080-9; N;08/09/2026;21/09/2026;   983717;            ;     ;WEBCONTINENTAL LTDA;WEBCONTINENTAL LTDA;A1;NILVIA ALVES OLIVEIRA DIAS;CAMPOS BELOS;GO;AL2;      3.643,99;     162,07;   37,600;   0,2900;   58,000;      0;      2;  ;;        ; HOJE 13:01;VIX000375-1;32260907655407001844570010000340511007288790 ;         44,45;
GI5;VIX033090-6; N;08/09/2026;18/09/2026;   984141;            ;     ;WEBCONTINENTAL LTDA;WEBCONTINENTAL LTDA;A1;PEDRO AUGUSTO SILVA PEREIRA;GOIANESIA;GO;GYN;      2.532,78;     130,97;   30,700;   0,2200;   44,000;      0;      2;  ;;        ; HOJE 13:01;VIX000375-1;32260907655407001844570010000340611007288894 ;         44,45;
GI5;VIX033110-4; N;08/09/2026;22/09/2026;   984921;            ;     ;WEBCONTINENTAL LTDA;WEBCONTINENTAL LTDA;A1;AMANDA ANARELY MELO DINIZ;ORIZONA;GO;CW3;      2.059,95;     127,20;   30,400;   0,2000;   40,000;      0;      2;  ;;        ; HOJE 13:01;VIX000375-1;32260907655407001844570010000340831007289111 ;         44,45;
GI5;VIX033113-9; N;08/09/2026;21/09/2026;   985035;            ;     ;WEBCONTINENTAL LTDA;WEBCONTINENTAL LTDA;A1;RAYANE RODRIGUES ALVES;PIRACANJUBA;GO;NWF;      2.059,95;     127,20;   30,400;   0,2000;   40,000;      0;      2;  ;;        ; HOJE 13:01;VIX000375-1;32260907655407001844570010000340841007289127 ;         44,45;
GI5;VIX033116-3; N;08/09/2026;21/09/2026;   985155;            ;     ;WEBCONTINENTAL LTDA;WEBCONTINENTAL LTDA;A1;POLLYANNA MARIA LEITE MATEUS;NEROPOLIS;GO;VAL;      5.275,40;     292,51;   62,000;   0,5100;  102,000;      0;      2;  ;;        ; HOJE 13:01;VIX000375-1;32260907655407001844570010000340171007288454 ;         64,35;
GI5;VIX033117-1; N;08/09/2026;21/09/2026;   985185;            ;     ;WEBCONTINENTAL LTDA;WEBCONTINENTAL LTDA;A1;MAYCON DA SILVA RODRIGUES;ADELANDIA;GO;SPR;      2.275,06;     128,92;   30,900;   0,1900;   38,000;      0;      2;  ;;        ; HOJE 13:01;VIX000375-1;32260907655407001844570010000340181007288460 ;         44,45;
GI5;VIX033118-0; N;08/09/2026;21/09/2026;   985195;            ;     ;WEBCONTINENTAL LTDA;WEBCONTINENTAL LTDA;A1;IOLANDA DE OLIVEIRA CAMPOS;SIMOLANDIA;GO;AL2;      2.662,42;     132,00;   36,800;   0,2200;   44,000;      0;      2;  ;;        ; HOJE 13:01;VIX000375-1;32260907655407001844570010000340191007288475 ;         44,45;
GI5;VIX033146-5; N;08/09/2026;21/09/2026;  2849857;            ;     ;WEBCONTINENTAL LTDA;WEBCONTINENTAL LTDA;A1;MARCOS MESQUITA;MAMBAI;GO;AL2;      1.979,49;     126,57;   27,500;   0,1800;   36,000;      0;      2;  ;;        ; HOJE 13:01;VIX000375-1;32260907655407001844570010000341141007289420 ;         44,45;
GI5;VIX033149-0; N;08/09/2026;21/09/2026;  2849894;            ;     ;WEBCONTINENTAL LTDA;WEBCONTINENTAL LTDA;A1;CRISTIANO SOARES DA SILVA;PALMEIRAS DE GOIAS;GO;SPR;      2.068,27;     127,27;   27,500;   0,1800;   36,000;      0;      2;  ;;        ; HOJE 13:01;VIX000375-1;32260907655407001844570010000341151007289435 ;         44,45;
GI5;VIX033151-1; N;08/09/2026;17/09/2026;  2849921;            ;     ;WEBCONTINENTAL LTDA;WEBCONTINENTAL LTDA;A1;MARIA JUSTINA DE ANDRADE BASIL;SAO LUIS DE MONTES BELOS;GO;760;      1.794,54;     125,09;   27,500;   0,1800;   36,000;      0;      2;  ;;        ; HOJE 13:01;VIX000375-1;32260907655407001844570010000341171007289456 ;         44,45;
GI5;VIX033159-7; N;08/09/2026;21/09/2026;  2850270;            ;     ;WEBCONTINENTAL LTDA;WEBCONTINENTAL LTDA;A1;ZULENIA BATISTA PINTO;ARUANA;GO;RIT;      1.979,49;     126,57;   27,500;   0,1800;   36,000;      0;      2;  ;;        ; HOJE 13:01;VIX000375-1;32260907655407001844570010000341251007289539 ;         44,45;
GI5;VIX033160-1; N;08/09/2026;21/09/2026;  2850282;            ;     ;WEBCONTINENTAL LTDA;WEBCONTINENTAL LTDA;A1;QUENIA MARA TAVARES;CAMPOS BELOS;GO;AL2;      2.221,46;     128,49;   26,500;   0,1800;   36,000;      0;      2;  ;;        ; HOJE 13:01;VIX000375-1;32260907655407001844570010000341281007289565 ;         44,45;
GI5;VIX033171-6; N;08/09/2026;17/09/2026;  2851516;            ;     ;WEBCONTINENTAL LTDA;WEBCONTINENTAL LTDA;A1;CARLOS ALBERTO DE BRITO;TRINDADE;GO;753;      1.103,30;     141,85;   26,200;   0,3500;   70,000;      0;      1;  ;;        ; HOJE 13:01;VIX000375-1;32260907655407001844570010000341371007289653 ;         44,45;
GI5;VIX033180-5; N;08/09/2026;18/09/2026;  2852248;            ;     ;WEBCONTINENTAL LTDA;WEBCONTINENTAL LTDA;A1;KELY CRISTINA ISIDORO;GOIANESIA;GO;GYN;      2.005,71;     126,77;   27,500;   0,1800;   36,000;      0;      2;  ;;        ; HOJE 13:01;VIX000375-1;32260907655407001844570010000341481007289762 ;         44,45;
GIT;CWB011879-6; N;04/09/2026;22/09/2026;  7429348;134185430000;     ;LOJA ELECTROLUX COM VIRTUAL DE;LOJA ELECTROLUX COM VIRTUAL DE;A.;GILVANIO SOUZA;PILAR DE GOIAS;GO;GYN;      1.163,27;     143,70;   25,000;   0,2350;   58,750;      1;      1;83;CHEGADA NA UNIDADE INTERMEDIARIA ;09/09/26;;CWB000483-9;41260907655407001763570010000118201007269632 ;         50,30;
GIT;VIX032423-0; N;03/09/2026;17/09/2026;  3298012;29094433    ;     ;BELMICRO TECNOLOGIA S/A;BELMICRO TECNOLOGIA S/A;A.;MILLENA MACEDO DE ANDRADE NULL;PORANGATU;GO;GYN;      2.034,56;     123,36;   32,000;   0,0207;   32,000;      2;      2;83;CHEGADA NA UNIDADE INTERMEDIARIA ;09/09/26;;VIX000372-7;32260907655407001844570010000337101007256814 ;         43,18;
GIT;VIX032701-8; N;03/09/2026;18/09/2026;   981151;            ;     ;WEBCONTINENTAL LTDA;WEBCONTINENTAL LTDA;A1;AMANDA CARDOSO DA SILVA;PORANGATU;GO;GYN;      2.386,11;     129,80;   30,900;   0,1900;   38,000;      2;      2;83;CHEGADA NA UNIDADE INTERMEDIARIA ;09/09/26;;VIX000372-7;32260907655407001844570010000336311007254999 ;         45,43;
GIT;VIX032711-5; N;03/09/2026;17/09/2026;   981427;            ;     ;WEBCONTINENTAL LTDA;WEBCONTINENTAL LTDA;A1;IVERTON ARAUJO DE SOUZA;URUACU;GO;GYN;      2.279,42;     128,95;   29,300;   0,1900;   38,000;      2;      2;83;CHEGADA NA UNIDADE INTERMEDIARIA ;09/09/26;;VIX000372-7;32260907655407001844570010000336411007255096 ;         45,13;
GIT;VIX032723-9; N;03/09/2026;18/09/2026;   981795;            ;     ;WEBCONTINENTAL LTDA;WEBCONTINENTAL LTDA;A1;ENIO TORRES;PORANGATU;GO;765;      1.937,62;     126,23;   35,000;   0,2300;   46,000;      2;      2;83;CHEGADA NA UNIDADE INTERMEDIARIA ;09/09/26;;VIX000372-7;32260907655407001844570010000336531007255216 ;         44,18;
GIT;VIX032729-8; N;03/09/2026;17/09/2026;   174469;169263      ;     ;MAIS PROXIMA COMERCIAL E DISTR;MAIS PROXIMA COMERCIAL E DISTR;B.;MARA MOVEIS LTDA;MARA ROSA;GO;GYN;      6.182,06;     245,20;   50,480;   0,4634;  115,850;     10;     10;83;CHEGADA NA UNIDADE INTERMEDIARIA ;09/09/26;;VIX000372-7;32260907655407001844570010000336141007254823 ;         85,82;
GIT;VIX032767-1; N;03/09/2026;17/09/2026;  2846140;            ;     ;WEBCONTINENTAL LTDA;WEBCONTINENTAL LTDA;A1;VANIA RODRIGUES DAS CHAGAS;NIQUELANDIA;GO;GYN;      2.401,46;     129,92;   26,500;   0,1800;   36,000;      2;      2;83;CHEGADA NA UNIDADE INTERMEDIARIA ;09/09/26;;VIX000372-7;32260907655407001844570010000338251007258149 ;         45,47;
GIT;VIX032769-7; N;03/09/2026;17/09/2026;  2846181;            ;     ;WEBCONTINENTAL LTDA;WEBCONTINENTAL LTDA;A1;ANALIA RIBEIRO;NOVA GLORIA;GO;763;      1.809,49;     125,22;   27,500;   0,1800;   36,000;      2;      2;83;CHEGADA NA UNIDADE INTERMEDIARIA ;09/09/26;;VIX000372-7;32260907655407001844570010000338271007258160 ;         43,83;
GIT;VIX032787-5; N;03/09/2026;17/09/2026;  2846597;            ;     ;WEBCONTINENTAL LTDA;WEBCONTINENTAL LTDA;A1;ZELIA OLIVEIRA SOUZA;NIQUELANDIA;GO;GYN;      2.331,46;     129,36;   26,500;   0,1800;   36,000;      2;      2;83;CHEGADA NA UNIDADE INTERMEDIARIA ;09/09/26;;VIX000372-7;32260907655407001844570010000338451007258346 ;         45,28;
GIT;VIX032815-4; N;04/09/2026;18/09/2026;  3303536;29119509    ;     ;BELMICRO TECNOLOGIA S/A;BELMICRO TECNOLOGIA S/A;A.;JULIA EDUARDA SANTOS ALVARENGA;MINACU;GO;GYN;      1.438,34;     242,52;   41,000;   0,4808;  129,816;      0;      1;83;CHEGADA NA UNIDADE INTERMEDIARIA ;10/09/26;;VIX000373-5;32260907655407001844570010000339671007273208 ;         84,88;
GIT;VIX032887-1; N;04/09/2026;18/09/2026;   719912;            ;     ;FRIGELAR COMERCIO E INSDUSTRIA;FRIGELAR COMERCIO E INSDUSTRIA;A1;CASSIO ALVES;URUACU;GO;GYN;      2.040,90;     198,68;   28,000;   0,2118;   63,540;      0;      2;83;CHEGADA NA UNIDADE INTERMEDIARIA ;10/09/26;;VIX000373-5;32260907655407001844570010000338991007272293 ;         69,54;
GIT;VIX032899-5; N;04/09/2026;18/09/2026;  2847769;            ;     ;WEBCONTINENTAL LTDA;WEBCONTINENTAL LTDA;A1;HENRIQUE CEZAR RODRIGUES DA SI;ESTRELA DO NORTE;GO;GYN;      1.879,49;     125,77;   27,500;   0,1800;   36,000;      0;      2;83;CHEGADA NA UNIDADE INTERMEDIARIA ;10/09/26;;VIX000373-5;32260907655407001844570010000339181007272509 ;         44,02;
GIT;VIX033066-3; N;08/09/2026;21/09/2026;   983288;            ;     ;WEBCONTINENTAL LTDA;WEBCONTINENTAL LTDA;A1;ANA CARLA;URUACU;GO;GYN;      5.009,86;     218,36;   60,200;   0,4400;   88,000;      0;      4;83;CHEGADA NA UNIDADE INTERMEDIARIA ;10/09/26;;VIX000373-5;32260907655407001844570010000340371007288651 ;         76,43;
GIT;VIX033078-7; N;08/09/2026;22/09/2026;   983657;            ;     ;WEBCONTINENTAL LTDA;WEBCONTINENTAL LTDA;A1;THIAGO ALENCAR CREMONES;PORANGATU;GO;GYN;      2.382,78;     129,77;   30,700;   0,2200;   44,000;      0;      2;83;CHEGADA NA UNIDADE INTERMEDIARIA ;10/09/26;;VIX000373-5;32260907655407001844570010000340491007288776 ;         45,42;
GIT;SAO152279-5; N;09/09/2026;17/09/2026;  1386836;109196992   ;     ;BRS SP SUPRIMENTOS CORPORATIVO;BRS SP SUPRIMENTOS CORPORATIVO;A1;COMPANHIA BRASILEIRA DE SERVIC;SAO DOMINGOS;GO;AL2;        708,60;      98,44;   42,860;   0,2196;   42,860;      0;      7;80;CTRC EMITIDO;09/09/26;;;35260907655407000287570020021424931007310922 ;         40,00;
GIT;SAO152297-3; N;09/09/2026;18/09/2026;  1382645;109196650   ;     ;BRS SP SUPRIMENTOS CORPORATIVO;BRS SP SUPRIMENTOS CORPORATIVO;A1;LOJAS AVENIDA S/A;PORANGATU;GO;GYN;        953,24;     100,55;   31,080;   0,0741;   31,080;      0;      6;80;CTRC EMITIDO;09/09/26;;;35260907655407000287570020021425211007311208 ;         40,00;
GIT;SAO152509-3; N;09/09/2026;21/09/2026;  1383139;109210681   ;     ;BRS SP SUPRIMENTOS CORPORATIVO;BRS SP SUPRIMENTOS CORPORATIVO;A1;BANC BRADESCO SA AGENCIA 02518;PORANGATU;GO;GYN;      1.061,08;     106,57;   58,260;   0,0000;   58,260;      0;     14;80;CTRC EMITIDO;09/09/26;;;35260907655407000287570020021416621007295893 ;         40,00;
GIT;SAO153951-5; N;10/09/2026;21/09/2026;  3051381;            ;     ;LORENZETTI SA INDS BRASILEIRAS;LORENZETTI SA INDS BRASILEIRAS;A2;ILUMINAR MATERIAIS PARA CONSTR;URUACU;GO;GYN;      2.257,63;      99,62;    8,432;   0,0663;   16,575;      0;      4;80;CTRC EMITIDO;10/09/26;;;35260907655407000287570020021427151007313620 ;         40,00;
GIT;SAO154143-9; N;11/09/2026;22/09/2026;   228954;            ;     ;MASTIFLEX IND DE SELANTES E MA;WERLEY FERNANDES GODOY;..;WERLEY FERNANDES GODOY;NIQUELANDIA;GO;GYN;      1.724,40;     220,00;   81,000;   0,3600;  108,000;      0;     15;80;CTRC EMITIDO;11/09/26;;;35260907655407000287570020021435561007328011 ;         77,00;
GIT;SAO154297-4; N;11/09/2026;23/09/2026;  1389119;109196630   ;     ;BRS SP SUPRIMENTOS CORPORATIVO;BRS SP SUPRIMENTOS CORPORATIVO;A1;LOJAS AVENIDA S/A;PORANGATU;GO;GYN;      1.554,83;     132,46;   72,980;   0,3004;   72,980;      0;     10;80;CTRC EMITIDO;11/09/26;;;35260907655407000287570020021435151007327543 ;         46,36;
GIT;SAO154567-1; N;11/09/2026;22/09/2026;     1634;            ;     ;ACAO SOCIAL CLARETIANA;ACAO SOCIAL CLARETIANA;B.;57.409.624 GABRIEL ANTONIO QUE;RUBIATABA;GO;763;      1.710,62;     124,29;   16,610;   0,0439;   16,610;      0;      1;80;CTRC EMITIDO;11/09/26;;;35260907655407000287570020021435011007327408 ;         43,50;
GIT;SAO154881-6; N;11/09/2026;23/09/2026;  3052195*;            ;     ;LORENZETTI SA INDS BRASILEIRAS;LORENZETTI SA INDS BRASILEIRAS;A2;RAYLANE LEMES BARBOSA LTDA;PORANGATU;GO;GYN;      7.179,12;     228,92;   49,735;   0,5340;  133,500;      0;     14;80;CTRC EMITIDO;11/09/26;;;35260907655407000287570020021436951007329640 ;         80,12;
GIT;FND151770-8; N;04/09/2026;21/09/2026;      595;            ;     ;FORTBELLO ESTOFADOS LTDA;FORTBELLO ESTOFADOS LTDA;B.;MUNDIAL E INDUSTRIA DE ACO LTD;URUACU;GO;GYN;      2.300,29;     361,77;   40,000;   0,8960;  268,800;      0;      2;  ;;        ; HOJE 08:00;FND000592-4;35260907655407000287570020021401421007272074 ;        126,62;
GIT;FND152830-1; N;08/09/2026;22/09/2026;     9487;            ;     ;CONFFORT CASA COMERCIO DE MOVE;CONFFORT CASA COMERCIO DE MOVE;..;DANIELA SOARES PIRES;CRIXAS;GO;GYN;        127,26;     198,19;   21,000;   0,1144;   34,320;      0;      2;  ;;        ; HOJE 08:00;FND000592-4;35260907655407000287570020021412381007287966 ;         69,37;
GIT;VIX033079-5; N;08/09/2026;21/09/2026;   983675;            ;     ;WEBCONTINENTAL LTDA;WEBCONTINENTAL LTDA;A1;ELINEIA MIRIAM SANTANA;MINACU;GO;GYN;      4.550,11;     214,70;   61,800;   0,3900;   78,000;      0;      4;  ;;        ; HOJE 13:01;VIX000375-1;32260907655407001844570010000340501007288785 ;         75,15;
GIT;VIX033158-9; N;08/09/2026;21/09/2026;  2850176;            ;     ;WEBCONTINENTAL LTDA;WEBCONTINENTAL LTDA;A1;LARA VITORIA FERREIRA;ITAPACI;GO;GYN;      1.879,49;     125,77;   27,500;   0,1800;   36,000;      0;      2;  ;;        ; HOJE 13:01;VIX000375-1;32260907655407001844570010000341261007289544 ;         44,02;
GIT;VIX033179-1; N;08/09/2026;21/09/2026;  2852028;            ;     ;WEBCONTINENTAL LTDA;WEBCONTINENTAL LTDA;A1;WALERIA RICARTE DE FARIA;ITAPACI;GO;GYN;      2.181,46;     128,17;   26,500;   0,1800;   36,000;      0;      2;  ;;        ; HOJE 13:01;VIX000375-1;32260907655407001844570010000341451007289736 ;         44,86;
GRP;VIX032895-2; N;04/09/2026;21/09/2026;  2847485;            ;     ;WEBCONTINENTAL LTDA;WEBCONTINENTAL LTDA;A1;SANDRA GONCALVES DE AGUIAR;GURUPI;TO;PMW;      1.350,37;     124,49;   12,000;   0,1800;   36,000;      0;      1;83;CHEGADA NA UNIDADE INTERMEDIARIA ;10/09/26;;VIX000373-5;32260907655407001844570010000339141007272461 ;         40,00;
GRP;VIX032902-9; N;04/09/2026;21/09/2026;  2847971;            ;     ;WEBCONTINENTAL LTDA;WEBCONTINENTAL LTDA;A1;ARIVAN SILVA SANTANA;PEIXE;TO;PMW;      1.824,09;     197,34;   27,500;   0,1800;   36,000;      0;      2;83;CHEGADA NA UNIDADE INTERMEDIARIA ;10/09/26;;VIX000373-5;32260907655407001844570010000339211007272539 ;         60,78;
GRP;VIX033035-3; N;08/09/2026;22/09/2026;   387947*;481817(3)   ;     ;TECNOLOGISTICA DISTR E COM DE ;TECNOLOGISTICA DISTR E COM DE ;B.;CLM COMERCIO DE CALCADOS LTDA;GURUPI;TO;PMW;      2.805,54;     297,50;   18,879;   0,3200;   18,879;      0;      4;83;CHEGADA NA UNIDADE INTERMEDIARIA ;10/09/26;;VIX000373-5;32260907655407001844570010000340131007284735 ;         91,63;
GRP;SAO154268-1; N;11/09/2026;25/09/2026;  1388111;109211799   ;     ;BRS SP SUPRIMENTOS CORPORATIVO;BRS SP SUPRIMENTOS CORPORATIVO;A1;BANCO BRADESCO SA;FORMOSO DO ARAGUAIA;TO;PMW;        571,80;     153,27;   32,260;   0,0784;   32,260;      0;      7;80;CTRC EMITIDO;11/09/26;;;35260907655407000287570020021435241007327631 ;         49,89;
GRP;VIX032906-1; N;04/09/2026;21/09/2026;  2848143;            ;     ;WEBCONTINENTAL LTDA;WEBCONTINENTAL LTDA;A1;STHEFANY JACINTO;LAGOA DA CONFUSAO;TO;PMW;      2.899,00;     246,17;   41,800;   0,2900;   58,000;      0;      2;  ;;        ; HOJE 13:01;VIX000375-1;32260907655407001844570010000339251007272570 ;         75,82;
GRP;VIX032943-6; N;08/09/2026;21/09/2026;  3307267;29132870    ;     ;BELMICRO TECNOLOGIA S/A;BELMICRO TECNOLOGIA S/A;A.;UALDECY PINTO PEREIRA NULL;GURUPI;TO;PMW;      1.668,89;     207,18;   31,000;   0,4355;  117,585;      0;      1;  ;;        ; HOJE 13:01;VIX000375-1;32260907655407001844570010000341801007290334 ;         63,81;
GRP;VIX032964-9; N;08/09/2026;21/09/2026;  3309241;29137276    ;     ;BELMICRO TECNOLOGIA S/A;BELMICRO TECNOLOGIA S/A;A.;ODIRLEI FELIX DA SILVA NULL;CONCEICAO DO TOCANTINS;TO;PMW;      4.111,42;     497,66;   78,000;   1,0742;  290,034;      0;      1;  ;;        ; HOJE 13:01;VIX000375-1;32260907655407001844570010000341971007290501 ;        153,28;
GRP;VIX032986-0; N;08/09/2026;21/09/2026;  3310272;29139865    ;     ;BELMICRO TECNOLOGIA S/A;BELMICRO TECNOLOGIA S/A;A.;CICERA MARIA CASTRO DO NASCIME;NOVO JARDIM;TO;PMW;      2.039,19;     248,55;   38,700;   0,4988;  134,676;      0;      1;  ;;        ; HOJE 13:01;VIX000375-1;32260907655407001844570010000342221007290751 ;         76,55;
GRP;VIX033010-8; N;08/09/2026;22/09/2026;  3313175;29149357    ;     ;BELMICRO TECNOLOGIA S/A;BELMICRO TECNOLOGIA S/A;A.;NELIA PEREIRA DOA SANTOS NULL;ALVORADA;TO;PMW;      1.708,90;     221,25;   31,000;   0,4355;  117,585;      0;      1;  ;;        ; HOJE 13:01;VIX000375-1;32260907655407001844570010000342451007290985 ;         68,15;
GRP;VIX033161-9; N;08/09/2026;22/09/2026;  2850444;            ;     ;WEBCONTINENTAL LTDA;WEBCONTINENTAL LTDA;A1;IVANI CARVALHO DE AMORIM;GURUPI;TO;PMW;      2.370,21;     132,60;   28,000;   0,2100;   42,000;      0;      2;  ;;        ; HOJE 13:01;VIX000375-1;32260907655407001844570010000341271007289550 ;         40,84;
GVR;BIR153140-9; N;09/09/2026;25/09/2026;    15786;            ;     ;PECUARISTA D OESTE DE ARACATUB;PECUARISTA D OESTE DE ARACATUB;A.;ALVORADA COM DE PROD AGROPEC L;GOVERNADOR VALADARES;MG;BHZ;      3.714,00;     691,98;   42,700;   0,1300;   42,700;      3;      3;83;CHEGADA NA UNIDADE INTERMEDIARIA ;10/09/26;;BIR000388-3;35260907655407000287570020021418351007297849 ;         89,23;
GVR;BNU001788-4; N;01/09/2026;16/09/2026;   560272;653066      ;     ;HIPER TEXTIL CAMA MESA E BANHO;HIPER TEXTIL CAMA MESA E BANHO;C.;65297-COMERCIAL SOARES E FREIT;CARATINGA;MG;BHZ;      2.126,33;     179,94;   39,865;   0,2000;   60,000;      3;      3;83;CHEGADA NA UNIDADE INTERMEDIARIA ;08/09/26;;CWB000481-2;42260907655407002140570200000017801007222883 ;         53,84;
GVR;BNU001809-1; N;02/09/2026;17/09/2026;   560654;653485      ;     ;HIPER TEXTIL CAMA MESA E BANHO;HIPER TEXTIL CAMA MESA E BANHO;C.;COOPERATIVA DE CONSUMO DOS EMP;TIMOTEO;MG;BHZ;      4.340,09;     245,67;   79,696;   0,3580;  107,400;      6;      6;83;CHEGADA NA UNIDADE INTERMEDIARIA ;08/09/26;;CWB000481-2;42260907655407002140570200000018011007240301 ;         73,50;
GVR;BNU001810-4; N;02/09/2026;15/09/2026;   560596;653488      ;     ;HIPER TEXTIL CAMA MESA E BANHO;HIPER TEXTIL CAMA MESA E BANHO;C.;COOPERATIVA DE CONSUMO DOS EMP;IPATINGA;MG;BHZ;      5.570,11;     287,31;  103,192;   0,4290;  128,700;      6;      6;83;CHEGADA NA UNIDADE INTERMEDIARIA ;08/09/26;;CWB000481-2;42260907655407002140570200000018021007240317 ;         85,96;
GVR;FND151364-8; N;04/09/2026;23/09/2026;     6474;            ;     ;ZARGO IND E COM DE MOVEIS LTDA;ZARGO IND E COM DE MOVEIS LTDA;B.;PAULA CAROLINA VIANA SANTOS;GOVERNADOR VALADARES;MG;BHZ;      2.421,96;     420,93;   45,000;   1,0000;  250,000;      0;      2;  ;;        ; HOJE 08:00;FND000592-4;35260907655407000287570020021397701007265005 ;        125,94;
GVR;FND151760-1; N;04/09/2026;28/09/2026;    19263;            ;     ;POLIZELLI MOVEIS E UTILIDADES;POLIZELLI MOVEIS E UTILIDADES;A.;LUCAS MONNERAT;TIMOTEO;MG;BHZ;        148,30;     149,60;   45,000;   0,1500;   45,000;      0;      2;  ;;        ; HOJE 08:00;FND000592-4;35260907655407000287570020021401361007271852 ;         44,76;
GVR;FND152839-4; N;08/09/2026;29/09/2026;     7924;            ;     ;LJ INDUSTRIA E COMERCIO DE MOV;LJ INDUSTRIA E COMERCIO DE MOV;C.;ERACLECIA ELENICE MARTINS;SANTANA DO PARAISO;MG;BHZ;        292,33;     254,14;   41,000;   0,1200;   41,000;      0;      3;  ;;        ; HOJE 08:00;FND000592-4;35260907655407000287570020021412481007288063 ;         76,04;
GVR;FND153626-5; N;09/09/2026;30/09/2026;    23178;            ;     ;AQUI MOVEIS COMERCIO VAREJISTA;AQUI MOVEIS COMERCIO VAREJISTA;C.;DEIZELENE DE BARROS LISBOA;ITUETA;MG;BHZ;      1.294,07;     219,95;   70,000;   0,2000;   70,000;      0;      3;  ;;        ; HOJE 08:00;FND000592-4;35260907655407000287570020021421651007304069 ;         65,81;
GVR;FND153627-3; N;09/09/2026;30/09/2026;    23412;            ;     ;AQUI MOVEIS COMERCIO VAREJISTA;AQUI MOVEIS COMERCIO VAREJISTA;C.;RAQUEL RODRIGUES REIS DIAS;CONSELHEIRO PENA;MG;BHZ;      1.293,59;     248,22;   50,000;   0,1500;   50,000;      0;      2;  ;;        ; HOJE 08:00;FND000592-4;35260907655407000287570020021421741007304157 ;         74,27;
GVR;FND153635-4; N;09/09/2026;28/09/2026;    21672;            ;     ;CASELLI STORE COMERCIO LTDA;CASELLI STORE COMERCIO LTDA;A.;JOAO BATISTA REINEHR;IPATINGA;MG;BHZ;        270,20;     179,94;   36,000;   0,2800;   84,000;      0;      2;  ;;        ; HOJE 08:00;FND000592-4;35260907655407000287570020021421731007304141 ;         53,84;
GYN;CWB011826-5; N;03/09/2026;14/09/2026;  7427110;134168620000;     ;LOJA ELECTROLUX COM VIRTUAL DE;LOJA ELECTROLUX COM VIRTUAL DE;A.;CARLIANE MELO;APARECIDA DE GOIANIA;GO;A2 ;      4.354,16;     297,28;   72,000;   0,9910;  247,750;      0;      1;50;FALTA DE MERCADORIA;09/09/26;;CWB000483-9;41260907655407001763570010000117471007255460 ;          0,00;
GYN;CWB011883-4; N;04/09/2026;15/09/2026;  7429352;134185430000;     ;LOJA ELECTROLUX COM VIRTUAL DE;LOJA ELECTROLUX COM VIRTUAL DE;A.;IARA VIEIRA;GOIANIA;GO;7  ;      2.417,99;     238,10;   52,000;   0,7300;  182,500;      0;      1;50;FALTA DE MERCADORIA;09/09/26;;CWB000483-9;41260907655407001763570010000118231007269669 ;          0,00;
GYN;CWB011895-8; N;04/09/2026;15/09/2026;  7429364;134185430000;     ;LOJA ELECTROLUX COM VIRTUAL DE;LOJA ELECTROLUX COM VIRTUAL DE;A.;ROSE FERREIRA;APARECIDA DE GOIANIA;GO;A2 ;        653,05;     105,48;   14,500;   0,1210;   30,250;      0;      1;50;FALTA DE MERCADORIA;09/09/26;;CWB000483-9;41260907655407001763570010000118351007269783 ;          0,00;
GYN;CWB011897-4; N;04/09/2026;15/09/2026;  7429366;134185430000;     ;LOJA ELECTROLUX COM VIRTUAL DE;LOJA ELECTROLUX COM VIRTUAL DE;A.;CECILIA FERREIRA A BEZERRA;GOIANIA;GO;7  ;      1.344,41;     107,26;   25,000;   0,1890;   47,250;      0;      1;50;FALTA DE MERCADORIA;09/09/26;;CWB000483-9;41260907655407001763570010000118371007269800 ;          0,00;
GYN;CWB011898-2; N;04/09/2026;15/09/2026;  7429367;134185430000;     ;LOJA ELECTROLUX COM VIRTUAL DE;LOJA ELECTROLUX COM VIRTUAL DE;A.;FLAVIAH PINHEIRO;GOIANIA;GO;7  ;      2.679,55;     259,26;   53,000;   0,8600;  215,000;      0;      1;50;FALTA DE MERCADORIA;09/09/26;;CWB000483-9;41260907655407001763570010000118401007269830 ;          0,00;
GYN;CWB011901-6; N;04/09/2026;15/09/2026;  7429370;134185430000;     ;LOJA ELECTROLUX COM VIRTUAL DE;LOJA ELECTROLUX COM VIRTUAL DE;A.;DARCY  JUNIOR;GOIANIA;GO;7  ;      6.083,42;     406,28;  100,000;   1,3560;  339,000;      0;      1;50;FALTA DE MERCADORIA;09/09/26;;CWB000483-9;41260907655407001763570010000118411007269845 ;          0,00;
GYN;CWB011909-1; N;04/09/2026;15/09/2026;  7429378;134185430000;     ;LOJA ELECTROLUX COM VIRTUAL DE;LOJA ELECTROLUX COM VIRTUAL DE;A.;LILSIMARA PEREIRA DA SILVA;APARECIDA DE GOIANIA;GO;A2 ;      4.540,52;     334,67;   93,000;   1,1400;  285,000;      0;      1;50;FALTA DE MERCADORIA;09/09/26;;CWB000483-9;41260907655407001763570010000118481007269919 ;          0,00;
GYN;VIX032620-8; N;02/09/2026;10/09/2026;   719448;            ;     ;FRIGELAR COMERCIO E INSDUSTRIA;FRIGELAR COMERCIO E INSDUSTRIA;A1;CLEBER ANDRADE;GOIANIA;GO;7  ;      4.786,36;     259,57;   50,900;   0,4354;  130,620;      2;      2;83;CHEGADA NA UNIDADE INTERMEDIARIA ;09/09/26;;VIX000372-7;32260907655407001844570010000336031007240756 ;          0,00;
GYN;VIX032625-9; N;03/09/2026;11/09/2026;  3301598;29111186    ;     ;BELMICRO TECNOLOGIA S/A;BELMICRO TECNOLOGIA S/A;A.;JEFFERSON GUERREIRO BATISTA NU;GOIANIA;GO;1  ;      3.668,80;     152,16;   47,600;   0,3579;   96,633;      2;      2;83;CHEGADA NA UNIDADE INTERMEDIARIA ;09/09/26;;VIX000372-7;32260907655407001844570010000337371007257083 ;          0,00;
GYN;VIX032626-7; N;03/09/2026;11/09/2026;  3301219;29110320    ;     ;BELMICRO TECNOLOGIA S/A;BELMICRO TECNOLOGIA S/A;A.;THIAGO CASTRO NULL;APARECIDA DE GOIANIA;GO;A1 ;      2.109,03;      97,40;   32,000;   0,0207;   32,000;      2;      2;83;CHEGADA NA UNIDADE INTERMEDIARIA ;09/09/26;;VIX000372-7;32260907655407001844570010000337361007257078 ;          0,00;
GYN;VIX032747-6; N;03/09/2026;11/09/2026;   719654;            ;     ;FRIGELAR COMERCIO E INSDUSTRIA;FRIGELAR COMERCIO E INSDUSTRIA;A1;MARCIA SCHIEHL;GOIANIA;GO;7  ;     14.522,44;     500,36;  105,100;   0,7987;  239,610;      6;      6;83;CHEGADA NA UNIDADE INTERMEDIARIA ;09/09/26;;VIX000372-7;32260907655407001844570010000338051007257948 ;          0,00;
GYN;VIX032384-5; N;01/09/2026;09/09/2026;     6826;0008271453  ;     ;GRAND CRU ATACADO ES;GRAND CRU ATACADO ES;B.;VYDISTRIBUICAO COMERCIO BEB E ;GOIANIA;GO;6  ;      4.221,42;     160,95;  111,174;   0,5880;  176,400;      0;     12;83;CHEGADA NA UNIDADE INTERMEDIARIA ;10/09/26;;VIX000373-5;32260907655407001844570010000334531007222961 ;          0,00;
GYN;VIX032600-3; N;02/09/2026;10/09/2026;     2477*;            ;     ;PEAK IMPORTADORA LTDA;PEAK IMPORTADORA LTDA;B.;MARIA DE FATIMA ALMEIDA RODRIG;GOIANIA;GO;1  ;      8.611,08;     484,52;  400,200;   0,4725;  400,200;      0;     14;83;CHEGADA NA UNIDADE INTERMEDIARIA ;10/09/26;;VIX000373-5;32260907655407001844570010000335881007240499 ;          0,00;
GYN;VIX032666-6; N;03/09/2026;11/09/2026;  3302649;29115925    ;     ;BELMICRO TECNOLOGIA S/A;BELMICRO TECNOLOGIA S/A;A.;LUIZ CARLOS CONCEICAO NULL;GOIANIA;GO;3  ;      2.215,90;     190,74;   42,000;   0,5361;  144,747;      0;      1;83;CHEGADA NA UNIDADE INTERMEDIARIA ;10/09/26;;VIX000373-5;32260907655407001844570010000337741007257451 ;          0,00;
GYN;VIX032804-9; N;04/09/2026;14/09/2026;  3303742;29120862    ;     ;BELMICRO TECNOLOGIA S/A;BELMICRO TECNOLOGIA S/A;A.;ANA KLARA SANTOS TEIXEIRA NULL;GOIANIA;GO;3  ;        996,57;     113,73;   21,300;   0,2412;   65,124;      0;      1;83;CHEGADA NA UNIDADE INTERMEDIARIA ;10/09/26;;VIX000373-5;32260907655407001844570010000339561007273093 ;          0,00;
GYN;VIX032814-6; N;04/09/2026;17/09/2026;  3303347;29119086    ;     ;BELMICRO TECNOLOGIA S/A;BELMICRO TECNOLOGIA S/A;A.;JOAO PEREIRA NULL;CERES;GO;CJT;      2.158,90;     158,38;   32,750;   0,4090;  110,430;      0;      1;83;CHEGADA NA UNIDADE INTERMEDIARIA ;10/09/26;;VIX000373-5;32260907655407001844570010000339661007273197 ;          0,00;
GYN;VIX032823-5; N;04/09/2026;14/09/2026;  3304542;29122609    ;     ;BELMICRO TECNOLOGIA S/A;BELMICRO TECNOLOGIA S/A;A.;LETICIA MACEDO BORGES NULL;GOIANIA;GO;4  ;      2.220,54;     232,83;   60,000;   0,7036;  189,972;      0;      1;83;CHEGADA NA UNIDADE INTERMEDIARIA ;10/09/26;;VIX000373-5;32260907655407001844570010000339751007273285 ;          0,00;
GYN;VIX032824-3; N;04/09/2026;18/09/2026;  3304655;29122938    ;     ;BELMICRO TECNOLOGIA S/A;BELMICRO TECNOLOGIA S/A;A.;DAYANA NAO INFORMADO NULL;JARAGUA;GO;CJT;      2.249,90;     117,98;   31,200;   0,1949;   52,623;      0;      2;83;CHEGADA NA UNIDADE INTERMEDIARIA ;10/09/26;;VIX000373-5;32260907655407001844570010000339761007273290 ;          0,00;
GYN;VIX032866-9; N;04/09/2026;18/09/2026;   982221;            ;     ;WEBCONTINENTAL LTDA;WEBCONTINENTAL LTDA;A1;GEOVANA;JARAGUA;GO;CJT;      4.290,50;     212,64;   70,000;   0,4600;   92,000;      0;      4;83;CHEGADA NA UNIDADE INTERMEDIARIA ;10/09/26;;VIX000373-5;32260907655407001844570010000338811007271543 ;          0,00;
GYN;VIX032892-8; N;04/09/2026;14/09/2026;   719980;            ;     ;FRIGELAR COMERCIO E INSDUSTRIA;FRIGELAR COMERCIO E INSDUSTRIA;A1;MARCELO FENELON DAS NEVES;GOIANIA;GO;7  ;     10.460,09;     383,30;   87,500;   0,6231;  186,930;      0;      3;83;CHEGADA NA UNIDADE INTERMEDIARIA ;10/09/26;;VIX000373-5;32260907655407001844570010000339051007272365 ;          0,00;
GYN;VIX032921-5; N;04/09/2026;18/09/2026;     2544;            ;     ;PEAK IMPORTADORA LTDA;PEAK IMPORTADORA LTDA;B.;DPTO INDUSTRIA E COM DE CONF E;JARAGUA;GO;CJT;     78.387,19;   1.967,88;  658,006;   1,5525;  658,006;      0;     46;83;CHEGADA NA UNIDADE INTERMEDIARIA ;10/09/26;;VIX000373-5;32260907655407001844570010000339341007272820 ;          0,00;
GYN;VIX032922-3; N;04/09/2026;14/09/2026;     2549;            ;     ;PEAK IMPORTADORA LTDA;PEAK IMPORTADORA LTDA;B.;FASHION MAN CONFECCAO E COM DE;GOIANIA;GO;1  ;      5.235,40;     123,55;   45,587;   0,1013;   45,587;      0;      3;83;CHEGADA NA UNIDADE INTERMEDIARIA ;10/09/26;;VIX000373-5;32260907655407001844570010000339351007272836 ;          0,00;
GYN;SAO152236-1; N;09/09/2026;11/09/2026;  1384706;109213934   ;     ;BRS SP SUPRIMENTOS CORPORATIVO;BRS SP SUPRIMENTOS CORPORATIVO;A1;BANCO BRADESCO S/A;APARECIDA DE GOIANIA;GO;A1 ;      1.313,25;     104,76;   77,450;   0,4045;   77,450;      0;     12;80;CTRC EMITIDO;09/09/26;;;35260907655407000287570020021419541007299796 ;          0,00;
GYN;SAO152472-1; N;08/09/2026;14/09/2026;   929226*;            ;     ;MODINE DO BRASIL SISTEMAS TERM;MODINE DO BRASIL SISTEMAS TERM;B.;PPL DISTRIBUIDORA DE PCS LTDA;GOIANIA;GO;1  ;      8.431,98;     212,92;   78,742;   0,3190;   78,742;      0;      4;80;CTRC EMITIDO;08/09/26;;;35260907655407000287570020021411531007286456 ;          0,00;
GYN;SAO152520-4; N;08/09/2026;17/09/2026;  1383475;109210434   ;     ;BRS SP SUPRIMENTOS CORPORATIVO;BRS SP SUPRIMENTOS CORPORATIVO;A1;BANCO BRADESCO S/A;CERES;GO;CJT;      3.391,92;     245,22;  162,063;   0,4041;  162,063;      0;     45;80;CTRC EMITIDO;08/09/26;;;35260907655407000287570020021414741007293866 ;          0,00;
GYN;SAO152731-2; N;08/09/2026;16/09/2026;     3407;5550        ;     ;03 WIG COMERCIO BATERIAS COMPO;ERNANDO RODRIGUES ALVES;..;ERNANDO RODRIGUES ALVES;SENADOR CANEDO;GO;NWF;      4.197,10;     350,00;  109,200;   0,1954;  109,200;      0;      1;80;CTRC EMITIDO;08/09/26;;;35260907655407000287570020021414301007293047 ;          0,00;
GYN;SAO152893-9; N;09/09/2026;14/09/2026;    27058;17576       ;     ;SOUDAL BRASIL IND COM LTDA;SOUDAL BRASIL IND COM LTDA;.3;BMB MATERIAL DE CONSTRUCAO S.A;APARECIDA DE GOIANIA;GO;A2 ;     16.617,59;     755,41;  421,800;   1,2000;  421,800;      0;    116;80;CTRC EMITIDO;09/09/26;;;35260907655407000287570020021423501007309263 ;          0,00;
GYN;SAO153024-1; N;09/09/2026;14/09/2026;   294353;            ;     ;MONTANA QUIMICA LTDA;MONTANA QUIMICA LTDA;B2;FERROMAD DISTRIBUICAO DE FERRO;APARECIDA DE GOIANIA;GO;A2 ;      7.978,71;     249,10;  154,254;   0,1903;  154,254;      0;      9;80;CTRC EMITIDO;09/09/26;;;35260907655407000287570020021417161007296434 ;          0,00;
GYN;SAO153118-2; N;09/09/2026;15/09/2026;   710759;            ;     ;GATES DO BRASIL IND COM LTDA;SUECA ROLAMENTOS E SOLUCOES IN;A.;SUECA ROLAMENTOS E SOLUCOES IN;GOIANIA;GO;1  ;      3.295,73;     134,35;  101,600;   0,1799;  101,600;      0;      3;80;CTRC EMITIDO;09/09/26;;;35260907655407000287570020021420661007302408 ;          0,00;
GYN;SAO153175-1; N;09/09/2026;15/09/2026;   520864;            ;QBGIC;GAZIN INDUSTRIA E COMERCIO DE ;PASSARO TRANSPORTES EIRELI;C.;PHELIPE JOSE DE OLIVEIRA SILVA;APARECIDA DE GOIANIA;GO;A1 ;      1.050,87;     164,32;   67,500;   0,1600;   67,500;      0;      2;  ;;        ;;;35260907655407000287570020021421341007303279 ;          0,00;
GYN;SAO153178-6; N;09/09/2026;15/09/2026;   263715;            ;QBGIC;CIA VALENCA INDUSTRIAL;PASSARO TRANSPORTES EIRELI;C.;MM INDUSTRIA COMERCIO DE CONFE;APARECIDA DE GOIANIA;GO;A1 ;      4.311,56;     289,01;  187,946;   0,6265;  187,950;      0;      4;  ;;        ;;;35260907655407000287570020021421321007303258 ;          0,00;
GYN;SAO153180-8; N;09/09/2026;21/09/2026;   263776;            ;QBGIC;CIA VALENCA INDUSTRIAL;PASSARO TRANSPORTES EIRELI;C.;L P TEXTIL LTDA;JARAGUA;GO;763;     10.150,00;     766,84;  450,532;   1,5017;  450,532;      0;     10;  ;;        ;;;35260907655407000287570020021421331007303263 ;          0,00;
GYN;SAO153183-2; N;09/09/2026;15/09/2026;   520724;            ;QBGIC;GAZIN INDUSTRIA E COMERCIO DE ;PASSARO TRANSPORTES EIRELI;C.;JOSEFA SILVA PEREIRA;GOIANIA;GO;3  ;        559,80;     163,63;   15,250;   0,1800;   54,000;      0;      1;  ;;        ;;;35260907655407000287570020021421221007303146 ;          0,00;
GYN;SAO153196-4; N;09/09/2026;15/09/2026;   520713;            ;QBGIC;GAZIN INDUSTRIA E COMERCIO DE ;PASSARO TRANSPORTES EIRELI;C.;THAYNA PATRICIA;GOIANIA;GO;5  ;      2.045,28;     168,79;   33,600;   0,1900;   57,000;      0;      2;  ;;        ;;;35260907655407000287570020021421251007303180 ;          0,00;
GYN;SAO153203-1; N;09/09/2026;21/09/2026;   263693;            ;QBGIC;CIA VALENCA INDUSTRIAL;PASSARO TRANSPORTES EIRELI;C.;KEEP SHOP AVIAMENTOS IMPORTACA;JARAGUA;GO;CJT;      7.550,79;     575,90;  330,838;   1,1028;  330,840;      0;      8;  ;;        ;;;35260907655407000287570020021421161007303084 ;          0,00;
GYN;SAO153273-1; N;10/09/2026;15/09/2026;  1386696;109219663   ;     ;BRS SP SUPRIMENTOS CORPORATIVO;BRS SP SUPRIMENTOS CORPORATIVO;A1;MARISA LOJAS S.A.;APARECIDA DE GOIANIA;GO;A2 ;        584,29;      79,19;   21,750;   0,1542;   21,750;      0;      4;80;CTRC EMITIDO;10/09/26;;;35260907655407000287570020021430201007318784 ;          0,00;
GYN;SAO153280-4; N;10/09/2026;15/09/2026;  1386697*;109214440   ;     ;BRS SP SUPRIMENTOS CORPORATIVO;BRS SP SUPRIMENTOS CORPORATIVO;A1;CARREFOUR COM E IND LTDA;GOIANIA;GO;6  ;      3.172,56;     397,69;  442,440;   1,2923;  442,440;      0;     42;80;CTRC EMITIDO;10/09/26;;;35260907655407000287570020021430211007318790 ;          0,00;
GYN;SAO153285-5; N;09/09/2026;15/09/2026;  1387204;109207848   ;     ;BRS SP SUPRIMENTOS CORPORATIVO;BRS SP SUPRIMENTOS CORPORATIVO;A1;ZZAB COMERCIO DE CALCADOS LTDA;GOIANIA;GO;7  ;        904,90;     101,69;   85,110;   0,2338;   85,110;      0;     19;80;CTRC EMITIDO;09/09/26;;;35260907655407000287570020021424871007310860 ;          0,00;
GYN;SAO153304-5; N;10/09/2026;15/09/2026;  1388142;109229202   ;     ;BRS SP SUPRIMENTOS CORPORATIVO;BRS SP SUPRIMENTOS CORPORATIVO;A1;VALID SOLUCOES S/A;GOIANIA;GO;1  ;      1.208,31;     150,24;  130,120;   0,2569;  130,120;      0;     17;80;CTRC EMITIDO;10/09/26;;;35260907655407000287570020021430291007318879 ;          0,00;
GYN;SAO153428-9; N;09/09/2026;15/09/2026;    30412;            ;     ;SKF INDUSTRIAL BRASIL LTDA;SUECA ROLAMENTOS E SOLUCOES IN;A.;SUECA ROLAMENTOS E SOLUCOES IN;GOIANIA;GO;1  ;     11.283,42;     240,56;   85,200;   0,1578;   85,200;      0;      1;80;CTRC EMITIDO;09/09/26;;;35260907655407000287570020021420701007302443 ;          0,00;
GYN;SAO153478-5; N;09/09/2026;15/09/2026;     1303;            ;     ;EMILY COMERCIO;CENTER PRESENTES EIRELI;C.;CENTER PRESENTES EIRELI;GOIANIA;GO;1  ;      2.887,92;     383,49;  215,000;   0,8034;  215,000;      0;      5;80;CTRC EMITIDO;09/09/26;;;35260907655407000287570020021424501007310496 ;          0,00;
GYN;SAO153639-7; N;10/09/2026;17/09/2026;    36339;            ;     ;MACEA CERAMICA TECNICA LTDA.;ACTIVE IND DE COSMETICOS SA;A1;ACTIVE IND DE COSMETICOS SA;SENADOR CANEDO;GO;NWF;      6.064,46;     138,58;    0,700;   0,0136;    3,400;      0;      1;80;CTRC EMITIDO;10/09/26;;;35260907655407000287570020021427561007314033 ;          0,00;
GYN;SAO153648-6; N;09/09/2026;15/09/2026;   107285;            ;     ;SERRAMETAL ACOS ESPEC LTDA;MILOPES;..;MILOPES;GOIANIA;GO;6  ;      3.734,65;     152,68;   66,100;   0,0341;   66,100;      0;      2;80;CTRC EMITIDO;09/09/26;;;35260907655407000287570020021424211007310206 ;          0,00;
GYN;SAO153731-8; N;10/09/2026;15/09/2026;  1259743;12644       ;     ;INFINITY CABOS ESPECIAS LTDA;INFINITY CABOS ESPECIAS LTDA;C.;MEC POWER CENTRO DE REPARACAO ;GOIANIA;GO;1  ;      4.700,00;     240,95;  120,000;   0,4635;  139,050;      0;      1;80;CTRC EMITIDO;10/09/26;;;35260907655407000287570020021426601007313026 ;          0,00;
GYN;SAO153736-9; N;10/09/2026;15/09/2026;  1170813;            ;     ;FRIGELAR COMERCIO E INDUSTRIA;FRIGELAR COMERCIO E INDUSTRIA;A1;REFRIMARQUES REFRIGERACAO ;GOIANIA;GO;4  ;     23.610,10;     426,29;  200,000;   0,6666;  200,000;      0;      2;80;CTRC EMITIDO;10/09/26;;;35260907655407000287570020021426531007312955 ;          0,00;
GYN;SAO153800-4; N;10/09/2026;15/09/2026;     1358;            ;     ;FGC COMERCIO DE VARIEDADES EIR;FGC COMERCIO DE VARIEDADES EIR;C.;THIAGO HENRIQUE MOREIRA SANTOS;GOIANIA;GO;7  ;      1.328,10;     362,54;   76,000;   0,7903;  237,090;      0;      2;80;CTRC EMITIDO;10/09/26;;;35260907655407000287570020021426291007312666 ;          0,00;
GYN;SAO153893-4; N;09/09/2026;17/09/2026;   157399;165531      ;     ;ETILUX IMP E DISTR DE ARTIGOS;ETILUX IMP E DISTR DE ARTIGOS;A.;KELLY C DE QUEIROZ FERRAGISTA ;SENADOR CANEDO;GO;NWF;      2.185,12;     146,29;   32,390;   0,0900;   32,390;      0;      4;80;CTRC EMITIDO;09/09/26;;;35260907655407000287570020021425621007311871 ;          0,00;
GYN;SAO153999-0; N;10/09/2026;16/09/2026;     1359;            ;     ;FGC COMERCIO DE VARIEDADES EIR;FGC COMERCIO DE VARIEDADES EIR;C.;MOVIMENTO BEM ESTAR;GOIANIA;GO;6  ;        890,25;     210,02;   38,000;   0,3952;  118,560;      0;      1;80;CTRC EMITIDO;10/09/26;;;35260907655407000287570020021426301007312675 ;          0,00;
GYN;SAO154023-8; N;11/09/2026;16/09/2026;    46758;            ;     ;PETROISA IRRIGACAO LTDA;PETROISA IRRIGACAO LTDA;B.;ADRIANO ALVES DE MEDEIROS 7352;GOIANIA;GO;1  ;     20.233,20;     746,71;  712,280;   2,0771;  712,280;      0;      1;80;CTRC EMITIDO;11/09/26;;;35260907655407000287570020021435751007328203 ;          0,00;
GYN;SAO154073-4; N;11/09/2026;16/09/2026;   273865;2           ;     ;M CASSAB COMERCIO E INDUSTRIA;M CASSAB COMERCIO E INDUSTRIA;B3;ORGANZA INDUSTRIA E COMERCIO E;GOIANIA;GO;6  ;      1.236,58;     143,43;   28,000;   0,0776;   28,000;      0;      1;80;CTRC EMITIDO;11/09/26;;;35260907655407000287570020021435441007327898 ;          0,00;
GYN;SAO154095-5; N;10/09/2026;16/09/2026;    85717;018263      ;     ;FLANACAR COMERCIO DE AUTO PECA;AGUILERA AUTOPECAS DE GOIAS LT;A3;AGUILERA AUTOPECAS DE GOIAS LT;GOIANIA;GO;3  ;     24.665,24;     859,95;  380,160;   3,1641;  791,025;      0;     69;80;CTRC EMITIDO;10/09/26;;;35260907655407000287570020021430721007319450 ;          0,00;
GYN;SAO154096-3; N;10/09/2026;18/09/2026;   584409;4505962097  ;     ;DIMENSIONAL BRASIL SOLUCOES LT;ACTIVE IND DE COSMETICOS SA;A1;ACTIVE IND DE COSMETICOS SA;SENADOR CANEDO;GO;NWF;     20.023,70;     168,60;    7,190;   0,1010;   25,250;      0;      2;80;CTRC EMITIDO;10/09/26;;;35260907655407000287570020021429981007318358 ;          0,00;
GYN;SAO154114-5; N;10/09/2026;16/09/2026;   131799;            ;     ;DACOTA CONDUTORES ELETRICOS LT;DACOTA CONDUTORES ELETRICOS LT;B.;CSK ENGENHARIA ELETRICA LTDA;GOIANIA;GO;748;    101.658,16;   2.330,73; 1252,000;   1,1371; 1252,000;      0;      2;80;CTRC EMITIDO;10/09/26;;;35260907655407000287570020021431181007320611 ;          0,00;
GYN;SAO154121-8; N;10/09/2026;16/09/2026;    41224;            ;     ;TECTAPE PAULISTA IND E COM DE;REFRICRIL DISTRIBUIDORA DE AR;B.;REFRICRIL DISTRIBUIDORA DE AR;GOIANIA;GO;3  ;      1.292,40;     136,80;   79,840;   0,2819;   84,570;      0;      5;80;CTRC EMITIDO;10/09/26;;;35260907655407000287570020021430091007318469 ;          0,00;
GYN;SAO154177-3; N;10/09/2026;16/09/2026;    49302;50322250    ;RRCDJ;IDEMITSU LUBE SOUTH AMERICA LT;F L LOCACOES LTDA;B.;HAIKAR VEICULOS LTDA;GOIANIA;GO;7  ;     22.475,52;     201,47;   69,600;   0,2320;   69,600;      0;      6;80;CTRC EMITIDO;10/09/26;;;35260907655407000287570020021433181007325304 ;          0,00;
GYN;SAO154228-1; N;10/09/2026;16/09/2026;    34853;            ;     ;IKO PECAS E COMPONENTES AUTOMO;AGUILERA AUTOPECAS DE GOIAS LT;A3;AGUILERA AUTOPECAS DE GOIAS LT;GOIANIA;GO;3  ;     36.037,16;     994,77;  293,000;   0,4477;  293,000;      0;      2;80;CTRC EMITIDO;10/09/26;;;35260907655407000287570020021430841007319630 ;          0,00;
GYN;SAO154232-0; N;10/09/2026;16/09/2026;    30835;            ;     ;SKF INDUSTRIAL BRASIL LTDA;SUECA ROLAMENTOS E SOLUCOES IN;A.;SUECA ROLAMENTOS E SOLUCOES IN;GOIANIA;GO;1  ;        688,94;      61,26;    1,500;   0,0060;    1,800;      0;      1;80;CTRC EMITIDO;10/09/26;;;35260907655407000287570020021430671007319400 ;          0,00;
GYN;SAO154272-9; N;10/09/2026;16/09/2026;  1388438;109226743   ;     ;BRS SP SUPRIMENTOS CORPORATIVO;BRS SP SUPRIMENTOS CORPORATIVO;A1;ITAU UNIBANCO SA;GOIANIA;GO;7  ;      1.379,63;     218,10;  232,673;   0,5130;  232,673;      0;     68;80;CTRC EMITIDO;10/09/26;;;35260907655407000287570020021433791007325911 ;          0,00;
GYN;SAO154352-1; N;11/09/2026;16/09/2026;    10029;            ;     ;PERFILTEC INDUSTRIA DE PERFIS ;REFRICRIL DISTRIBUIDORA DE AR;B.;REFRICRIL DISTRIBUIDORA DE AR;GOIANIA;GO;3  ;     23.624,00;   2.350,00;  738,280;   6,2500; 1875,000;      0;    254;80;CTRC EMITIDO;11/09/26;;;35260907655407000287570020021435711007328166 ;          0,00;
GYN;SAO154406-3; N;10/09/2026;18/09/2026;    89836;            ;     ;GIFOR INDUSTRIAL LTDA.;ACTIVE IND DE COSMETICOS SA;A1;ACTIVE IND DE COSMETICOS SA;SENADOR CANEDO;GO;NWF;        536,76;     126,69;   21,680;   0,0565;   21,680;      0;      1;80;CTRC EMITIDO;10/09/26;;;35260907655407000287570020021432511007324528 ;          0,00;
GYN;SAO154429-2; N;10/09/2026;16/09/2026;   215807*;169736      ;     ;DENSO DO BRASIL LTDA;AGUILERA AUTOPECAS DE GOIAS LT;A3;AGUILERA AUTOPECAS DE GOIAS LT;GOIANIA;GO;6  ;      5.699,22;     391,32;   83,020;   1,5677;  391,925;      0;     32;80;CTRC EMITIDO;10/09/26;;;35260907655407000287570020021432611007324621 ;          0,00;
GYN;SAO154448-9; N;10/09/2026;18/09/2026;    46474;4505945561  ;     ;PRONATEC IND. E COM. LTDA;ACTIVE IND DE COSMETICOS SA;A1;ACTIVE IND DE COSMETICOS SA;SENADOR CANEDO;GO;NWF;     21.620,00;     878,48;  360,000;   4,7120; 1178,000;      0;      2;80;CTRC EMITIDO;10/09/26;;;35260907655407000287570020021434861007327140 ;          0,00;
GYN;SAO154535-3; N;10/09/2026;16/09/2026;   102333;88026       ;     ;WASCO INDUSTRIA E COMERCIO LTD;WASCO INDUSTRIA E COMERCIO LTD;B.;NAVESA MOTORS LTDA;GOIANIA;GO;1  ;     11.161,90;     477,32;   42,750;   0,0545;   42,750;      0;      6;80;CTRC EMITIDO;10/09/26;;;35260907655407000287570020021432981007325105 ;          0,00;
GYN;SAO154553-1; N;10/09/2026;16/09/2026;    16452;            ;     ;FEMAGI COMERCIO E FABRICACAO D;CS SANDALIAS PERSONALIZADAS LT;C.;CS SANDALIAS PERSONALIZADAS LT;GOIANIA;GO;1  ;        422,50;     115,17;   46,390;   0,2115;   63,450;      0;      2;80;CTRC EMITIDO;10/09/26;;;35260907655407000287570020021434301007326491 ;          0,00;
GYN;SAO154557-4; N;10/09/2026;18/09/2026;    15333;            ;     ;ROTO SG COM DE PLAST EIRELI;MISLENE MARTINS VIEIRA SILVA;C.;MISLENE MARTINS VIEIRA SILVA;SENADOR CANEDO;GO;NWF;      3.031,36;     661,72;   41,000;   1,5009;  450,270;      0;      3;80;CTRC EMITIDO;10/09/26;;;35260907655407000287570020021434471007326669 ;          0,00;
GYN;SAO154560-4; N;10/09/2026;16/09/2026;    12729;27985       ;     ;REAL SINALIZACAO INDUSTRIA COM;ORION PRODUTORA GRAVADORA EDIT;C.;ORION PRODUTORA GRAVADORA EDIT;GOIANIA;GO;7  ;      4.296,00;     563,01;  330,080;   0,7000;  330,080;      0;     11;80;CTRC EMITIDO;10/09/26;;;35260907655407000287570020021434451007326648 ;          0,00;
GYN;SAO154608-2; N;10/09/2026;16/09/2026;     8459;            ;     ;CHEMISEAL IND PROD P VEDACAO;MS GOIAS SELANTES LTDA;C.;MS GOIAS SELANTES LTDA;GOIANIA;GO;7  ;      2.119,20;     124,43;   96,670;   0,1380;   96,670;      0;     10;80;CTRC EMITIDO;10/09/26;;;35260907655407000287570020021433971007326169 ;          0,00;
GYN;SAO154609-1; N;10/09/2026;16/09/2026;    78424;            ;     ;ADEVED S/A;ADEVED S/A;C.;ADEVED S/A;APARECIDA DE GOIANIA;GO;A1 ;      2.016,00;     317,12;   66,500;   0,3876;  116,280;      0;      1;80;CTRC EMITIDO;10/09/26;;;35260907655407000287570020021434021007326217 ;          0,00;
GYN;SAO154619-8; N;10/09/2026;16/09/2026;   157578;162300      ;     ;ETILUX IMP E DISTR DE ARTIGOS;ETILUX IMP E DISTR DE ARTIGOS;A.;AMERICA ACABAMENTOS E CONSTRUC;GOIANIA;GO;4  ;     13.924,95;     307,06;  173,060;   0,2900;  173,060;      0;     15;80;CTRC EMITIDO;10/09/26;;;35260907655407000287570020021433921007326111 ;          0,00;
GYN;SAO154625-2; N;10/09/2026;16/09/2026;   157741;165529      ;     ;ETILUX IMP E DISTR DE ARTIGOS;ETILUX IMP E DISTR DE ARTIGOS;A.;IMPACTO FERRAGISTA EIRELI - ME;GOIANIA;GO;2  ;      2.009,79;     122,78;   39,450;   0,1000;   39,450;      0;      5;80;CTRC EMITIDO;10/09/26;;;35260907655407000287570020021433981007326174 ;          0,00;
GYN;SAO154725-9; N;10/09/2026;18/09/2026;     5967;            ;     ;SOLARY INDUSTRIA DE VARIADORES;ACTIVE IND DE COSMETICOS SA;A1;ACTIVE IND DE COSMETICOS SA;SENADOR CANEDO;GO;NWF;     57.404,60;     248,99;   60,000;   0,1599;   60,000;      0;      2;80;CTRC EMITIDO;10/09/26;;;35260907655407000287570020021434781007327068 ;          0,00;
GYN;SAO154824-7; N;11/09/2026;16/09/2026;  3051701*;            ;     ;LORENZETTI SA INDS BRASILEIRAS;LORENZETTI SA INDS BRASILEIRAS;A2;BMB MATERIAL DE CONSTRUCAO S.A;APARECIDA DE GOIANIA;GO;A2 ;    263.016,20;   3.549,08; 1452,023;  12,2839; 3070,975;      0;    363;80;CTRC EMITIDO;11/09/26;;;35260907655407000287570020021436421007329115 ;          0,00;
GYN;SAO154830-1; N;11/09/2026;16/09/2026;  3052079*;            ;     ;LORENZETTI SA INDS BRASILEIRAS;LORENZETTI SA INDS BRASILEIRAS;A2;VITOR HUGO LIMA DE CAMPOS 0277;APARECIDA DE GOIANIA;GO;A1 ;     17.320,64;     344,43;  132,101;   1,0885;  272,125;      0;     34;80;CTRC EMITIDO;11/09/26;;;35260907655407000287570020021436481007329178 ;          0,00;
GYN;SAO154837-9; N;11/09/2026;16/09/2026;  3052097*;            ;     ;LORENZETTI SA INDS BRASILEIRAS;LORENZETTI SA INDS BRASILEIRAS;A2;JP ARIZONA COM RCIO DE FERRAGE;APARECIDA DE GOIANIA;GO;A1 ;     26.043,64;     505,01;  191,657;   1,7329;  433,225;      0;     49;80;CTRC EMITIDO;11/09/26;;;35260907655407000287570020021436531007329224 ;          0,00;
GYN;SAO154843-3; N;11/09/2026;16/09/2026;  3052112;            ;     ;LORENZETTI SA INDS BRASILEIRAS;LORENZETTI SA INDS BRASILEIRAS;A2;CASA MULTI VARIEDADES EIRELI;GOIANIA;GO;6  ;      3.125,73;     110,24;   15,267;   0,1657;   41,425;      0;      8;80;CTRC EMITIDO;11/09/26;;;35260907655407000287570020021436581007329271 ;          0,00;
GYN;SAO154850-6; N;11/09/2026;16/09/2026;  3052126;            ;     ;LORENZETTI SA INDS BRASILEIRAS;LORENZETTI SA INDS BRASILEIRAS;A2;CONSTRULINA VARIEDADES LTDA;GOIANIA;GO;743;     34.779,60;     354,18;  132,630;   0,6537;  163,425;      0;     30;80;CTRC EMITIDO;11/09/26;;;35260907655407000287570020021436691007329380 ;          0,00;
GYN;SAO154867-1; N;11/09/2026;16/09/2026;  3052161;            ;     ;LORENZETTI SA INDS BRASILEIRAS;LORENZETTI SA INDS BRASILEIRAS;A2;HILDA DE AZEVEDO A MINEIRA;GOIANIA;GO;4  ;      4.812,74;     215,44;  131,188;   0,7134;  178,350;      0;     10;80;CTRC EMITIDO;11/09/26;;;35260907655407000287570020021436831007329525 ;          0,00;
GYN;SAO154892-1; N;11/09/2026;16/09/2026;  3052219;            ;     ;LORENZETTI SA INDS BRASILEIRAS;LORENZETTI SA INDS BRASILEIRAS;A2;SUPERVI DISTRIBUIDOR DE ALIMEN;GOIANIA;GO;1  ;      3.492,07;     151,59;   33,218;   0,3717;   92,925;      0;     10;80;CTRC EMITIDO;11/09/26;;;35260907655407000287570020021437101007329796 ;          0,00;
GYN;PPY011166-0; N;18/09/2025;26/09/2025;      903;            ;     ;ALOOZ COMUNICACAO VISUAL LTDA;ALOOZ COMUNICACAO VISUAL LTDA;B.;ARCOS DOURADOS COMERCIO DE ALI;GOIANIA;GO;742;      2.288,00;       0,00;    8,000;   0,0000;    8,000;      0;      1;82;SAIDA DE UNIDADE;18/09/25;19/09 00:08;PPY001922-4;31250930296133000118570010000115741000102244 ;          0,00;
GYN;FND151755-4; N;04/09/2026;17/09/2026;    19258;            ;     ;POLIZELLI MOVEIS E UTILIDADES;POLIZELLI MOVEIS E UTILIDADES;A.;CEJANA MACHADO FERREIRA;HIDROLANDIA;GO;HID;        162,60;     129,98;   30,000;   0,1000;   30,000;      0;      2;  ;;        ; HOJE 08:00;FND000592-4;35260907655407000287570020021401311007271805 ;          0,00;
GYN;FND151774-1; N;04/09/2026;15/09/2026;    11873;            ;     ;START HOME SHOP COMERCIO DE MO;START HOME SHOP COMERCIO DE MO;C.;MARIANA ESTHER BUENO LIMA (LIM;GOIANIA;GO;7  ;        253,01;     157,33;   35,000;   0,1000;   35,000;      0;      1;  ;;        ; HOJE 08:00;FND000592-4;35260907655407000287570020021401451007272106 ;          0,00;
GYN;FND152593-0; N;08/09/2026;16/09/2026;     5600;            ;     ;J A OUTLET COMERCIO DE MOVEIS;J A OUTLET COMERCIO DE MOVEIS;B.;LUCIANA FLAVIA DE QUEIROZ BARB;GOIANIA;GO;1  ;      1.329,90;     179,99;   42,500;   0,4400;  132,000;      0;      1;  ;;        ; HOJE 08:00;FND000592-4;35260907655407000287570020021408891007283275 ;          0,00;
GYN;FND152966-8; N;08/09/2026;16/09/2026;     3362;            ;     ;MODULAR CASA E DECORACAO LTDA;MODULAR CASA E DECORACAO LTDA;B.;RAFAEL DE CASTRO FONSECA;GOIANIA;GO;6  ;      5.498,72;     351,26;  118,650;   0,9277;  278,310;      0;      6;  ;;        ; HOJE 08:00;FND000592-4;35260907655407000287570020021412971007291174 ;          0,00;
GYN;VIX032660-7; N;03/09/2026;11/09/2026;  3302773;29116434    ;     ;BELMICRO TECNOLOGIA S/A;BELMICRO TECNOLOGIA S/A;A.;MONA MENDES NULL;GOIANIA;GO;2  ;      1.537,68;     135,22;   29,000;   0,3413;   92,151;      0;      1;  ;;        ; HOJE 13:01;VIX000375-1;32260907655407001844570010000337621007257337 ;          0,00;
GYN;VIX032858-8; N;04/09/2026;14/09/2026;   438878*;            ;     ;COBRA ROLAMENTOS E AUTOPECAS L;COBRA ROLAMENTOS E AUTOPECAS L;B.;COBRA ROLAMENTOS E AUTOPECAS L;GOIANIA;GO;1  ;     32.926,44;   1.085,07;  352,503;   2,1280;  638,400;      0;     38;  ;;        ; HOJE 13:01;VIX000375-1;32260907655407001844570010000338751007271481 ;          0,00;
GYN;VIX032923-1; N;04/09/2026;16/09/2026;     7549;            ;     ;BAOBA DISTR DE COSMETICOS LTDA;BAOBA DISTR DE COSMETICOS LTDA;C.;EMPREENDIMENTOS PAGUE MENOS S/;HIDROLANDIA;GO;HID;      1.146,78;     580,55;   49,182;   0,1200;   49,182;      0;     10;  ;;        ; HOJE 13:01;VIX000375-1;32260907655407001844570010000339361007272841 ;          0,00;
GYN;VIX033326-3; N;09/09/2026;16/09/2026;     5160;455040      ;     ;AUDIOFRAHM IND E COM DE ELETRO;AUDIOFRAHM IND E COM DE ELETRO;C.;EXCELENCIA DISTRIBUIDORA DE SI;APARECIDA DE GOIANIA;GO;A1 ;     14.801,24;     294,49;   58,668;   0,3241;   81,025;      0;     10;  ;;        ; HOJE 13:01;VIX000375-1;32260907655407001844570010000343381007306637 ;          0,00;
GYN;VIX033409-0; N;10/09/2026;17/09/2026;    36992;            ;     ;UNIQUE RUBBER TECHNOLOGIES LTD;UNIQUE RUBBER TECHNOLOGIES LTD;..;PNEUS ARAGUAIA LTDA;GOIANIA;GO;4  ;      6.969,34;     393,27;  281,180;   0,7350;  281,180;      0;     24;  ;;        ; HOJE 13:01;VIX000375-1;32260907655407001844570010000344111007317533 ;          0,00;
ITB;CAM426419-3; N;09/09/2026;17/09/2026;   733849;684816      ;     ;IND E COM DE COLCHOES CASTOR L;IND E COM DE COLCHOES CASTOR L;A.;WALASSE NEVES DOS SANTOS;BURITI ALEGRE;GO;BUR;      1.711,22;     568,32;  115,500;   1,7576;  527,280;      0;      3;83;CHEGADA NA UNIDADE INTERMEDIARIA ;10/09/26;;CAM027882-3;35260907655407000520570030004645441007299323 ;          0,00;
ITB;VIX032281-4; N;01/09/2026;11/09/2026;  3292771;29076417    ;     ;BELMICRO TECNOLOGIA S/A;BELMICRO TECNOLOGIA S/A;A.;ADILSON MATIAS CUNHA NULL;CALDAS NOVAS;GO;CLV;      1.718,57;      89,15;   29,600;   0,0438;   29,600;      2;      2;83;CHEGADA NA UNIDADE INTERMEDIARIA ;09/09/26;;VIX000372-7;32260907655407001844570010000331771007220123 ;          0,00;
ITB;VIX032422-1; N;03/09/2026;14/09/2026;  3298405;29095680    ;     ;BELMICRO TECNOLOGIA S/A;BELMICRO TECNOLOGIA S/A;A.;FERNANDA DINACCI FRANCO DO AMA;CALDAS NOVAS;GO;CLV;      1.899,56;      95,74;   32,000;   0,0207;   32,000;      2;      2;83;CHEGADA NA UNIDADE INTERMEDIARIA ;09/09/26;;VIX000372-7;32260907655407001844570010000337091007256805 ;          0,00;
ITB;VIX032539-2; N;03/09/2026;14/09/2026;  3299684;29103213    ;     ;BELMICRO TECNOLOGIA S/A;BELMICRO TECNOLOGIA S/A;A.;VILLA DOURADA FLATS NULL;CACHOEIRA DOURADA;GO;LC ;      2.282,98;     103,93;   33,600;   0,1798;   48,546;     21;     21;83;CHEGADA NA UNIDADE INTERMEDIARIA ;09/09/26;;VIX000372-7;32260907655407001844570010000336911007256620 ;          0,00;
ITB;VIX032827-8; N;04/09/2026;16/09/2026;  3304287;29122053    ;     ;BELMICRO TECNOLOGIA S/A;BELMICRO TECNOLOGIA S/A;A.;RHUANN OLIVEIRA DE ARAUJO NULL;BOM JESUS;GO;BMJ;      2.000,15;      96,53;   32,000;   0,0207;   32,000;      0;      2;83;CHEGADA NA UNIDADE INTERMEDIARIA ;10/09/26;;VIX000373-5;32260907655407001844570010000339791007273322 ;          0,00;
ITB;VIX032861-8; N;04/09/2026;14/09/2026;   982036;            ;     ;WEBCONTINENTAL LTDA;WEBCONTINENTAL LTDA;A1;CLAUDINEY SILVERIO;ITUMBIARA;GO;ITB;      2.282,32;     128,98;   35,000;   0,2300;   46,000;      0;      2;83;CHEGADA NA UNIDADE INTERMEDIARIA ;10/09/26;;VIX000373-5;32260907655407001844570010000338761007271497 ;          0,00;
ITB;VIX032868-5; N;04/09/2026;17/09/2026;   982319;            ;     ;WEBCONTINENTAL LTDA;WEBCONTINENTAL LTDA;A1;ANTONIO CARLOS DA SILVA LOIOLA;CALDAS NOVAS;GO;CLV;      1.820,23;     125,30;   30,100;   0,2000;   40,000;      0;      2;83;CHEGADA NA UNIDADE INTERMEDIARIA ;10/09/26;;VIX000373-5;32260907655407001844570010000338671007271404 ;          0,00;
ITB;VIX032898-7; N;04/09/2026;14/09/2026;  2847749;            ;     ;WEBCONTINENTAL LTDA;WEBCONTINENTAL LTDA;A1;ELAINE APARECIDA SOUTO BATISTA;ITUMBIARA;GO;ITB;      1.219,98;     188,22;   33,700;   0,3600;   72,000;      0;      1;83;CHEGADA NA UNIDADE INTERMEDIARIA ;10/09/26;;VIX000373-5;32260907655407001844570010000339171007272498 ;          0,00;
ITB;SAO152774-6; N;09/09/2026;14/09/2026;     4721;            ;     ;MEGATEC COMERCIAL IMPORTACAO E;ELETROSOLDA MAQ E FERRAMENTAS;B.;ELETROSOLDA MAQ E FERRAMENTAS;ITUMBIARA;GO;ITB;      5.072,80;     391,30;  451,840;   0,3012;  451,840;      0;     61;80;CTRC EMITIDO;09/09/26;;;35260907655407000287570020021416951007296220 ;          0,00;
ITB;SAO153262-6; N;09/09/2026;17/09/2026;   364668;            ;     ;VILHETO ALIMENTOS IND. E COM. ;WILLIANA BATISTA DA SILVA PAZ ;C.;WILLIANA BATISTA DA SILVA PAZ ;GOIATUBA;GO;GTB;      1.200,00;     138,17;   31,500;   0,0410;   31,500;      0;      1;80;CTRC EMITIDO;09/09/26;;;35260907655407000287570020021421511007303601 ;          0,00;
ITB;SAO153390-8; N;09/09/2026;17/09/2026;    11235;23522       ;     ;KEURE QUIMICA LTDA - ME;MEGA SHOPPING 7 E 25 LTDA;C.;MEGA SHOPPING 7 E 25 LTDA;PONTALINA;GO;LC ;      8.740,20;   1.267,42; 1045,580;   2,2558; 1045,580;      0;    206;80;CTRC EMITIDO;09/09/26;;;35260907655407000287570020021420831007302700 ;          0,00;
ITB;SAO154200-1; N;11/09/2026;18/09/2026;    11332;23556       ;     ;KEURE QUIMICA LTDA - ME;GJS UTILIDADES LTDA;C.;GJS UTILIDADES LTDA;PONTALINA;GO;LC ;      7.420,05;     475,46;  409,500;   1,3200;  409,500;      0;      1;80;CTRC EMITIDO;11/09/26;;;35260907655407000287570020021435701007328150 ;          0,00;
ITB;SAO154258-3; N;10/09/2026;21/09/2026;  1383566*;109191051   ;     ;BRS SP SUPRIMENTOS CORPORATIVO;BRS SP SUPRIMENTOS CORPORATIVO;A1;LOJAS AVENIDA S/A;CALDAS NOVAS;GO;CLV;      3.458,13;     245,78;  155,539;   0,5161;  155,539;      0;     23;80;CTRC EMITIDO;10/09/26;;;35260907655407000287570020021433681007325802 ;          0,00;
ITB;SAO154331-8; N;10/09/2026;18/09/2026;    99318;            ;     ;GRAMP LINE MATERIAIS PARA ESCR;MARIA FLORIPES DE OLIVEIRA;C.;MARIA FLORIPES DE OLIVEIRA;BOM JESUS;GO;BMJ;      6.583,67;     212,38;   91,310;   0,2512;   91,310;      0;     45;80;CTRC EMITIDO;10/09/26;;;35260907655407000287570020021433301007325422 ;          0,00;
ITB;SAO154825-5; N;11/09/2026;18/09/2026;  3052070;            ;     ;LORENZETTI SA INDS BRASILEIRAS;LORENZETTI SA INDS BRASILEIRAS;A2;RIBEIRO COMERCIO PARA CONSTRUC;PONTALINA;GO;LC ;      1.418,29;     106,29;   11,851;   0,1333;   33,325;      0;      3;80;CTRC EMITIDO;11/09/26;;;35260907655407000287570020021436431007329120 ;          0,00;
ITB;SAO154856-5; N;11/09/2026;18/09/2026;  3052138;            ;     ;LORENZETTI SA INDS BRASILEIRAS;LORENZETTI SA INDS BRASILEIRAS;A2;GEMEOS MATERIAIS PARA CONSTRUC;BOM JESUS;GO;BMJ;      2.402,92;     106,62;    9,317;   0,0918;   22,950;      0;      8;80;CTRC EMITIDO;11/09/26;;;35260907655407000287570020021436751007329442 ;          0,00;
ITB;SAO154883-2; N;11/09/2026;18/09/2026;  3052201;            ;     ;LORENZETTI SA INDS BRASILEIRAS;LORENZETTI SA INDS BRASILEIRAS;A2;REGINA FELIX BARROSO;INACIOLANDIA;GO;LC ;      2.138,62;     124,45;   16,070;   0,1696;   42,400;      0;      4;80;CTRC EMITIDO;11/09/26;;;35260907655407000287570020021436971007329660 ;          0,00;
ITB;VIX032876-6; N;04/09/2026;17/09/2026;   982506;            ;     ;WEBCONTINENTAL LTDA;WEBCONTINENTAL LTDA;A1;LIVIA MARIA CARNEIRO DE VERGUE;CALDAS NOVAS;GO;CLV;      2.621,66;     131,67;   36,800;   0,2200;   44,000;      0;      2;  ;;        ; HOJE 13:01;VIX000375-1;32260907655407001844570010000338871007271601 ;          0,00;
ITB;VIX033060-4; N;08/09/2026;17/09/2026;   983188;            ;     ;WEBCONTINENTAL LTDA;WEBCONTINENTAL LTDA;A1;CAMILA OLIVEIRA MARTINS;MORRINHOS;GO;MOR;      2.535,69;     130,99;   30,100;   0,2200;   44,000;      0;      2;  ;;        ; HOJE 13:01;VIX000375-1;32260907655407001844570010000340311007288593 ;          0,00;
ITB;VIX033083-3; N;08/09/2026;17/09/2026;   983851;            ;     ;WEBCONTINENTAL LTDA;WEBCONTINENTAL LTDA;A1;DANIEL SANTANA;GOIATUBA;GO;GTB;      5.199,83;     174,44;   50,000;   0,3500;   70,000;      0;      3;  ;;        ; HOJE 13:01;VIX000375-1;32260907655407001844570010000340541007288822 ;          0,00;
ITB;VIX033085-0; N;08/09/2026;18/09/2026;   983925;            ;     ;WEBCONTINENTAL LTDA;WEBCONTINENTAL LTDA;A1;MARIA HELENA DA SILVA HELENA;CALDAS NOVAS;GO;CLV;      5.727,13;     296,10;  105,000;   0,6900;  138,000;      0;      6;  ;;        ; HOJE 13:01;VIX000375-1;32260907655407001844570010000340561007288843 ;          0,00;
ITB;VIX033087-6; N;08/09/2026;17/09/2026;   983971;            ;     ;WEBCONTINENTAL LTDA;WEBCONTINENTAL LTDA;A1;CAROLINE SANTIAGO DOS SANTOS;MORRINHOS;GO;MOR;      1.929,60;     126,17;   30,100;   0,2000;   40,000;      0;      2;  ;;        ; HOJE 13:01;VIX000375-1;32260907655407001844570010000340581007288864 ;          0,00;
ITB;VIX033097-3; N;08/09/2026;15/09/2026;   984366;            ;     ;WEBCONTINENTAL LTDA;WEBCONTINENTAL LTDA;A1;ALESSANDRO CARLOS GOMES DE FRE;ITUMBIARA;GO;ITB;      2.409,79;     129,99;   36,800;   0,2200;   44,000;      0;      2;  ;;        ; HOJE 13:01;VIX000375-1;32260907655407001844570010000340681007288968 ;          0,00;
ITB;VIX033152-0; N;08/09/2026;17/09/2026;  2849930;            ;     ;WEBCONTINENTAL LTDA;WEBCONTINENTAL LTDA;A1;MIRELLA OHANA ARAUJO ALVES;MORRINHOS;GO;MOR;      2.136,06;     195,50;   43,500;   0,4200;   84,000;      0;      1;  ;;        ; HOJE 13:01;VIX000375-1;32260907655407001844570010000341201007289486 ;          0,00;
ITB;VIX033156-2; N;08/09/2026;15/09/2026;  2850015;            ;     ;WEBCONTINENTAL LTDA;WEBCONTINENTAL LTDA;A1;IVONICE BORGES LEITE DA SILVA;ITUMBIARA;GO;ITB;      2.331,46;     129,36;   26,500;   0,1800;   36,000;      0;      2;  ;;        ; HOJE 13:01;VIX000375-1;32260907655407001844570010000341241007289523 ;          0,00;
ITB;VIX033254-2; N;09/09/2026;16/09/2026;   108426;            ;     ;TOYNG IMP EXP E COM DE BRINQUE;VILELA FRANCO LTDA ME         ;C.;VILELA FRANCO LTDA ME         ;ITUMBIARA;GO;ITB;      4.745,74;     307,55;   19,147;   0,2454;   73,620;      0;     12;  ;;        ; HOJE 13:01;VIX000375-1;32260907655407001844570010000343001007302960 ;          0,00;
ITJ;CBA017615-0; N;31/08/2026;10/09/2026;    36900;            ;     ;PAULA;WEBCONTINENTAL LTDA;A1;WEBCONTINENTAL LTDA;NAVEGANTES;SC;SAO;      1.869,00;     159,78;   31,000;   0,3334;   66,680;      0;      2;  ;;        ; HOJE 15:59;CBA006632-0;51260807655407000368570020000175001007197055 ;         28,12;
ITT;FND152850-5; N;08/09/2026;25/09/2026;     8571;            ;     ;47.247.735 FRANCISCO RICARDO V;47.247.735 FRANCISCO RICARDO V;C.;GILMAR DIOGO LOPES;ITUIUTABA;MG;UDI;        626,66;     362,01;   40,000;   0,6400;  192,000;      0;      1;  ;;        ; HOJE 08:00;FND000592-4;35260907655407000287570020021412531007288110 ;         95,57;
JDF;CAT149687-5; N;02/09/2026;25/09/2026;   561860;592120      ;     ;MOVEIS PROVINCIA INDUSTRIA E C;MOVEIS PROVINCIA INDUSTRIA E C;A.;DAYANE DA SILVA;CATAGUASES;MG;BHZ;        578,65;     168,48;   52,000;   0,1124;   52,000;      1;      1;83;CHEGADA NA UNIDADE INTERMEDIARIA ;09/09/26;;SJP000586-0;35260907655407000287570020021380311007233072 ;         47,73;
JDF;SAN007471-3; N;10/09/2026;16/09/2026;   110926;            ;TIT  ;NOVA ERA EXPRESS TRANSPORTES L;EXPRESSO RIO VERMELHO;.3;NOVA ERA EXPRESS TRANSPORTES L;JUIZ DE FORA;MG;BHZ;          0,01;       0,01;    0,010;   0,0000;    0,010;      0;      1;80;CTRC EMITIDO;10/09/26;;; ;         28,00;
JDF;SAO152511-5; N;09/09/2026;18/09/2026;  1383370;109143681   ;     ;BRS SP SUPRIMENTOS CORPORATIVO;BRS SP SUPRIMENTOS CORPORATIVO;A1;PROTEGE S/A PROTECAO E TRANSPO;MURIAE;MG;BHZ;      1.461,05;     124,52;   70,730;   0,1318;   70,730;      0;     10;80;CTRC EMITIDO;09/09/26;;;35260907655407000287570020021415511007294782 ;         35,80;
JDF;SAS028014-3; N;09/09/2026;31/12/2050;   262775;            ;TIT  ;EXPRESSO RIO VERMELHO;EXPRESSO RIO VERMELHO;.3;RITA DE CASSIA ARAUJO AQUINO;BARBACENA;MG;BHZ;          0,01;       0,01;   40,000;   0,0000;   40,000;      0;      1;80;CTRC EMITIDO;09/09/26;;; ;          0,00;
JDF;SAS028015-1; N;09/09/2026;31/12/2050;   262778;            ;TIT  ;EXPRESSO RIO VERMELHO;EXPRESSO RIO VERMELHO;.3;SANDRA HELENA BARRETO SOARES;JUIZ DE FORA;MG;BHZ;          0,01;       0,01;   40,000;   0,0000;   40,000;      0;      1;80;CTRC EMITIDO;09/09/26;;; ;          0,00;
JDF;FND151746-5; N;04/09/2026;23/09/2026;     6350;            ;     ;INFOCELL PREMIUM LTDA;INFOCELL PREMIUM LTDA;A.;JARDI SANTIAGO LEANDRO LOPES;JUIZ DE FORA;MG;BHZ;        182,30;     149,76;   47,000;   0,1500;   47,000;      0;      1;  ;;        ; HOJE 08:00;FND000592-4;35260907655407000287570020021401281007271770 ;         39,63;
JDF;FND152495-0; N;08/09/2026;24/09/2026;     5599;            ;     ;J A OUTLET COMERCIO DE MOVEIS;J A OUTLET COMERCIO DE MOVEIS;B.;MARCIO JOSE MONTEIRO OLIVEIRA;JUIZ DE FORA;MG;BHZ;        738,30;     490,00;   40,000;   0,9600;  288,000;      0;      1;  ;;        ; HOJE 08:00;FND000592-4;35260907655407000287570020021408951007283337 ;        129,73;
JDF;FND152820-3; N;08/09/2026;25/09/2026;   104190;            ;     ;MOBIGU COMERCIO DE MOVEIS LTDA;MOBIGU COMERCIO DE MOVEIS LTDA;B.;APARECIDA SILVA CABRAL ALMEIDA;UBA;MG;365;         96,85;     165,03;   16,800;   0,0500;   16,800;      0;      1;  ;;        ; HOJE 08:00;FND000592-4;35260907655407000287570020021412291007287878 ;         46,52;
JDF;FND153467-0; N;09/09/2026;29/09/2026;    77651;            ;     ;A V LARANJA COMERCIO DE MOVEIS;A V LARANJA COMERCIO DE MOVEIS;..;PRISCILA APARECIDA COELHO CHAV;MURIAE;MG;BHZ;      1.291,37;     416,39;   34,000;   0,6184;  185,520;      0;      1;  ;;        ; HOJE 08:00;FND000592-4;35260907655407000287570020021420511007302251 ;        117,90;
JMO;BNU001918-6; N;08/09/2026;23/09/2026;   287148;182901      ;     ;BELLA ARTE DECOR LTDA;BELLA ARTE DECOR LTDA;B.;LL RABISCO LTDA;ALVINOPOLIS;MG;BHZ;      5.675,41;     384,31;  165,184;   0,5100;  165,184;     19;     19;83;CHEGADA NA UNIDADE INTERMEDIARIA ;10/09/26;;CWB000485-5;42260907655407002140570200000019091007288405 ;         90,37;
JMO;CAT149683-2; N;02/09/2026;25/09/2026;   561857;592111      ;     ;MOVEIS PROVINCIA INDUSTRIA E C;MOVEIS PROVINCIA INDUSTRIA E C;A.;ANDREA DINIZ;ITABIRA;MG;BHZ;        730,14;     125,39;   39,440;   0,0996;   39,440;      1;      1;83;CHEGADA NA UNIDADE INTERMEDIARIA ;09/09/26;;SJP000586-0;35260907655407000287570020021380271007233037 ;         38,62;
JMO;FND151690-6; N;04/09/2026;29/09/2026;   103938;            ;     ;MOBIGU COMERCIO DE MOVEIS LTDA;MOBIGU COMERCIO DE MOVEIS LTDA;B.;FERNANDA COSTA;ITABIRA;MG;BHZ;        385,69;     154,15;   38,900;   0,1200;   38,900;      0;      2;  ;;        ; HOJE 08:00;FND000592-4;35260907655407000287570020021400141007269081 ;         47,48;
JMO;FND152381-3; N;08/09/2026;30/09/2026;    21656;            ;     ;CASELLI STORE COMERCIO LTDA;CASELLI STORE COMERCIO LTDA;A.;DIOGO;BARAO DE COCAIS;MG;BHZ;        165,30;     128,24;   37,000;   0,2000;   60,000;      0;      2;  ;;        ; HOJE 08:00;FND000592-4;35260907655407000287570020021408841007281977 ;         39,50;
JMO;FND153642-7; N;09/09/2026;01/10/2026;    19323;            ;     ;POLIZELLI MOVEIS E UTILIDADES;POLIZELLI MOVEIS E UTILIDADES;A.;BRUNO CRUZ;ITABIRA;MG;BHZ;        148,30;     139,47;   45,000;   0,2500;   75,000;      0;      2;  ;;        ; HOJE 08:00;FND000592-4;35260907655407000287570020021421631007304048 ;         42,96;
JNA;SAO153802-1; N;09/09/2026;23/09/2026;    46707;            ;     ;6F DECORACOES LTDA;S S NOGUEIRA E CIA LTDA;.3;S S NOGUEIRA E CIA LTDA;JUINA;MT;CBA;      1.745,12;     212,90;   25,000;   0,2596;   77,880;      0;      1;80;CTRC EMITIDO;09/09/26;;;35260907655407000287570020021425981007312358 ;          0,00;
JNA;SAO154425-0; N;10/09/2026;25/09/2026;   144416*;186293      ;     ;METALURGICA INCA LTDA;ENERGY OBRAS E COMERCIO DE MAT;..;ENERGY OBRAS E COMERCIO DE MAT;ARIPUANA;MT;CBA;      5.144,73;     454,80;   90,140;   0,2932;   90,140;      0;      8;80;CTRC EMITIDO;10/09/26;;;35260907655407000287570020021431931007323615 ;          0,00;
JNA;VIX033002-7; N;08/09/2026;22/09/2026;  3312322;29145985    ;     ;BELMICRO TECNOLOGIA S/A;BELMICRO TECNOLOGIA S/A;A.;JORGE LUIZ LOPES PAIXAO NULL;JUINA;MT;CBA;      1.871,01;     232,40;   34,270;   0,3060;   82,620;      0;      1;  ;;        ; HOJE 13:01;VIX000375-1;32260907655407001844570010000342381007290913 ;          0,00;
JOI;GYN127238-1; N;26/08/2026;04/09/2026;      606;960769      ;     ;GENWATT ENGENHARIA E COMERCIO ;DIMENSIONAL BRASIL SOLUCOES LT;A1;DIMENSIONAL BRASIL SOLUCOES LT;GARUVA;SC;CWB;      2.860,00;      94,25;    1,000;   0,0000;    1,000;      1;      1;83;CHEGADA NA UNIDADE INTERMEDIARIA ;04/09/26;;DK4000135-0;52260807655407000449570040001012751007139992 ;         19,08;
JOI;CGD034875-9; D;03/09/2026;15/09/2026;   984408;29797031    ;     ;ADM DO BRASIL LTDA.;DIMENSIONAL BRASIL SOLUCOES LT;A1;DIMENSIONAL BRASIL SOLUCOES LT;JOINVILLE;SC;CWB;        508,81;      79,14;    0,740;   0,0062;    1,860;      0;      2;  ;;        ; HOJE 15:59;CGD008598-7;50260907655407000600570010000344531007254768 ;         16,02;
JPR;BIR151370-2; N;04/09/2026;21/09/2026;      421;            ;     ;GLM PECAS LTDA;GLM PECAS LTDA;C.;VALTER CARLOS DE SIQUEIRA;PORTO VELHO;RO;RON;        100,00;     481,85;    6,000;   0,4944;  148,320;      1;      1;83;CHEGADA NA UNIDADE INTERMEDIARIA ;10/09/26;;BIR000388-3;35260907655407000287570020021397721007265107 ;        126,97;
JPR;BIR153142-5; N;09/09/2026;23/09/2026;    15788;            ;     ;PECUARISTA D OESTE DE ARACATUB;PECUARISTA D OESTE DE ARACATUB;A.;ALVORADA COMERCIO DE PRODUTOS;PORTO VELHO;RO;RON;      4.884,00;     814,62;   55,200;   0,1700;   55,200;      4;      4;83;CHEGADA NA UNIDADE INTERMEDIARIA ;10/09/26;;BIR000388-3;35260907655407000287570020021418371007297894 ;        214,65;
JPR;BIR153143-3; N;09/09/2026;24/09/2026;    15790;            ;     ;PECUARISTA D OESTE DE ARACATUB;PECUARISTA D OESTE DE ARACATUB;A.;AURORA COM E DIST DE MEDICAMEN;JI-PARANA;RO;RON;      7.224,00;   1.055,55;   80,200;   0,2700;   81,000;      6;      6;83;CHEGADA NA UNIDADE INTERMEDIARIA ;10/09/26;;BIR000388-3;35260907655407000287570020021418381007297905 ;        278,14;
JPR;BIR153144-1; N;09/09/2026;30/09/2026;    15785;            ;     ;PECUARISTA D OESTE DE ARACATUB;PECUARISTA D OESTE DE ARACATUB;A.;SOUBHIA CIA LTDA;ARIQUEMES;RO;RON;      8.598,00;   1.004,24;   66,720;   0,2200;   66,720;      6;      6;83;CHEGADA NA UNIDADE INTERMEDIARIA ;10/09/26;;BIR000388-3;35260907655407000287570020021418391007297910 ;        264,62;
JPR;BIR153145-0; N;09/09/2026;24/09/2026;    15787;            ;     ;PECUARISTA D OESTE DE ARACATUB;PECUARISTA D OESTE DE ARACATUB;A.;SOUBHIA E CIA LTDA.;JI-PARANA;RO;RON;     12.108,00;   1.325,97;  131,900;   0,4300;  131,900;      9;      9;83;CHEGADA NA UNIDADE INTERMEDIARIA ;10/09/26;;BIR000388-3;35260907655407000287570020021418401007297920 ;        349,39;
JPR;VIX032913-4; N;04/09/2026;28/09/2026;  2848275;            ;     ;WEBCONTINENTAL LTDA;WEBCONTINENTAL LTDA;A1;JOAO GOMES DA SILVA;BURITIS;RO;RON;      2.003,99;     204,55;   27,500;   0,1800;   36,000;      0;      2;83;CHEGADA NA UNIDADE INTERMEDIARIA ;10/09/26;;VIX000373-5;32260907655407001844570010000339041007272350 ;         61,00;
JPR;VIX032914-2; N;04/09/2026;21/09/2026;  2848338;            ;     ;WEBCONTINENTAL LTDA;WEBCONTINENTAL LTDA;A1;RODRIGO BAPTISTA;PORTO VELHO;RO;RON;      2.157,99;     167,95;   26,500;   0,1800;   36,000;      0;      2;83;CHEGADA NA UNIDADE INTERMEDIARIA ;10/09/26;;VIX000373-5;32260907655407001844570010000339071007272394 ;         53,00;
JPR;VIX033089-2; N;08/09/2026;29/09/2026;   983996;            ;     ;WEBCONTINENTAL LTDA;WEBCONTINENTAL LTDA;A1;JEIEL MARQUES CARVALHO;ARIQUEMES;RO;RON;      2.643,99;     210,36;   30,700;   0,2200;   44,000;      0;      2;83;CHEGADA NA UNIDADE INTERMEDIARIA ;10/09/26;;VIX000373-5;32260907655407001844570010000340601007288889 ;         55,43;
JPR;SAO151479-2; N;04/09/2026;25/09/2026;   189704;            ;     ;CARVALHAES PRODUTOS PARA LABOR;OLEOPLAN RONDONIA INDUSTRIA DE;B2;OLEOPLAN RONDONIA INDUSTRIA DE;CACOAL;RO;RON;     10.219,86;     684,38;   18,000;   0,0783;   23,490;      0;      3;95;ATENDIMENTO/ INFORMACOES/ TRATATIVAS INTERNAS;10/09/26;;;35260907655407000287570020021400261007269317 ;        180,33;
JPR;SAO151487-3; N;04/09/2026;25/09/2026;   189501;            ;     ;CARVALHAES PRODUTOS PARA LABOR;OLEOPLAN RONDONIA INDUSTRIA DE;B2;OLEOPLAN RONDONIA INDUSTRIA DE;CACOAL;RO;RON;        567,88;     432,41;    0,040;   0,0101;    3,030;      0;      1;95;ATENDIMENTO/ INFORMACOES/ TRATATIVAS INTERNAS;10/09/26;;;35260907655407000287570020021400271007269322 ;        113,94;
JPR;SAO151490-3; N;04/09/2026;25/09/2026;   189410;            ;     ;CARVALHAES PRODUTOS PARA LABOR;OLEOPLAN RONDONIA INDUSTRIA DE;B2;OLEOPLAN RONDONIA INDUSTRIA DE;CACOAL;RO;RON;        101,13;     408,67;    0,030;   0,0101;    3,030;      0;      1;95;ATENDIMENTO/ INFORMACOES/ TRATATIVAS INTERNAS;10/09/26;;;35260907655407000287570020021400251007269301 ;        107,68;
JPR;SAO154592-2; N;10/09/2026;23/09/2026;    13336;13840       ;     ;BULGAR E HIS HOLDING ASSESSORI;BULGAR E HIS HOLDING ASSESSORI;B.;MARIA CLARA SANTOS DOS SANTOS;PORTO VELHO;RO;RON;      2.302,00;     396,34;   56,270;   0,6245;  187,350;      0;     14;80;CTRC EMITIDO;10/09/26;;;35260907655407000287570020021432481007324492 ;        104,44;
JPR;SAO154646-5; N;10/09/2026;30/09/2026;   394309;            ;     ;MOAS IND E COM IMP E EXP LTDA;MOAS IND E COM IMP E EXP LTDA;A3;VENEZA COMERCIO DO VESTUARIO E;OURO PRETO DO OESTE;RO;RON;      7.956,56;   1.059,60;   73,493;   1,2760;  382,800;      0;     11;80;CTRC EMITIDO;10/09/26;;;35260907655407000287570020021434111007326305 ;        279,20;
JPR;SAO154663-5; N;10/09/2026;30/09/2026;   394524;            ;     ;MOAS IND E COM IMP E EXP LTDA;MOAS IND E COM IMP E EXP LTDA;A3;DEBORA TEIXEIRA DE SIQUEIRA 00;BURITIS;RO;RON;      2.451,19;     298,97;   26,320;   0,2030;   60,900;      0;      3;80;CTRC EMITIDO;10/09/26;;;35260907655407000287570020021434151007326347 ;         83,71;
JPR;SAO154749-6; N;11/09/2026;24/09/2026;    93339;            ;     ;TIRRENO IND E COM DE PRODUTOS;TIRRENO IND E COM DE PRODUTOS;B.;MERCANTIL CANOPUS COMERCIO DE ;VILHENA;RO;RON;      1.165,70;     202,39;    7,540;   0,0215;    7,540;      0;      2;80;CTRC EMITIDO;11/09/26;;;35260907655407000287570020021435841007328296 ;         53,33;
JPR;SAO154753-4; N;11/09/2026;23/09/2026;    93418;            ;     ;TIRRENO IND E COM DE PRODUTOS;TIRRENO IND E COM DE PRODUTOS;B.;RODAO AUTO PECAS LTDA;PORTO VELHO;RO;RON;      4.203,27;     185,90;   23,430;   0,0707;   23,430;      0;      4;80;CTRC EMITIDO;11/09/26;;;35260907655407000287570020021435951007328400 ;         53,00;
JPR;SAO154760-7; N;11/09/2026;24/09/2026;   242030;250552      ;     ;MAXI RUBBER IND QUIMICAS;MAXI RUBBER IND QUIMICAS;B.;SAGU COMERCIO E REPRES DE TINT;JI-PARANA;RO;RON;     12.228,04;   1.905,46;  638,068;   0,6075;  638,068;      0;     57;80;CTRC EMITIDO;11/09/26;;;35260907655407000287570020021436021007328474 ;        502,09;
JPR;SAO154803-4; N;11/09/2026;23/09/2026;   358275;10007555_020;     ;DIVERSEY BRASIL INDUSTRIA QUIM;DIVERSEY BRASIL INDUSTRIA QUIM;A2;QUALITY CLEAN COM E SERV EIREL;PORTO VELHO;RO;RON;     30.315,31;   4.811,67; 1984,033;   5,7600; 1984,033;      0;      4;80;CTRC EMITIDO;11/09/26;;;35260907655407000287570020021436191007328854 ;      1.309,46;
JPR;SAO154806-9; N;11/09/2026;30/09/2026;   358255;4501221234  ;     ;DIVERSEY BRASIL INDUSTRIA QUIM;DIVERSEY BRASIL INDUSTRIA QUIM;A2;FORTUNCERES SA;CHUPINGUAIA;RO;RON;        523,50;     368,42;   26,300;   0,0150;   26,300;      0;      1;80;CTRC EMITIDO;11/09/26;;;35260907655407000287570020021436211007328879 ;        114,21;
JPR;SAO154807-7; N;11/09/2026;23/09/2026;   358253;1206168_0209;     ;DIVERSEY BRASIL INDUSTRIA QUIM;DIVERSEY BRASIL INDUSTRIA QUIM;A2;QUALITY CLEAN COM E SERV EIREL;PORTO VELHO;RO;RON;     24.863,66;   6.858,32; 2896,400;   3,9962; 2896,400;      0;     48;80;CTRC EMITIDO;11/09/26;;;35260907655407000287570020021436251007328916 ;      1.911,62;
JPR;FND152847-5; N;08/09/2026;29/09/2026;     3286;            ;     ;MR FABRICACAO DE PRODUTOS META;MR FABRICACAO DE PRODUTOS META;B.;J I DANTAS DE LIMA LTDA;OURO PRETO DO OESTE;RO;RON;      9.800,00;     899,99;  330,000;   1,1000;  330,000;      0;      1;  ;;        ; HOJE 08:00;FND000592-4;35260907655407000287570020021412521007288104 ;        237,15;
JPR;VIX033058-2; N;08/09/2026;22/09/2026;   983178;            ;     ;WEBCONTINENTAL LTDA;WEBCONTINENTAL LTDA;A1;LEANDRO SILVA;PORTO VELHO;RO;RON;      2.521,11;     171,26;   30,900;   0,1900;   38,000;      0;      2;  ;;        ; HOJE 13:01;VIX000375-1;32260907655407001844570010000340291007288579 ;         53,00;
JPR;VIX033082-5; N;08/09/2026;22/09/2026;   983774;            ;     ;WEBCONTINENTAL LTDA;WEBCONTINENTAL LTDA;A1;FRANCINETE MARINHO;PORTO VELHO;RO;RON;      1.984,77;     166,39;   30,100;   0,2000;   40,000;      0;      2;  ;;        ; HOJE 13:01;VIX000375-1;32260907655407001844570010000340531007288817 ;         53,00;
JPR;VIX033096-5; N;08/09/2026;30/09/2026;   984365;            ;     ;WEBCONTINENTAL LTDA;WEBCONTINENTAL LTDA;A1;PEDRO HENRIQUE RAASCH MULLER;ESPIGAO D OESTE;RO;RON;      2.094,09;     205,36;   30,300;   0,1900;   38,000;      0;      2;  ;;        ; HOJE 13:01;VIX000375-1;32260907655407001844570010000340671007288952 ;         70,00;
JPR;VIX033098-1; N;08/09/2026;22/09/2026;   984385;            ;     ;WEBCONTINENTAL LTDA;WEBCONTINENTAL LTDA;A1;LUSMAR GOMES FERREIRA ANDRADE;PORTO VELHO;RO;RON;      2.556,48;     171,58;   36,800;   0,2200;   44,000;      0;      2;  ;;        ; HOJE 13:01;VIX000375-1;32260907655407001844570010000340691007288973 ;         53,00;
JPR;VIX033100-7; N;08/09/2026;22/09/2026;   984453;            ;     ;WEBCONTINENTAL LTDA;WEBCONTINENTAL LTDA;A1;ATILA GALVAO;PORTO VELHO;RO;RON;      5.473,99;     229,76;   41,600;   0,3100;   62,000;      0;      3;  ;;        ; HOJE 13:01;VIX000375-1;32260907655407001844570010000340711007288998 ;         60,54;
JPR;VIX033103-1; N;08/09/2026;29/09/2026;   984613;            ;     ;WEBCONTINENTAL LTDA;WEBCONTINENTAL LTDA;A1;CLAUDINEI DE OLIVEIRA COSTA;CACOAL;RO;RON;      2.243,99;     206,73;   36,000;   0,2300;   46,000;      0;      2;  ;;        ; HOJE 13:01;VIX000375-1;32260907655407001844570010000340741007289023 ;         54,47;
JPR;VIX033107-4; N;08/09/2026;22/09/2026;   984784;            ;     ;WEBCONTINENTAL LTDA;WEBCONTINENTAL LTDA;A1;MICAEL MENDONAA DA SILVA SANTO;PORTO VELHO;RO;RON;      3.120,74;     208,38;   37,600;   0,2700;   54,000;      0;      2;  ;;        ; HOJE 13:01;VIX000375-1;32260907655407001844570010000340781007289065 ;         54,91;
JPR;VIX033111-2; N;08/09/2026;22/09/2026;   984931;            ;     ;WEBCONTINENTAL LTDA;WEBCONTINENTAL LTDA;A1;STEFY BELO;PORTO VELHO;RO;RON;      2.344,04;     169,65;   30,700;   0,2200;   44,000;      0;      2;  ;;        ; HOJE 13:01;VIX000375-1;32260907655407001844570010000340821007289106 ;         53,00;
JPR;VIX033163-5; N;08/09/2026;22/09/2026;  2850707;            ;     ;WEBCONTINENTAL LTDA;WEBCONTINENTAL LTDA;A1;TATIANA ARAUJO MUNIZ;PORTO VELHO;RO;RON;      3.289,78;     209,91;   32,500;   0,3300;   66,000;      0;      2;  ;;        ; HOJE 13:01;VIX000375-1;32260907655407001844570010000341291007289570 ;         55,31;
JPR;VIX033181-3; N;08/09/2026;22/09/2026;  2852432;            ;     ;WEBCONTINENTAL LTDA;WEBCONTINENTAL LTDA;A1;GREICIANE GALVAO SILVA;PORTO VELHO;RO;RON;      1.032,69;     157,73;   21,300;   0,2400;   48,000;      0;      1;  ;;        ; HOJE 13:01;VIX000375-1;32260907655407001844570010000341471007289757 ;         53,00;
JTI;BIR149813-4; N;02/09/2026;14/09/2026;    15751;            ;     ;PECUARISTA D OESTE DE ARACATUB;PECUARISTA D OESTE DE ARACATUB;A.;AGROPECUARIA JATAI COMERCIO, I;JATAI;GO;JTI;      5.529,60;     323,92;   52,400;   0,1700;   52,400;      2;      2;83;CHEGADA NA UNIDADE INTERMEDIARIA ;08/09/26;;BIR000387-5;35260907655407000287570020021382201007236664 ;          1,62;
JTI;BIR151388-5; N;04/09/2026;16/09/2026;    15774;            ;     ;PECUARISTA D OESTE DE ARACATUB;PECUARISTA D OESTE DE ARACATUB;A.;ALVORADA COMERCIO DE PRODUTOS ;JATAI;GO;JTI;      2.544,00;     230,94;   30,200;   0,1000;   30,200;      2;      2;83;CHEGADA NA UNIDADE INTERMEDIARIA ;08/09/26;;BIR000387-5;35260907655407000287570020021397811007265190 ;          1,15;
JTI;CAM426256-5; N;08/09/2026;15/09/2026;   734874;684989      ;     ;IND E COM DE COLCHOES CASTOR L;IND E COM DE COLCHOES CASTOR L;A.;EDMUNDO DIAS MORAES NETO;JATAI;GO;JTI;      6.781,14;   1.608,16;  349,200;   5,3129; 1593,870;      0;     12;83;CHEGADA NA UNIDADE INTERMEDIARIA ;10/09/26;;CAM027882-3;35260907655407000520570030004643281007282353 ;          8,04;
JTI;CAM426302-2; N;08/09/2026;15/09/2026;   175905;            ;     ;SUSTENTARE PRODUTOS ALIMENTICI;SUSTENTARE PRODUTOS ALIMENTICI;B.;41 BATALHAO DE INFAN TARIA MOT;JATAI;GO;JTI;      9.115,20;   2.421,38; 1422,900;   2,7600; 1422,900;      0;      2;83;CHEGADA NA UNIDADE INTERMEDIARIA ;10/09/26;;CAM027882-3;35260907655407000520570030004644281007286990 ;         12,11;
JTI;TIT151434-2; N;04/09/2026;16/09/2026;    90900;            ;     ;BIATEX IMPREGNADORA LTDA;TRAJETON MAGAZINE LTDA;C.;TRAJETON MAGAZINE LTDA;JATAI;GO;JTI;      6.903,71;   1.206,04;  170,000;   1,7290;  518,700;      0;     20;83;CHEGADA NA UNIDADE INTERMEDIARIA ;10/09/26;;CAM027882-3;35260907655407000287570020021398061007265530 ;          6,03;
JTI;CWB011726-9; N;01/09/2026;11/09/2026;  7422556;134144340000;     ;LOJA ELECTROLUX COM VIRTUAL DE;LOJA ELECTROLUX COM VIRTUAL DE;A.;ARIADNE NOT AVAILABLE;JATAI;GO;JTI;      6.618,00;     523,98;  100,000;   1,3560;  339,000;      0;      1;83;CHEGADA NA UNIDADE INTERMEDIARIA ;03/09/26;;CWB000476-6;41260907655407001763570010000116271007224710 ;          2,62;
JTI;CWB011828-1; N;03/09/2026;15/09/2026;  7427112;134168620000;     ;LOJA ELECTROLUX COM VIRTUAL DE;LOJA ELECTROLUX COM VIRTUAL DE;A.;ANA BEATRIZ GOMES GARCIA;JATAI;GO;JTI;      3.069,33;     334,29;   53,000;   0,8600;  215,000;      1;      1;83;CHEGADA NA UNIDADE INTERMEDIARIA ;08/09/26;;CWB000481-2;41260907655407001763570010000117491007255480 ;          1,67;
JTI;FND151277-3; N;04/09/2026;16/09/2026;     4388;9410E       ;     ;GD INDUSTRIA E COMERCIO DE MOV;GD INDUSTRIA E COMERCIO DE MOV;B3;LASARA CAROLLINE CABRAL DE FRE;JATAI;GO;JTI;        925,40;     122,31;   29,300;   0,1000;   30,000;      2;      2;83;CHEGADA NA UNIDADE INTERMEDIARIA ;05/09/26;;FND000591-6;35260907655407000287570020021397501007264138 ;          0,61;
JTI;FRA151658-2; N;04/09/2026;16/09/2026;  4385802;2609033QJABA;     ;PALACIO DAS FERRAMENTAS E PARA;PALACIO DAS FERRAMENTAS E PARA;A.;VANDERLEY RODRIGUES DO AMARAL;JATAI;GO;JTI;      1.717,43;     179,77;  108,000;   0,1037;  108,000;      4;      4;83;CHEGADA NA UNIDADE INTERMEDIARIA ;08/09/26;;FRA001750-7;35260907655407000287570020021399961007268834 ;          0,90;
JTI;IBI151712-1; N;04/09/2026;16/09/2026;      503;            ;     ;SILTEX ARTIGOS TEXTEIS LTDA;SILTEX ARTIGOS TEXTEIS LTDA;B.;APRIMORY VET CURSOS E CONSULTO;JATAI;GO;JTI;      2.571,00;     126,76;   18,000;   0,0730;   21,900;      1;      1;83;CHEGADA NA UNIDADE INTERMEDIARIA ;08/09/26;;IBI000236-4;35260907655407000287570020021400291007269475 ;          0,63;
JTI;VIX032320-9; N;01/09/2026;10/09/2026;   979275;            ;     ;WEBCONTINENTAL LTDA;WEBCONTINENTAL LTDA;A1;ROSANA PEREIRA SILVA;JATAI;GO;JTI;      3.591,25;     161,65;   48,000;   0,3400;   68,000;      2;      2;83;CHEGADA NA UNIDADE INTERMEDIARIA ;05/09/26;;VIX000370-1;32260907655407001844570010000330551007218797 ;          0,81;
JTI;VIX032496-5; N;02/09/2026;11/09/2026;   308790;            ;     ;FAURA MOVEIS E DECORACAO LTDA;FAURA MOVEIS E DECORACAO LTDA;B.;LEIDIMAR CARMO DA SILVA;JATAI;GO;JTI;      1.826,81;     140,42;   83,000;   0,2520;   83,000;      4;      4;83;CHEGADA NA UNIDADE INTERMEDIARIA ;05/09/26;;VIX000370-1;32260907655407001844570010000335021007237744 ;          0,70;
JTI;VIX032506-6; N;02/09/2026;11/09/2026;   308956;            ;     ;FAURA MOVEIS E DECORACAO LTDA;FAURA MOVEIS E DECORACAO LTDA;B.;LORENA REZENDE;JATAI;GO;JTI;      1.532,81;     138,75;   78,000;   0,2520;   78,000;      4;      4;83;CHEGADA NA UNIDADE INTERMEDIARIA ;05/09/26;;VIX000370-1;32260907655407001844570010000335111007237832 ;          0,69;
JTI;VIX032510-4; N;02/09/2026;11/09/2026;   308977;            ;     ;FAURA MOVEIS E DECORACAO LTDA;FAURA MOVEIS E DECORACAO LTDA;B.;ALESSA FERNANDES LIMA;JATAI;GO;JTI;      1.821,81;     140,40;   83,000;   0,2520;   83,000;      4;      4;83;CHEGADA NA UNIDADE INTERMEDIARIA ;05/09/26;;VIX000370-1;32260907655407001844570010000335171007237895 ;          0,70;
JTI;VIX032514-7; N;02/09/2026;11/09/2026;   309048;            ;     ;FAURA MOVEIS E DECORACAO LTDA;FAURA MOVEIS E DECORACAO LTDA;B.;ANNA CLARA TRINDADE LIMA;JATAI;GO;JTI;      1.781,97;     140,17;   78,000;   0,2520;   78,000;      4;      4;83;CHEGADA NA UNIDADE INTERMEDIARIA ;05/09/26;;VIX000370-1;32260907655407001844570010000335161007237880 ;          0,70;
JTI;VIX032528-7; N;02/09/2026;11/09/2026;   309194;            ;     ;FAURA MOVEIS E DECORACAO LTDA;FAURA MOVEIS E DECORACAO LTDA;B.;MIRELLE SALES DE SOUSA;JATAI;GO;JTI;      1.934,81;     141,03;   83,000;   0,2520;   83,000;      4;      4;83;CHEGADA NA UNIDADE INTERMEDIARIA ;05/09/26;;VIX000370-1;32260907655407001844570010000334721007237441 ;          0,71;
JTI;VIX032805-7; N;04/09/2026;15/09/2026;  3303807;29120788    ;     ;BELMICRO TECNOLOGIA S/A;BELMICRO TECNOLOGIA S/A;A.;ANNA CAROLINE SOUSA SOARES NUL;JATAI;GO;JTI;        368,89;      83,56;   16,800;   0,1386;   37,422;      1;      1;83;CHEGADA NA UNIDADE INTERMEDIARIA ;09/09/26;;VIX000372-7;32260907655407001844570010000339571007273104 ;          0,42;
JTI;VIX032832-4; N;04/09/2026;15/09/2026;    47945;29121070    ;     ;BELMICRO TECNOLOGIA S/A;BELMICRO TECNOLOGIA S/A;A.;TECNO COM INFORMATICA LTDA. ME;JATAI;GO;JTI;      4.845,00;     161,52;   96,000;   0,0620;   96,000;      0;      6;83;CHEGADA NA UNIDADE INTERMEDIARIA ;10/09/26;;VIX000373-5;32260907655407001844570010000339901007273435 ;          0,81;
JTI;VIX033106-6; N;08/09/2026;16/09/2026;   984776;            ;     ;WEBCONTINENTAL LTDA;WEBCONTINENTAL LTDA;A1;ALEXANDRE MOISES;JATAI;GO;JTI;      2.382,78;     129,77;   30,700;   0,2200;   44,000;      0;      2;83;CHEGADA NA UNIDADE INTERMEDIARIA ;10/09/26;;VIX000373-5;32260907655407001844570010000340771007289050 ;          0,65;
JTI;SAO151211-1; N;05/09/2026;14/09/2026;  3049378;            ;     ;LORENZETTI SA INDS BRASILEIRAS;LORENZETTI SA INDS BRASILEIRAS;A2;J CRUZEIRO DA COSTA E CIA LTDA;JATAI;GO;JTI;      7.827,82;     261,82;   60,273;   0,6700;  167,500;      0;     15;80;CTRC EMITIDO;05/09/26;;;35260907655407000287570020021406671007279636 ;          1,31;
JTI;SAO151448-2; N;04/09/2026;16/09/2026;     4482;            ;     ;DISKO - PAPELARIA E UTILIDADES;CELSO AMORIM SILVA;C.;CELSO AMORIM SILVA;SERRANOPOLIS;GO;SNP;      1.274,98;     172,25;   23,660;   0,0677;   23,660;      0;      2;80;CTRC EMITIDO;04/09/26;;;35260907655407000287570020021398301007266273 ;          0,86;
JTI;SAO151629-9; N;05/09/2026;16/09/2026;   286693;            ;     ;VMP-PAPEIS PARA EMBALAGENS LTD;CELSO AMORIM SILVA;C.;CELSO AMORIM SILVA;SERRANOPOLIS;GO;SNP;      2.071,12;     177,39;   44,610;   0,1966;   58,980;      0;     16;80;CTRC EMITIDO;05/09/26;;;35260907655407000287570020021405111007277683 ;          0,89;
JTI;SAO152080-6; N;09/09/2026;14/09/2026;   103290*;224371      ;     ;IDEAL CESTAS DE ALIMENTOS LTDA;IDEAL CESTAS DE ALIMENTOS LTDA;B.;DROGARIA SAO PAULO S/A. 1361-3;JATAI;GO;JTI;        787,61;     186,05;  106,424;   0,0922;  106,424;      0;      8;80;CTRC EMITIDO;09/09/26;;;35260907655407000287570020021416131007295406 ;          0,93;
JTI;SAO152115-2; N;05/09/2026;14/09/2026;  3050051;            ;     ;LORENZETTI SA INDS BRASILEIRAS;LORENZETTI SA INDS BRASILEIRAS;A2;JVL MAT ELET HIDRAULICOS LTDA;JATAI;GO;JTI;        251,85;      75,27;    1,485;   0,0059;    1,485;      0;      1;80;CTRC EMITIDO;05/09/26;;;35260907655407000287570020021408191007281219 ;          0,38;
JTI;SAO152358-9; N;08/09/2026;15/09/2026;     9035;            ;     ;M3 COMERCIAL EIRELI;ADRIANA DE MIRIAN GUIMARAES MA;C3;ADRIANA DE MIRIAN GUIMARAES MA;JATAI;GO;JTI;      2.570,40;     653,26;   89,980;   1,8546;  556,380;      0;     12;80;CTRC EMITIDO;08/09/26;;;35260907655407000287570020021410081007284487 ;          3,27;
JTI;SAO152406-2; N;08/09/2026;15/09/2026;    24935;            ;     ;M EAMP P INDUSTRIA E COMERCIO;TRAJETON MAGAZINE LTDA;C.;TRAJETON MAGAZINE LTDA;JATAI;GO;JTI;      1.560,00;     156,67;   27,840;   0,4849;  145,470;      0;      3;80;CTRC EMITIDO;08/09/26;;;35260907655407000287570020021409921007284329 ;          0,78;
JTI;SAO152414-3; N;08/09/2026;15/09/2026;    75242;            ;     ;ACCO BRANDS BRASIL LTDA (FORON;FABIANA VIEIRA PRADO - ME;C.;FABIANA VIEIRA PRADO - ME;JATAI;GO;JTI;      5.884,32;     218,25;  147,660;   0,3149;  147,660;      0;     14;80;CTRC EMITIDO;08/09/26;;;35260907655407000287570020021410681007285201 ;          1,09;
JTI;SAO152497-6; N;08/09/2026;15/09/2026;    20557;            ;     ;USUAL BRINQUEDOS LTDA;TRAJETON MAGAZINE LTDA;C.;TRAJETON MAGAZINE LTDA;JATAI;GO;JTI;      3.507,58;     270,03;   46,756;   0,8918;  267,540;      0;     11;80;CTRC EMITIDO;08/09/26;;;35260907655407000287570020021410861007285439 ;          1,35;
JTI;SAO152610-3; N;08/09/2026;18/09/2026;    24760;4504883332  ;     ;THAMYS PRODUTOS ESPECIAIS LTDA;COOPERATIVA AGROINDUSTRIAL DOS;B.;COOPERATIVA AGROINDUSTRIAL DOS;CAIAPONIA;GO;CPA;      2.124,40;     186,72;   75,200;   0,1030;   75,200;      0;      4;80;CTRC EMITIDO;08/09/26;;;35260907655407000287570020021411971007287147 ;          0,93;
JTI;SAO152642-1; N;08/09/2026;15/09/2026;   970551;            ;     ;OBER S/A INDUSTRIA E COMERCIO;M LOPES PARRA LTD;C.;M LOPES PARRA LTD;JATAI;GO;JTI;      2.080,17;     400,12;  153,950;   0,9740;  292,200;      0;      5;80;CTRC EMITIDO;08/09/26;;;35260907655407000287570020021411891007287064 ;          2,00;
JTI;SAO152743-6; N;08/09/2026;15/09/2026;    53183;215995      ;     ;VIA STAR COMERCIO IMP EXP LTDA;LACERDA COMERCIO;C.;LACERDA COMERCIO;JATAI;GO;JTI;      3.068,56;     314,02;   20,880;   0,0666;   20,880;      0;      1;80;CTRC EMITIDO;08/09/26;;;35260907655407000287570020021414421007293161 ;          1,57;
JTI;SAO152744-4; N;08/09/2026;15/09/2026;     1251;            ;     ;BARONI INDUSTRIA E COMERCIO LT;A C NAVES MARQUES;C.;A C NAVES MARQUES;JATAI;GO;JTI;      1.035,80;     441,83;   24,080;   0,7560;  226,800;      0;      6;80;CTRC EMITIDO;08/09/26;;;35260907655407000287570020021414541007293286 ;          2,21;
JTI;SAO152785-1; N;08/09/2026;17/09/2026;   157236;167016      ;     ;ETILUX IMP E DISTR DE ARTIGOS;ETILUX IMP E DISTR DE ARTIGOS;A.;TEND QUASE TUDO PARA SUA CASA ;PEROLANDIA;GO;PLD;      1.081,28;     126,66;   10,920;   0,0300;   10,920;      0;      2;80;CTRC EMITIDO;08/09/26;;;35260907655407000287570020021415251007294480 ;          0,63;
JTI;SAO153081-0; N;09/09/2026;15/09/2026;  3050906;            ;     ;LORENZETTI SA INDS BRASILEIRAS;LORENZETTI SA INDS BRASILEIRAS;A2;JVL MAT ELET HIDRAULICOS LTDA;JATAI;GO;JTI;        127,50;      74,51;    1,270;   0,0154;    3,850;      0;      1;80;CTRC EMITIDO;09/09/26;;;35260907655407000287570020021417761007297064 ;          0,37;
JTI;SAO153258-8; N;09/09/2026;16/09/2026;   233917;            ;     ;CALESITA INDUSTRIA DE BRINQUED;TRAJETON MAGAZINE LTDA;C.;TRAJETON MAGAZINE LTDA;JATAI;GO;JTI;      4.666,56;   1.074,63;  110,060;   4,0036; 1201,080;      0;     21;80;CTRC EMITIDO;09/09/26;;;35260907655407000287570020021420321007301829 ;          5,37;
JTI;SAO153363-1; N;09/09/2026;16/09/2026;   196693;            ;     ;MASTICMOL IND. E COMERCIO LTDA;NEUDES OLIVEIRA DE JESUS;B2;NEUDES OLIVEIRA DE JESUS;JATAI;GO;JTI;      3.215,51;     570,86;  118,670;   1,5770;  473,100;      0;     15;80;CTRC EMITIDO;09/09/26;;;35260907655407000287570020021419951007300401 ;          2,85;
JTI;SAO153416-5; N;09/09/2026;16/09/2026;    16686;            ;     ;FRUTIFLORA COMERCIO E INDUSTRI;J T TOSTA;..;J T TOSTA;JATAI;GO;JTI;      1.280,30;     119,25;   21,550;   0,0240;   21,550;      0;      1;80;CTRC EMITIDO;09/09/26;;;35260907655407000287570020021423801007309785 ;          0,60;
JTI;SAO153528-5; N;10/09/2026;16/09/2026;    18716;            ;     ;PERSONALIZE AGUA;CENTRAL DO FRETE INTER E TECNO;B.;CRISTINEY FONSECA PEREIRA;JATAI;GO;JTI;        434,04;     150,72;   24,000;   0,0240;   24,000;      0;      8;80;CTRC EMITIDO;10/09/26;;;35260907655407000287570020021426901007313351 ;          0,75;
JTI;SAO153556-1; N;09/09/2026;16/09/2026;      110;            ;     ;LINC COMERCIO E ASSISTENCIA;CENTRAL DO FRETE INTER E TECNO;B.;FERNANDA FERNANDA;JATAI;GO;JTI;      4.401,00;     189,66;   40,000;   0,1615;   48,450;      0;      1;80;CTRC EMITIDO;09/09/26;;;35260907655407000287570020021425491007311748 ;          0,95;
JTI;SAO153696-6; N;09/09/2026;16/09/2026;   285710;            ;     ;PULVITEC DO BRASIL IND E COM D;PULVITEC DO BRASIL IND E COM D;B.;TECNOESSE IND E COM LTDA;JATAI;GO;JTI;      5.907,47;     297,87;  200,600;   0,6793;  203,790;      0;     34;80;CTRC EMITIDO;09/09/26;;;35260907655407000287570020021425741007311996 ;          1,49;
JTI;SAO153795-4; N;10/09/2026;16/09/2026;    66827;            ;     ;CLARIQUIMICA  COM.PROD.QUIM.LT;GO SEEDS COMERCIO, IMPORTACAO;..;GO SEEDS COMERCIO, IMPORTACAO;JATAI;GO;JTI;     12.052,00;     799,89;  207,000;   0,3129;  207,000;      0;      1;80;CTRC EMITIDO;10/09/26;;;35260907655407000287570020021426341007312763 ;          4,00;
JTI;SAO153902-7; N;10/09/2026;16/09/2026;    45465*;            ;     ;EPOCH MAGIA IMP DIST DE BRINQU;EPOCH MAGIA IMP DIST DE BRINQU;B.;RUBENS FLORI EPP (GRAFITE CULT;JATAI;GO;JTI;      6.575,28;     300,26;   26,419;   0,5525;  138,125;      0;      7;80;CTRC EMITIDO;10/09/26;;;35260907655407000287570020021427771007314394 ;          1,50;
JTI;SAO153910-8; N;10/09/2026;16/09/2026;    45478;            ;     ;EPOCH MAGIA IMP DIST DE BRINQU;EPOCH MAGIA IMP DIST DE BRINQU;B.;GRAFITE COM DE BRINQUEDOS LTDA;JATAI;GO;JTI;      4.579,20;     251,62;   21,014;   0,4620;  115,500;      0;      5;80;CTRC EMITIDO;10/09/26;;;35260907655407000287570020021427811007314443 ;          1,26;
JTI;SAO153952-3; N;10/09/2026;16/09/2026;  3051383;            ;     ;LORENZETTI SA INDS BRASILEIRAS;LORENZETTI SA INDS BRASILEIRAS;A2;JEFFERSON RIBEIRO DE JESUS;JATAI;GO;JTI;      3.064,61;     110,68;   13,376;   0,1161;   29,025;      0;      5;80;CTRC EMITIDO;10/09/26;;;35260907655407000287570020021427161007313635 ;          0,55;
JTI;SAO154001-7; N;10/09/2026;17/09/2026;    89247;            ;     ;MAGMA SOLDAS IND E COM LTDA;NARA RUBIA MORAIS SILVA;..;NARA RUBIA MORAIS SILVA;JATAI;GO;JTI;      1.470,77;     114,13;  100,000;   0,0389;  100,000;      0;      5;80;CTRC EMITIDO;10/09/26;;;35260907655407000287570020021427601007314079 ;          0,57;
JTI;SAO154129-3; N;10/09/2026;17/09/2026;   593253;1430436     ;     ;HELLERMANN TYTON LTDA;TECNOESSE IND E COM LTDA;B.;TECNOESSE IND E COM LTDA;JATAI;GO;JTI;     19.276,57;   1.047,00;  225,410;   1,0254;  307,620;      0;     18;80;CTRC EMITIDO;10/09/26;;;35260907655407000287570020021430361007318946 ;          5,24;
JTI;SAO154133-1; N;10/09/2026;17/09/2026;   950155;            ;     ;RENNER SAYERLACK S/A;CASA MAQUINAS FERRAMENTAS FERR;C.;CASA MAQUINAS FERRAMENTAS FERR;JATAI;GO;JTI;      2.376,42;     123,85;   88,052;   0,1242;   88,052;      0;      8;80;CTRC EMITIDO;10/09/26;;;35260907655407000287570020021433831007326023 ;          0,62;
JTI;SAO154137-4; N;11/09/2026;17/09/2026;   228938;            ;     ;MASTIFLEX IND DE SELANTES E MA;RENATA APARECIDA ALVES;C.;RENATA APARECIDA ALVES;JATAI;GO;JTI;      1.149,70;     190,00;   54,300;   0,2640;   79,200;      0;     11;80;CTRC EMITIDO;11/09/26;;;35260907655407000287570020021435491007327940 ;          0,95;
JTI;SAO154248-6; N;10/09/2026;17/09/2026;    26188;            ;     ;SHERMAN FILMES OPTICOS DO BRAS;MULT EPI LTDA;C.;MULT EPI LTDA;JATAI;GO;JTI;      2.446,12;     182,43;    9,540;   0,0411;   12,330;      0;      1;80;CTRC EMITIDO;10/09/26;;;35260907655407000287570020021433031007325158 ;          0,91;
JTI;SAO154249-4; N;10/09/2026;17/09/2026;   161023;04092026    ;     ;MOTECH PLASTICOS LTDA;COOPERATIVA AGROINDUS.DOS PROD;B.;COOPERATIVA AGROINDUS.DOS PROD;JATAI;GO;JTI;      1.263,78;     268,74;   99,000;   0,6000;  180,000;      0;      1;80;CTRC EMITIDO;10/09/26;;;35260907655407000287570020021430651007319383 ;          1,34;
JTI;SAO154334-2; N;10/09/2026;17/09/2026;      705;            ;TNRXB;BAMBU DECORAARTE ARTESANATOS L;TRANSPORTADORA JACAREI LTDA;C.;DAVIDDE TOMAZ DE OLIVEIRA;JATAI;GO;JTI;        140,00;     193,29;   56,000;   0,2250;   67,500;      0;      3;  ;;        ;;;35260907655407000287570020021433811007326002 ;          0,97;
JTI;SAO154339-3; N;11/09/2026;17/09/2026;    26840;109         ;     ;USILUX USINAGEM DE PECAS LTDA;PACHECO OLIVEIRA COMERCIO DE P;C.;PACHECO OLIVEIRA COMERCIO DE P;JATAI;GO;JTI;      3.164,85;     241,38;  170,000;   0,0921;  170,000;      0;     11;80;CTRC EMITIDO;11/09/26;;;35260907655407000287570020021435611007328062 ;          1,21;
JTI;SAO154358-0; N;10/09/2026;17/09/2026;    35388;            ;     ;MODEFER INDUSTRIA DE AUTO PECA;DEGUIMAR PECAS E ACESSORIOS EI;C.;DEGUIMAR PECAS E ACESSORIOS EI;JATAI;GO;JTI;     13.503,42;     694,60;  173,210;   2,5860;  775,800;      0;     20;80;CTRC EMITIDO;10/09/26;;;35260907655407000287570020021433521007325640 ;          3,47;
JTI;SAO154378-4; N;10/09/2026;17/09/2026;    14096;0010358     ;     ;VMC VARIEDADE DE MATERIAIS PAR;JVL MAT ELET HIDRAULICOS LTDA;C.;JVL MAT ELET HIDRAULICOS LTDA;JATAI;GO;JTI;      5.339,50;     470,03;   97,190;   0,8163;  244,890;      0;      9;80;CTRC EMITIDO;10/09/26;;;35260907655407000287570020021432781007324793 ;          2,35;
JTI;SAO154422-5; N;10/09/2026;17/09/2026;   144373;186316      ;     ;METALURGICA INCA LTDA;JVL MAT ELET HIDRAULICOS LTDA;C.;JVL MAT ELET HIDRAULICOS LTDA;JATAI;GO;JTI;      2.179,17;     178,09;   52,930;   0,1856;   55,680;      0;      2;80;CTRC EMITIDO;10/09/26;;;35260907655407000287570020021432741007324751 ;          0,89;
JTI;SAO154474-8; N;10/09/2026;17/09/2026;     3803;            ;     ;FORTYVINIL INDUSTRIA E COMERCI;PISCINAS JATAI EIRELI;C.;PISCINAS JATAI EIRELI;JATAI;GO;JTI;      1.818,23;     699,81;   68,350;   1,6037;  481,110;      0;      6;80;CTRC EMITIDO;10/09/26;;;35260907655407000287570020021432961007325089 ;          3,50;
JTI;SAO154545-1; N;10/09/2026;17/09/2026;    79151;            ;     ;TA TE TI IND E COM DE BRINQUED;TRAJETON MAGAZINE LTDA;C.;TRAJETON MAGAZINE LTDA;JATAI;GO;JTI;      5.646,41;     965,60;  106,170;   3,5696; 1070,880;      0;     36;80;CTRC EMITIDO;10/09/26;;;35260907655407000287570020021432581007324596 ;          4,83;
JTI;SAO154809-3; N;11/09/2026;17/09/2026;   358185;113808698   ;     ;DIVERSEY BRASIL INDUSTRIA QUIM;DIVERSEY BRASIL INDUSTRIA QUIM;A2;BRF S.A.;JATAI;GO;JTI;        533,11;     294,84;   93,300;   0,0375;   93,300;      0;      3;80;CTRC EMITIDO;11/09/26;;;35260907655407000287570020021436331007328993 ;          1,47;
JTI;SAO154810-7; N;11/09/2026;17/09/2026;   358162;113830180   ;     ;DIVERSEY BRASIL INDUSTRIA QUIM;DIVERSEY BRASIL INDUSTRIA QUIM;A2;BRF S.A.;JATAI;GO;JTI;      8.415,94;   1.351,17; 1272,000;   1,5000; 1272,000;      0;     40;80;CTRC EMITIDO;11/09/26;;;35260907655407000287570020021436281007328942 ;          6,76;
JTI;SAO154862-0; N;11/09/2026;17/09/2026;  3052150;            ;     ;LORENZETTI SA INDS BRASILEIRAS;LORENZETTI SA INDS BRASILEIRAS;A2;J CRUZEIRO DA COSTA E CIA LTDA;JATAI;GO;JTI;      9.310,25;     260,91;   65,004;   0,6230;  155,750;      0;     16;80;CTRC EMITIDO;11/09/26;;;35260907655407000287570020021436811007329504 ;          1,30;
JTI;VIX033112-1; N;08/09/2026;16/09/2026;   984989;            ;     ;WEBCONTINENTAL LTDA;WEBCONTINENTAL LTDA;A1;JEANE MARQUES;JATAI;GO;JTI;      2.386,11;     129,80;   30,900;   0,1900;   38,000;      0;      2;  ;;        ; HOJE 13:01;VIX000375-1;32260907655407001844570010000340851007289132 ;          0,65;
JTI;VIX033250-0; N;09/09/2026;17/09/2026;    37018;            ;     ;UNIQUE RUBBER TECHNOLOGIES LTD;UNIQUE RUBBER TECHNOLOGIES LTD;..;RECAPAGEM DE PNEUS CGC LTDA;JATAI;GO;JTI;     33.996,38;   2.321,34; 1487,210;   3,8281; 1487,210;      0;    125;  ;;        ; HOJE 13:01;VIX000375-1;32260907655407001844570010000342971007300960 ;         11,61;
LVR;BNU001870-8; N;04/09/2026;21/09/2026;    40511;2026059923  ;     ;PROQUIMIA PRODUTOS QUIMICOS DO;PROQUIMIA PRODUTOS QUIMICOS DO;..;BRUNA PETRY  FLORES;LUCAS DO RIO VERDE;MT;784;         72,00;     170,74;   15,120;   0,0156;   15,120;      1;      1;83;CHEGADA NA UNIDADE INTERMEDIARIA ;09/09/26;;CWB000483-9;42260907655407002140570200000018611007266732 ;         28,90;
LVR;SAO149444-9; N;05/09/2026;15/09/2026;  1380492;P1-9101421- ;     ;BRS SP SUPRIMENTOS CORPORATIVO;BRS SP SUPRIMENTOS CORPORATIVO;A1;SOCIEDADE EDUCACIONAL LEONARDO;LUCAS DO RIO VERDE;MT;784;        488,45;     109,60;    1,900;   0,0000;    1,900;      0;      1;80;CTRC EMITIDO;05/09/26;;;35260907655407000287570020021407571007280587 ;         18,55;
LVR;SAO150445-2; N;04/09/2026;16/09/2026;  1382923;109199645   ;     ;BRS SP SUPRIMENTOS CORPORATIVO;BRS SP SUPRIMENTOS CORPORATIVO;A1;BLUEFIT ACADEMIAS DE GINASTICA;LUCAS DO RIO VERDE;MT;784;      1.894,85;     426,18;  238,670;   0,9184;  238,670;      0;     33;80;CTRC EMITIDO;04/09/26;;;35260907655407000287570020021398561007266539 ;         72,14;
LVR;SAO151481-4; N;09/09/2026;17/09/2026;   189705;            ;     ;CARVALHAES PRODUTOS PARA LABOR;OLEOPLAN MATO GROSSO IND DE BI;B.;OLEOPLAN MATO GROSSO IND DE BI;LUCAS DO RIO VERDE;MT;784;      1.885,50;     520,45;    4,300;   0,1105;   33,150;      0;      3;80;CTRC EMITIDO;09/09/26;;;35260907655407000287570020021421471007303528 ;        113,94;
LVR;SAO152032-6; N;09/09/2026;17/09/2026;   102964*;224380      ;     ;IDEAL CESTAS DE ALIMENTOS LTDA;IDEAL CESTAS DE ALIMENTOS LTDA;B.;DROGARIA SAO PAULO SA 1203;LUCAS DO RIO VERDE;MT;784;        760,61;     213,57;  107,414;   0,0806;  107,414;      0;      7;80;CTRC EMITIDO;09/09/26;;;35260907655407000287570020021415961007295233 ;         36,15;
LVR;SAO152220-5; N;09/09/2026;17/09/2026;  1382947;109196498   ;     ;BRS SP SUPRIMENTOS CORPORATIVO;BRS SP SUPRIMENTOS CORPORATIVO;A1;STOCK TECH S.A. ARMAZENS GERAI;LUCAS DO RIO VERDE;MT;784;        964,18;     123,99;   44,230;   0,3662;   44,230;      0;     13;80;CTRC EMITIDO;09/09/26;;;35260907655407000287570020021419741007299993 ;         20,99;
LVR;SAO152276-1; N;09/09/2026;17/09/2026;  1386776;109214024   ;     ;BRS SP SUPRIMENTOS CORPORATIVO;BRS SP SUPRIMENTOS CORPORATIVO;A1;FS AGRISOLUTIONS INDUSTRIA DE;LUCAS DO RIO VERDE;MT;784;     15.172,82;   1.037,40;  545,680;   4,9792;  545,680;      0;    124;80;CTRC EMITIDO;09/09/26;;;35260907655407000287570020021419681007299937 ;        175,59;
LVR;SAO152283-3; N;09/09/2026;17/09/2026;  1384325*;109218952   ;     ;BRS SP SUPRIMENTOS CORPORATIVO;BRS SP SUPRIMENTOS CORPORATIVO;A1;SOCIEDADE PORVIR CIENTIFICO;LUCAS DO RIO VERDE;MT;784;      2.077,59;     283,37;  133,530;   0,2752;  133,530;      0;      8;80;CTRC EMITIDO;09/09/26;;;35260907655407000287570020021424891007310881 ;         47,96;
LVR;SAO152295-7; N;09/09/2026;17/09/2026;  1382633;109197709   ;     ;BRS SP SUPRIMENTOS CORPORATIVO;BRS SP SUPRIMENTOS CORPORATIVO;A1;LOJAS AVENIDA S/A;LUCAS DO RIO VERDE;MT;784;      1.078,16;     124,98;   34,990;   0,0816;   34,990;      0;      7;80;CTRC EMITIDO;09/09/26;;;35260907655407000287570020021425201007311197 ;         21,15;
LVR;SAO152332-5; N;08/09/2026;18/09/2026;    11441;            ;     ;BEBIDAS MUTERLE LTDA ME;SABOR E SAUDE COM PROD NATURAI;C.;SABOR E SAUDE COM PROD NATURAI;LUCAS DO RIO VERDE;MT;784;     31.453,79;   2.989,32; 2637,000;   5,2560; 2637,000;      0;      3;80;CTRC EMITIDO;08/09/26;;;35260907655407000287570020021410391007284904 ;        654,43;
LVR;SAO152355-4; N;08/09/2026;18/09/2026;   450322;            ;     ;NAUTIKA COMERCIAL DE ARTIGOS P;CUIABANO PESCA E ESPORTES LTDA;C.;CUIABANO PESCA E ESPORTES LTDA;LUCAS DO RIO VERDE;MT;784;      2.410,97;     145,61;   44,650;   0,3363;  100,890;      0;      5;80;CTRC EMITIDO;08/09/26;;;35260907655407000287570020021410211007284616 ;         31,88;
LVR;SAO152432-1; N;08/09/2026;18/09/2026;     5772;            ;     ;TAQUARI IND. E COMERCIO DE PAP;IBOPEL INDUSTRIA E COMERCIO DE;B3;IBOPEL INDUSTRIA E COMERCIO DE;LUCAS DO RIO VERDE;MT;784;     14.585,40;   1.474,60; 1533,800;   2,8400; 1533,800;      0;     13;80;CTRC EMITIDO;08/09/26;;;35260907655407000287570020021413971007292710 ;        322,82;
LVR;SAO152453-4; N;08/09/2026;18/09/2026;   104385;            ;     ;CHESIQUIMICA LTDA;SR BONFARINI LTDA;C.;SR BONFARINI LTDA;LUCAS DO RIO VERDE;MT;784;      3.561,21;     461,38;  364,560;   0,8760;  364,560;      0;      1;80;CTRC EMITIDO;08/09/26;;;35260907655407000287570020021414031007292779 ;        101,01;
LVR;SAO152551-4; N;09/09/2026;18/09/2026;  1384186;109190424   ;     ;BRS SP SUPRIMENTOS CORPORATIVO;BRS SP SUPRIMENTOS CORPORATIVO;A1;LOJAS AVENIDA S/A;LUCAS DO RIO VERDE;MT;784;        949,12;     123,86;   38,730;   0,2399;   38,730;      0;      7;80;CTRC EMITIDO;09/09/26;;;35260907655407000287570020021415531007294809 ;         20,96;
LVR;SAO152620-1; N;08/09/2026;18/09/2026;   914353;0           ;     ;ACRILEX TINTAS ESPECIAIS S A;DISCORAMA COMERCIO VAREJISTA D;C.;DISCORAMA COMERCIO VAREJISTA D;LUCAS DO RIO VERDE;MT;784;      6.406,38;     315,22;  225,760;   0,4198;  225,760;      0;     22;80;CTRC EMITIDO;08/09/26;;;35260907655407000287570020021412161007287446 ;         69,01;
LVR;SAO152733-9; N;08/09/2026;18/09/2026;     3401;5537        ;     ;03 WIG COMERCIO BATERIAS COMPO;ELETROMAR MOVEIS E ELETRODOMES;C3;ELETROMAR MOVEIS E ELETRODOMES;LUCAS DO RIO VERDE;MT;784;      5.741,07;     286,52;  124,800;   0,1954;  124,800;      0;      1;80;CTRC EMITIDO;08/09/26;;;35260907655407000287570020021414401007293140 ;         34,39;
LVR;SAO152789-4; N;08/09/2026;18/09/2026;      570;            ;     ;NALT SPORT ARTIGOS DO VESTUARI;CENTRAL DO FRETE INTER E TECNO;B.;SOFIA MOTOS LRV LTDA;LUCAS DO RIO VERDE;MT;784;      2.900,00;     224,04;   11,000;   0,1955;   58,650;      0;      1;80;CTRC EMITIDO;08/09/26;;;35260907655407000287570020021414181007292925 ;         37,92;
LVR;SAO152790-8; N;08/09/2026;18/09/2026;    30886;48371       ;     ;M. C. CIOFFOLETTI ILUMINACAO -;FACHINELLO COMERCIO VAREJISTA;C.;FACHINELLO COMERCIO VAREJISTA;LUCAS DO RIO VERDE;MT;784;      8.071,02;     367,47;   87,600;   0,4210;  126,300;      0;      9;80;CTRC EMITIDO;08/09/26;;;35260907655407000287570020021414171007292910 ;         80,45;
LVR;SAO152865-3; N;08/09/2026;22/09/2026;   394242;            ;     ;MOAS IND E COM IMP E EXP LTDA;MOAS IND E COM IMP E EXP LTDA;A3;H. M. D. M. FOLLMANN EAMPAMP C;TAPURAH;MT;785;     13.969,35;     663,48;   75,261;   0,9530;  285,900;      0;     10;80;CTRC EMITIDO;08/09/26;;;35260907655407000287570020021415061007294272 ;        198,07;
LVR;SAO152934-0; N;08/09/2026;18/09/2026;     5081;500012094   ;     ;RF18 INDUSTRIA, COMERCIO, IMPO;COMERCIO STILO BRASIL LTDA;C.;COMERCIO STILO BRASIL LTDA;LUCAS DO RIO VERDE;MT;784;      3.992,67;     293,98;   34,000;   0,1600;   48,000;      0;      1;80;CTRC EMITIDO;08/09/26;;;35260907655407000287570020021414261007293001 ;         64,36;
LVR;SAO153150-6; N;09/09/2026;21/09/2026;      664*;            ;     ;DECOR AUTORAL LTDA;A L SCHIAVINI CIA LTDA;C.;A L SCHIAVINI CIA LTDA;LUCAS DO RIO VERDE;MT;784;     49.168,14;   2.562,34;  815,000;   6,1919; 1857,570;      0;     32;80;CTRC EMITIDO;09/09/26;;;35260907655407000287570020021421491007303581 ;        560,95;
LVR;SAO153261-8; N;09/09/2026;21/09/2026;    14615;9739        ;     ;BST COMERCIAL IMPORTACAO E EXP;JESSICA  BRUNA FAVARO LEAL;C.;JESSICA  BRUNA FAVARO LEAL;LUCAS DO RIO VERDE;MT;784;     10.962,79;     916,70;  246,460;   1,9062;  571,860;      0;     17;80;CTRC EMITIDO;09/09/26;;;35260907655407000287570020021420121007300587 ;        179,11;
LVR;SAO153320-7; N;10/09/2026;21/09/2026;  1386672;109213735   ;     ;BRS SP SUPRIMENTOS CORPORATIVO;BRS SP SUPRIMENTOS CORPORATIVO;A1;BANCO BRADESCO SA;LUCAS DO RIO VERDE;MT;784;      4.236,39;     504,30;  275,650;   3,0858;  275,650;      0;     34;80;CTRC EMITIDO;10/09/26;;;35260907655407000287570020021426271007312645 ;         85,36;
LVR;SAO153323-1; N;09/09/2026;21/09/2026;   307005;            ;     ;SIER MOVEIS LTDA;SIER MOVEIS LTDA;B.;COMERCIO STILO BRASIL LTDA;LUCAS DO RIO VERDE;MT;784;      3.150,06;     211,81;   31,500;   0,6079;  182,370;      0;      1;80;CTRC EMITIDO;09/09/26;;;35260907655407000287570020021423651007309630 ;         35,85;
LVR;SAO153331-2; N;09/09/2026;21/09/2026;   774247;            ;     ;CIPATEX IMPREGNADORA DE PAP E ;INDUSTRIA E COMERCIO DE MOVEIS;C.;INDUSTRIA E COMERCIO DE MOVEIS;LUCAS DO RIO VERDE;MT;784;      1.347,23;     166,34;   38,880;   0,1252;   38,880;      0;      2;80;CTRC EMITIDO;09/09/26;;;35260907655407000287570020021420761007302633 ;         36,42;
LVR;SAO153357-6; N;09/09/2026;23/09/2026;    29943;            ;     ;BIG PLAST IND. E COM. DE PRODU;67.181.831 LEANIR SALETE ZANDO;..;67.181.831 LEANIR SALETE ZANDO;TAPURAH;MT;785;      1.015,32;     936,72;   35,000;   0,8010;  240,300;      0;     13;80;CTRC EMITIDO;09/09/26;;;35260907655407000287570020021423511007309279 ;        326,25;
LVR;SAO153376-2; N;09/09/2026;21/09/2026;    19590;N:6504      ;     ;POLYMER PLASTIC INDUSTRIAN E C;CENTRAL EPI LTDA-ME;C.;CENTRAL EPI LTDA-ME;LUCAS DO RIO VERDE;MT;784;      1.535,00;     116,06;   16,160;   0,1927;   57,810;      0;      4;80;CTRC EMITIDO;09/09/26;;;35260907655407000287570020021420781007302654 ;         25,41;
LVR;SAO153505-6; N;09/09/2026;21/09/2026;     9296;            ;     ;VIMACOM;FACHINELLO COMERCIO VAREJISTA;C.;FACHINELLO COMERCIO VAREJISTA;LUCAS DO RIO VERDE;MT;784;     21.465,00;     953,72;  227,000;   0,2704;  227,000;      0;      2;80;CTRC EMITIDO;09/09/26;;;35260907655407000287570020021424511007310507 ;        208,79;
LVR;SAO153569-2; N;10/09/2026;21/09/2026;      894;            ;     ;UONIX MONTAGENS E CONSULTORIA;CONGREGACAO CRISTA NO BRASIL;..;CONGREGACAO CRISTA NO BRASIL;LUCAS DO RIO VERDE;MT;784;      3.179,40;     362,05;   12,230;   0,0049;   12,230;      0;      1;80;CTRC EMITIDO;10/09/26;;;35260907655407000287570020021426841007313290 ;         70,74;
LVR;SAO153610-9; N;10/09/2026;21/09/2026;     6364;            ;     ;SUELEN RODRIGUES DEL MANT;CENTRAL DO FRETE INTER E TECNO;B.;EDINA PAULA KLEIN GOMES;LUCAS DO RIO VERDE;MT;784;        938,92;     194,69;   30,010;   0,0962;   30,010;      0;      1;80;CTRC EMITIDO;10/09/26;;;35260907655407000287570020021426851007313300 ;         32,95;
LVR;SAO153621-4; N;09/09/2026;21/09/2026;    15838;            ;     ;PLANTAR IND E COM DE PRODUTOS ;WAGNER APARECIDO GOUVEIA LUIS;C.;WAGNER APARECIDO GOUVEIA LUIS;LUCAS DO RIO VERDE;MT;784;      1.471,55;     351,25;  180,000;   0,2400;  180,000;      0;      5;80;CTRC EMITIDO;09/09/26;;;35260907655407000287570020021424271007310269 ;         76,90;
LVR;SAO153646-0; N;10/09/2026;21/09/2026;  1484408;            ;     ;SARRUF SA - REI DO ARMARINHO;A L SCHIAVINI CIA LTDA;C.;A L SCHIAVINI CIA LTDA;LUCAS DO RIO VERDE;MT;784;     10.252,53;     509,70;   18,489;   1,2168;  365,040;      0;      9;80;CTRC EMITIDO;10/09/26;;;35260907655407000287570020021426321007312696 ;        111,58;
LVR;SAO153792-0; N;10/09/2026;21/09/2026;    11256;            ;     ;QUIMICA MODERNA INDUSTRIA E CO;OLEOPLAN MATO GROSSO IND DE BI;B.;OLEOPLAN MATO GROSSO IND DE BI;LUCAS DO RIO VERDE;MT;784;      1.118,60;     231,20;   90,000;   0,2412;   90,000;      0;      5;80;CTRC EMITIDO;10/09/26;;;35260907655407000287570020021426721007313140 ;         50,62;
LVR;SAO153810-1; N;10/09/2026;21/09/2026;     6976;1612147     ;     ;KINDAI COM E DISTR EIRELI;KINDAI COM E DISTR EIRELI;C.;MARTINS E BRUCHMAM MARTINS LTD;LUCAS DO RIO VERDE;MT;784;      7.302,66;     779,74;  199,440;   0,3000;  199,440;      0;     47;80;CTRC EMITIDO;10/09/26;;;35260907655407000287570020021426641007313068 ;         72,01;
LVR;SAO153977-9; N;10/09/2026;21/09/2026;  3051612;            ;     ;LORENZETTI SA INDS BRASILEIRAS;LORENZETTI SA INDS BRASILEIRAS;A2;PAULO SERGIO PICOLI ME;LUCAS DO RIO VERDE;MT;784;      2.597,15;     130,88;   21,085;   0,1029;   25,725;      0;      3;80;CTRC EMITIDO;10/09/26;;;35260907655407000287570020021427481007313957 ;         22,15;
LVR;SAO154062-9; N;10/09/2026;22/09/2026;    58789;            ;     ;IND GOMES METALURGICA LTDA.;PAULO SERGIO PICOLI ME;C.;PAULO SERGIO PICOLI ME;LUCAS DO RIO VERDE;MT;784;      3.180,72;     270,69;  101,670;   0,6551;  196,530;      0;     27;80;CTRC EMITIDO;10/09/26;;;35260907655407000287570020021430321007318904 ;         59,26;
LVR;SAO154239-7; N;10/09/2026;22/09/2026;    63207;            ;     ;A C GARCIA COM E IND DE EMBAL;A C GARCIA COM E IND DE EMBAL;C.;RENATO LUIS LAMPUGNANI LTDA;LUCAS DO RIO VERDE;MT;784;      3.000,04;     427,14;  199,350;   0,7800;  234,000;      0;     11;80;CTRC EMITIDO;10/09/26;;;35260907655407000287570020021433511007325635 ;         72,30;
LVR;SAO154243-5; N;11/09/2026;22/09/2026;    63203;            ;     ;A C GARCIA COM E IND DE EMBAL;A C GARCIA COM E IND DE EMBAL;C.;MARIA CLEIDE RAMOS EIRELI;LUCAS DO RIO VERDE;MT;784;     22.122,59;   2.728,15; 1612,640;   3,8400; 1612,640;      0;     96;80;CTRC EMITIDO;11/09/26;;;35260907655407000287570020021435431007327882 ;        461,77;
LVR;SAO154306-7; N;11/09/2026;22/09/2026;  1387928;109227211   ;     ;BRS SP SUPRIMENTOS CORPORATIVO;BRS SP SUPRIMENTOS CORPORATIVO;A1;ITAU UNIBANCO S.A;LUCAS DO RIO VERDE;MT;784;        315,84;     108,27;   16,750;   0,0679;   16,750;      0;      2;80;CTRC EMITIDO;11/09/26;;;35260907655407000287570020021435251007327647 ;         18,33;
LVR;SAO154328-8; N;11/09/2026;22/09/2026;    15296;            ;XFKEV;INDUSTRIA VINICOLA SAO LUIZ LT;HB TRANSPORTES E LOGISTICA EIR;A2;GILMAR DE OLIVEIRA;LUCAS DO RIO VERDE;MT;784;      1.850,56;     158,72;  100,000;   0,1697;  100,000;      0;     13;95;ATENDIMENTO/ INFORMACOES/ TRATATIVAS INTERNAS;11/09/26;;;35260907655407000287570020021435691007328141 ;         28,89;
LVR;SAO154355-5; N;10/09/2026;22/09/2026;   107008;            ;     ;FUCHS LUBRIFICANTES DO BRASIL;FUCHS LUBRIFICANTES DO BRASIL;B.;AGRO BAGGIO MAQUINAS AGRICOLAS;LUCAS DO RIO VERDE;MT;784;    107.710,62;   2.862,23;  711,699;   2,5920;  777,600;      0;      2;80;CTRC EMITIDO;10/09/26;;;35260907655407000287570020021429871007318230 ;        484,46;
LVR;SAO154569-8; N;11/09/2026;22/09/2026;    32471;            ;     ;EMUNAH COMERCIO DE COSMETICOS ;JESSICA  BRUNA FAVARO LEAL;C.;JESSICA  BRUNA FAVARO LEAL;LUCAS DO RIO VERDE;MT;784;      7.728,74;     543,59;  198,704;   0,9850;  295,491;      0;     34;80;CTRC EMITIDO;11/09/26;;;35260907655407000287570020021435411007327802 ;        106,21;
LVR;SAO154805-1; N;11/09/2026;22/09/2026;   358257;RF-00070439 ;     ;DIVERSEY BRASIL INDUSTRIA QUIM;DIVERSEY BRASIL INDUSTRIA QUIM;A2;BRF S.A;LUCAS DO RIO VERDE;MT;784;      4.903,86;     494,82;   14,000;   0,0315;   14,000;      0;     28;80;CTRC EMITIDO;11/09/26;;;35260907655407000287570020021436201007328863 ;         81,47;
LVR;SAS027989-7; N;08/09/2026;31/12/2050;   306533;            ;TIT  ;EXPRESSO RIO VERMELHO;EXPRESSO RIO VERMELHO;.3;COMERCIO STILO BRASIL LTDA;LUCAS DO RIO VERDE;MT;784;          0,01;       0,01;   30,000;   0,0000;   30,000;      0;      1;80;CTRC EMITIDO;08/09/26;;; ;          0,00;
LVR;VIX032990-8; N;08/09/2026;17/09/2026;  3312318;29145989    ;     ;BELMICRO TECNOLOGIA S/A;BELMICRO TECNOLOGIA S/A;A.;FRANCELI DELEGA NULL;LUCAS DO RIO VERDE;MT;784;        431,06;     159,72;    9,000;   0,2274;   61,398;      0;      1;  ;;        ; HOJE 13:01;VIX000375-1;32260907655407001844570010000342261007290793 ;         25,58;
LVR;VIX032994-1; N;08/09/2026;17/09/2026;  3312225;29145092    ;     ;BELMICRO TECNOLOGIA S/A;BELMICRO TECNOLOGIA S/A;A.;ADRIANA PEDRASSANI SCHWARTZ NU;LUCAS DO RIO VERDE;MT;784;        918,90;     121,26;   13,000;   0,1267;   34,209;      0;      1;  ;;        ; HOJE 13:01;VIX000375-1;32260907655407001844570010000342301007290834 ;         19,42;
MAO;PSA149938-6; N;04/09/2026;05/10/2026;     2365;            ;     ;VOLPE ROSSA COMERCIAL IMPORTAD;VOLPE ROSSA COMERCIAL IMPORTAD;A.;GEAM SOBRINHO MAGALHAES ME;MANAUS;AM;SPD;     54.689,30;  10.479,99; 2788,080;   9,2936; 2788,080;    300;    300;83;CHEGADA NA UNIDADE INTERMEDIARIA ;09/09/26;;CAM027872-6;35260907655407000287570020021399131007267215 ;          0,00;
MAO;PSA151134-3; N;04/09/2026;06/10/2026;     2509;            ;     ;VOLPE ROSSA COMERCIAL IMPORTAD;VOLPE ROSSA COMERCIAL IMPORTAD;A.;SEBASTIAO COSTA ME;MANAUS;AM;SPD;     10.488,07;   1.680,62;  435,090;   1,4503;  435,090;     62;     62;83;CHEGADA NA UNIDADE INTERMEDIARIA ;09/09/26;;CAM027872-6;35260907655407000287570020021399301007267399 ;          0,00;
MAO;JOI001714-1; N;28/08/2026;01/10/2026;  1002376;4500894608  ;     ;DIMENSIONAL BRASIL SOLUCOES LT;DIMENSIONAL BRASIL SOLUCOES LT;A1;MANAUS AMBIENTAL S/A;MANAUS;AM;SPD;      1.068,80;     727,69;    3,200;   0,0120;    3,600;      0;      2;50;FALTA DE MERCADORIA;03/09/26;;CWB000476-6;42260807655407002140570200000017061007176660 ;          0,00;
MAO;SAO154528-1; N;10/09/2026;09/10/2026;   914207;309067      ;     ;BRENNTAG QUIMICA BRASIL LTDA;BRENNTAG QUIMICA BRASIL LTDA;B.;COMPOL POLIMEROS DA AMAZONIA L;MANAUS;AM;SPD;          1,00;     389,96;    2,650;   0,0128;    3,840;      0;      1;80;CTRC EMITIDO;10/09/26;;;35260907655407000287570020021432831007324955 ;          0,00;
MAO;SAO154530-2; N;10/09/2026;09/10/2026;   914115;309068      ;     ;BRENNTAG QUIMICA BRASIL LTDA;BRENNTAG QUIMICA BRASIL LTDA;B.;GREEN INDUSTRIA E COMERCIO DE ;MANAUS;AM;SPD;          1,00;     389,96;    2,490;   0,0122;    3,660;      0;      1;80;CTRC EMITIDO;10/09/26;;;35260907655407000287570020021432991007325110 ;          0,00;
MAO;MMJ014860-1; N;04/09/2026;06/10/2026;     1878;            ;     ;WOOH MIDIA;WOOH MIDIA;..;YDUQS EDUCACIONAL LTDA;MANAUS;AM;690;     18.768,00;       0,00;  227,700;   0,0000;  227,700;      0;      4;82;SAIDA DE UNIDADE;08/09/26;08/09 22:52;PPY002465-1;31260926962595000150570010000164631000211844 ;          0,00;
MAO;MMJ014861-0; N;04/09/2026;06/10/2026;     1877;            ;     ;WOOH MIDIA;WOOH MIDIA;..;SOCIEDADE DE ENSINO SUPERIOR E;MANAUS;AM;690;     18.768,00;       0,00;  227,700;   0,0000;  227,700;      0;      4;82;SAIDA DE UNIDADE;08/09/26;08/09 22:52;PPY002465-1;31260926962595000150570010000164641000211868 ;          0,00;
MAO;FND151350-8; N;04/09/2026;08/10/2026;    14546;            ;     ;MARTINS E ORNELAS INDUSTRIA LT;MARTINS E ORNELAS INDUSTRIA LT;B.;SUZANNE TAYARA;MANAUS;AM;SPD;      4.298,00;   1.614,49;   81,900;   1,6000;  400,000;      0;      2;  ;;        ; HOJE 08:00;FND000592-4;35260907655407000287570020021397671007264976 ;          0,00;
MAO;FND153623-1; N;09/09/2026;13/10/2026;    17338;            ;     ;TUDO PARA O SEU LAR COMERCIO V;TUDO PARA O SEU LAR COMERCIO V;C.;LUCIANE ASSINCAO DA SILVA;MANAUS;AM;SPD;        615,01;     300,42;   60,000;   0,2000;   60,000;      0;      2;  ;;        ; HOJE 08:00;FND000592-4;35260907655407000287570020021421701007304115 ;          0,00;
MCP;PSA149949-1; N;04/09/2026;05/10/2026;     2344;            ;     ;VOLPE ROSSA COMERCIAL IMPORTAD;VOLPE ROSSA COMERCIAL IMPORTAD;A.;MILANO MILANEZ MECENA 030342;PORTO GRANDE;AP;GYN;     10.364,04;   1.646,18;  301,250;   1,0041;  301,250;     29;     29;83;CHEGADA NA UNIDADE INTERMEDIARIA ;09/09/26;;CAM027872-6;35260907655407000287570020021399041007267127 ;      2.214,00;
MIN;BIR148585-7; N;01/09/2026;14/09/2026;     5114;            ;     ;LINSMAC EQUIP P ESCRITORIO LTD;LINSMAC EQUIP P ESCRITORIO LTD;..;MFG AGROPECUARIA LTDA;MINEIROS;GO;758;      6.200,00;     890,73;  150,000;   0,7523;  225,690;     15;     15;83;CHEGADA NA UNIDADE INTERMEDIARIA ;10/09/26;;BIR000388-3;35260907655407000287570020021370611007211812 ;        106,01;
MIN;PSA152984-6; N;08/09/2026;17/09/2026;   210051;30106533    ;     ;MIMO IMPORTACAO E EXPORTACAO S;MIMO IMPORTACAO E EXPORTACAO S;A3;UTILITA PRESENTES LTDA;MINEIROS;GO;758;      2.768,74;     161,23;   29,900;   0,3207;   80,175;      0;      2;83;CHEGADA NA UNIDADE INTERMEDIARIA ;10/09/26;;CAM027882-3;35260907655407000287570020021413211007291716 ;         35,47;
MIN;VIX032891-0; N;04/09/2026;16/09/2026;   719975;            ;     ;FRIGELAR COMERCIO E INSDUSTRIA;FRIGELAR COMERCIO E INSDUSTRIA;A1;ANDRE MARCIO;MINEIROS;GO;758;      2.040,90;     198,68;   28,000;   0,2118;   63,540;      0;      2;83;CHEGADA NA UNIDADE INTERMEDIARIA ;10/09/26;;VIX000373-5;32260907655407001844570010000339031007272336 ;         38,46;
MIN;SAO152007-5; N;05/09/2026;15/09/2026;    36770;            ;     ;KITOK FESTAS E ART DE FANTASIA;SALY PEREIRA BRITO BARBOSA - E;C.;SALY PEREIRA BRITO BARBOSA - E;MINEIROS;GO;758;      1.936,28;     156,33;   11,500;   0,0700;   21,000;      0;      2;13;ENTREGA PREJUDICADA PELO HORARIO/TRANSITO;10/09/26;;;35260907655407000287570020021406311007278904 ;         31,99;
MIN;SAO154038-6; N;11/09/2026;18/09/2026;   107337;            ;     ;NOVA RENKO INDUSTRIAL LTDA;HELOISIO ANTONIO SILVA CALDEIR;C.;HELOISIO ANTONIO SILVA CALDEIR;MINEIROS;GO;758;      4.338,93;     306,87;  443,790;   0,8400;  443,790;      0;     44;80;CTRC EMITIDO;11/09/26;;;35260907655407000287570020021435621007328078 ;         62,79;
MIN;SAO154127-7; N;10/09/2026;18/09/2026;     1441;            ;     ;INTERBRASIL IMPORTADORA DE ART;PATRICIA CONCEICAO SANTOS;..;PATRICIA CONCEICAO SANTOS;MINEIROS;GO;758;      4.281,33;     522,18;  177,630;   2,0408;  612,240;      0;     15;80;CTRC EMITIDO;10/09/26;;;35260907655407000287570020021430141007318515 ;        106,84;
MIN;SAO154195-1; N;10/09/2026;18/09/2026;    81290;            ;     ;INCOMFIO LTDA.;SALY PEREIRA BRITO BARBOSA - E;C.;SALY PEREIRA BRITO BARBOSA - E;MINEIROS;GO;758;      1.389,00;      99,15;   32,710;   0,1627;   48,810;      0;      4;80;CTRC EMITIDO;10/09/26;;;35260907655407000287570020021429971007318342 ;         20,29;
MIN;SAO154350-4; N;11/09/2026;18/09/2026;   450272;            ;     ;IBIRA INDUSTRIA E COMERCIO DE;ANTONIO CARVALHO VILELA;..;ANTONIO CARVALHO VILELA;MINEIROS;GO;758;      5.748,14;     785,62;  153,750;   1,2482;  374,460;      0;     11;80;CTRC EMITIDO;11/09/26;;;35260907655407000287570020021435731007328187 ;        160,74;
MIN;SAO154381-4; N;10/09/2026;18/09/2026;    46929;            ;     ;ROCA EQUIPAMENTOS LTDA ME;MD HAMBURGUERIA LTDA;.3;MD HAMBURGUERIA LTDA;MINEIROS;GO;758;      1.560,00;     174,49;   61,240;   0,1476;   61,240;      0;      4;80;CTRC EMITIDO;10/09/26;;;35260907655407000287570020021432561007324575 ;         35,70;
MIN;SAO154449-7; N;10/09/2026;18/09/2026;      900;            ;     ;JLG SERVICO E COMERCIO LTDA;MINEIROS GAS LTDA - EPP;C2;MINEIROS GAS LTDA - EPP;MINEIROS;GO;758;      2.436,79;     120,53;   41,900;   0,3866;  115,980;      0;      4;80;CTRC EMITIDO;10/09/26;;;35260907655407000287570020021432591007324607 ;         24,66;
MIN;SAO154489-6; N;10/09/2026;18/09/2026;   525979;            ;     ;RYTHMOON COMERCIO DE ARTIGOS E;ONIX TECNOLOGIA E PARTICIPACOE;B2;JOANICE ANTONIA SOUSA SANTOS;MINEIROS;GO;758;      3.798,86;     280,73;   25,300;   0,4715;  141,450;      0;      2;80;CTRC EMITIDO;10/09/26;;;35260907655407000287570020021432721007324730 ;         57,44;
MIN;SAO154561-2; N;10/09/2026;18/09/2026;   250614;            ;     ;KAZAN COM IMP E EXPORTACAO LTD;PAPELARIA SAO JOAO LTDA;C.;PAPELARIA SAO JOAO LTDA;MINEIROS;GO;758;      2.473,83;     604,24;   88,630;   0,8565;  256,950;      0;     18;80;CTRC EMITIDO;10/09/26;;;35260907655407000287570020021433091007325216 ;        123,63;
MIN;SAO154671-6; N;11/09/2026;18/09/2026;   302866;392308      ;     ;ACP MERCANTIL INDUSTRIAL LTDA;OFFICE PAPELARIA LTDA ME;C.;OFFICE PAPELARIA LTDA ME;MINEIROS;GO;758;      1.202,69;     152,39;   41,720;   0,2198;   65,940;      0;      7;80;CTRC EMITIDO;11/09/26;;;35260907655407000287570020021436011007328469 ;         31,18;
MIN;SAO154898-1; N;11/09/2026;18/09/2026;  3052185;            ;     ;LORENZETTI SA INDS BRASILEIRAS;LORENZETTI SA INDS BRASILEIRAS;A2;OZORIO DA LUZ DINIZ - EIRELI;MINEIROS;GO;758;      6.714,75;     339,34;  171,119;   1,0313;  257,825;      0;     12;80;CTRC EMITIDO;11/09/26;;;35260907655407000287570020021437161007329854 ;         69,43;
MIN;FND153474-2; N;09/09/2026;21/09/2026;     5639;            ;     ;J A OUTLET COMERCIO DE MOVEIS;J A OUTLET COMERCIO DE MOVEIS;B.;DENISE NOGUEIRA ARAUJO;MINEIROS;GO;758;      1.040,83;     320,00;   28,000;   0,7000;  210,000;      0;      1;  ;;        ; HOJE 08:00;FND000592-4;35260907655407000287570020021420531007302272 ;         65,47;
MNH;CAT149676-0; N;02/09/2026;24/09/2026;   561893;592323      ;     ;MOVEIS PROVINCIA INDUSTRIA E C;MOVEIS PROVINCIA INDUSTRIA E C;A.;KAREN ASSUMPCAO;MANHUACU;MG;BHZ;      1.529,62;     184,28;   65,280;   0,1588;   65,280;      2;      2;83;CHEGADA NA UNIDADE INTERMEDIARIA ;09/09/26;;SJP000586-0;35260907655407000287570020021380191007232950 ;         56,76;
MNH;SJP152379-1; N;08/09/2026;01/10/2026;       82;            ;     ;CARVALHO AGRONEGOCIOS LTDA;CARVALHO AGRONEGOCIOS LTDA;..;BELARMINO PEIXOTO DA SILVA;IPANEMA;MG;BHZ;      7.000,00;     500,01;  200,000;   0,2000;  200,000;     10;     10;83;CHEGADA NA UNIDADE INTERMEDIARIA ;09/09/26;;SJP000586-0;35260907655407000287570020021408831007281953 ;        167,20;
MNH;FND152821-1; N;08/09/2026;30/09/2026;   104188;            ;     ;MOBIGU COMERCIO DE MOVEIS LTDA;MOBIGU COMERCIO DE MOVEIS LTDA;B.;HILLARY VITORIA OLIVEIRA SILVA;CAPARAO;MG;BHZ;         83,07;     201,88;   10,500;   0,1444;   43,320;      0;      1;  ;;        ; HOJE 08:00;FND000592-4;35260907655407000287570020021412351007287930 ;         67,51;
MNH;FND153447-5; N;09/09/2026;30/09/2026;     2405;            ;     ;VALDIR DE SOUZA SANTA RITA ME;VALDIR DE SOUZA SANTA RITA ME;C.;DONIZETE RODRIGUES LOPES;MANHUACU;MG;BHZ;        381,21;     200,01;   14,000;   0,0672;   20,160;      0;      1;  ;;        ; HOJE 08:00;FND000592-4;35260907655407000287570020021420581007302325 ;         61,60;
MNH;FND153448-3; N;09/09/2026;02/10/2026;      731;            ;     ;HOME NOBRE INDUSTRIA E COMERCI;HOME NOBRE INDUSTRIA E COMERCI;C.;LETICIA CONDE;RAUL SOARES;MG;BHZ;      1.495,29;     201,08;   30,000;   0,2623;   78,690;      0;      2;  ;;        ; HOJE 08:00;FND000592-4;35260907655407000287570020021420471007302216 ;         67,24;
MNH;FND153630-3; N;09/09/2026;01/10/2026;    22923;            ;     ;AQUI MOVEIS COMERCIO VAREJISTA;AQUI MOVEIS COMERCIO VAREJISTA;C.;JEOVANE FERREIRA DE SOUZA;SANTA MARGARIDA;MG;BHZ;        763,22;     222,08;   60,000;   0,2000;   60,000;      0;      2;  ;;        ; HOJE 08:00;FND000592-4;35260907655407000287570020021421691007304106 ;         74,26;
MNH;FND153666-4; N;09/09/2026;01/10/2026;     6383;            ;     ;INFOCELL PREMIUM LTDA;INFOCELL PREMIUM LTDA;A.;MARCIO SILVA BIANCHINI;VIEIRAS;MG;BHZ;        175,30;     220,44;   43,000;   0,3600;  108,000;      0;      4;  ;;        ; HOJE 08:00;FND000592-4;35260907655407000287570020021421901007304312 ;         73,72;
MOC;CAT149671-9; N;02/09/2026;22/09/2026;   561889;592033      ;     ;MOVEIS PROVINCIA INDUSTRIA E C;MOVEIS PROVINCIA INDUSTRIA E C;A.;ESTEFANY DIAS;MONTES CLAROS;MG;BHZ;        624,29;     140,13;   52,000;   0,1124;   52,000;      1;      1;83;CHEGADA NA UNIDADE INTERMEDIARIA ;09/09/26;;SJP000586-0;35260907655407000287570020021380131007232892 ;         50,00;
MOC;FND151493-8; N;04/09/2026;28/09/2026;     3871;            ;     ;CONFORTO EM CASA E-COMMERCE LT;CONFORTO EM CASA E-COMMERCE LT;B.;VALDINEI OLIVEIRA;MAMONAS;MG;BHZ;      1.299,00;     382,45;   35,000;   0,7000;  175,000;      0;      1;  ;;        ; HOJE 08:00;FND000592-4;35260907655407000287570020021398181007265892 ;        134,62;
MOC;FND152822-0; N;08/09/2026;29/09/2026;   104187;            ;     ;MOBIGU COMERCIO DE MOVEIS LTDA;MOBIGU COMERCIO DE MOVEIS LTDA;B.;MARIA CLARA ALVES VIANA;RIO ACIMA;MG;BHZ;         87,44;     153,08;   10,500;   0,1444;   43,320;      0;      1;  ;;        ; HOJE 08:00;FND000592-4;35260907655407000287570020021412371007287950 ;         53,88;
MOC;FND152828-9; N;08/09/2026;29/09/2026;     9390;            ;     ;MOVELARIA STORE COMERCIO DE MO;MOVELARIA STORE COMERCIO DE MO;..;JEFFERSON LUIZ DE M RIBEIRO (7;JANAUBA;MG;BHZ;        490,83;     130,01;   16,000;   0,0000;   16,000;      0;      1;  ;;        ; HOJE 08:00;FND000592-4;35260907655407000287570020021412361007287945 ;         50,00;
MOC;FND152967-6; N;08/09/2026;29/09/2026;       41;            ;     ;CASA CARMORELLI MOVEIS LTDA;CASA CARMORELLI MOVEIS LTDA;C.;CRISTINA MUNIZ;RIO ACIMA;MG;BHZ;        439,76;     104,99;   21,240;   0,0408;   21,240;      0;      1;  ;;        ; HOJE 08:00;FND000592-4;35260907655407000287570020021412981007291180 ;         50,00;
MOC;FND152972-2; N;08/09/2026;25/09/2026;     8500;11482       ;     ;POLOSHOP.COM LTDA;POLOSHOP.COM LTDA;..;JOSIANY SOUSA;MONTES CLAROS;MG;BHZ;        452,44;     292,81;   74,000;   0,2500;   75,000;      0;      2;  ;;        ; HOJE 08:00;FND000592-4;35260907655407000287570020021413021007291222 ;        103,07;
MOC;FND153125-5; N;09/09/2026;25/09/2026;     3944;            ;     ;CONFORTO EM CASA E-COMMERCE LT;CONFORTO EM CASA E-COMMERCE LT;B.;ZILDA SOARES DE SOUZA SILVA;JUATUBA;MG;BHZ;        678,02;     156,83;   35,000;   0,3000;   75,000;      0;      1;  ;;        ; HOJE 08:00;FND000592-4;35260907655407000287570020021418211007297630 ;         55,20;
MOC;FND153507-2; N;09/09/2026;28/09/2026;    19222;            ;     ;POLIZELLI MOVEIS E UTILIDADES;POLIZELLI MOVEIS E UTILIDADES;A.;GESSICA THAMIRIS PRATES;MONTES CLAROS;MG;BHZ;        135,10;     179,33;   30,000;   0,2958;   88,740;      0;      2;  ;;        ; HOJE 08:00;FND000592-4;35260907655407000287570020021420451007302149 ;         63,12;
MOC;FND153625-7; N;09/09/2026;30/09/2026;    23192;            ;     ;AQUI MOVEIS COMERCIO VAREJISTA;AQUI MOVEIS COMERCIO VAREJISTA;C.;CLEMENTE MENDES DE OLIVEIRA;SALINAS;MG;BHZ;      1.106,64;     319,27;   70,000;   0,2000;   70,000;      0;      3;  ;;        ; HOJE 08:00;FND000592-4;35260907655407000287570020021421721007304136 ;        112,38;
MOC;FND153628-1; N;09/09/2026;02/10/2026;    23365;            ;     ;AQUI MOVEIS COMERCIO VAREJISTA;AQUI MOVEIS COMERCIO VAREJISTA;C.;VANDERLEIA PAULINO DE ALMEIDA;SANTA CRUZ DE SALINAS;MG;BHZ;      1.364,49;     321,24;   70,000;   0,2000;   70,000;      0;      3;  ;;        ; HOJE 08:00;FND000592-4;35260907655407000287570020021421671007304080 ;        113,08;
MOC;FND153678-8; N;09/09/2026;30/09/2026;    20830;            ;     ;CLICK MAGAZINE LTDA;CLICK MAGAZINE LTDA;C.;ELIZABETH DE SOUZA GALVAO;JABOTICATUBAS;MG;BHZ;      2.120,68;     162,32;   50,000;   0,1500;   50,000;      0;      2;  ;;        ; HOJE 08:00;FND000592-4;35260907655407000287570020021421971007304380 ;         57,14;
MT2;RVD124070-6; D;23/07/2026;29/07/2026;    20303;            ;     ;COOP AGROIND PROD RURAIS SUD G;IRMAOS BELLOTTO E CIA LTDA;..;IRMAOS BELLOTTO E CIA LTDA;LARANJAL PAULISTA;SP;CAM;      2.044,44;     200,14;   36,010;   0,0317;   36,010;      0;      7;83;CHEGADA NA UNIDADE INTERMEDIARIA ;29/07/26;;GYN023411-7;52260707655407000449570040000997261006731966 ;          0,01;
NPG;BIR149815-1; N;02/09/2026;24/09/2026;    15752;            ;     ;PECUARISTA D OESTE DE ARACATUB;PECUARISTA D OESTE DE ARACATUB;A.;S LAZZARIS CARVALHO;ALTAMIRA;PA;SIN;     10.713,60;   1.451,01;  106,800;   0,3500;  106,800;      4;      4;83;CHEGADA NA UNIDADE INTERMEDIARIA ;08/09/26;;BIR000387-5;35260907655407000287570020021382231007236690 ;        501,47;
NPG;BIR150645-5; N;03/09/2026;25/09/2026;    15393;            ;     ;MARIO BEARARE NETO ME;MARIO BEARARE NETO ME;B.;JAYNE MODAS EIRELI;NOVO PROGRESSO;PA;SIN;      5.478,00;     381,52;   38,040;   0,4000;   38,040;      9;      9;83;CHEGADA NA UNIDADE INTERMEDIARIA ;08/09/26;;BIR000387-5;35260907655407000287570020021390301007249766 ;        124,18;
NPG;BIR151389-3; N;04/09/2026;28/09/2026;    15780;            ;     ;PECUARISTA D OESTE DE ARACATUB;PECUARISTA D OESTE DE ARACATUB;A.;ALVORADA COMERCIO DE PRODUTOS ;NOVO PROGRESSO;PA;SIN;      2.544,00;     436,77;   30,200;   0,1000;   30,200;      2;      2;83;CHEGADA NA UNIDADE INTERMEDIARIA ;08/09/26;;BIR000387-5;35260907655407000287570020021397821007265200 ;        142,17;
NPG;FRA151830-5; N;04/09/2026;28/09/2026;  4387495;MERCADO_LIVR;     ;PALACIO DAS FERRAMENTAS E PARA;PALACIO DAS FERRAMENTAS E PARA;A.;CRISTIANE SANTOS;CACHOEIRA DA SERRA;PA;SIN;      2.864,23;     301,27;   65,000;   0,3200;   96,000;      1;      1;83;CHEGADA NA UNIDADE INTERMEDIARIA ;08/09/26;;FRA001750-7;35260907655407000287570020021401801007273772 ;         98,06;
NPG;SJP152340-6; N;08/09/2026;29/09/2026;     6295;            ;     ;OLIVEIRA E PINOTTI ENERGIA REN;OLIVEIRA E PINOTTI ENERGIA REN;B.;JEANE  SANTOS SOUZA;CACHOEIRA DA SERRA;PA;SIN;      3.255,66;     441,52;   78,000;   0,2800;   84,000;      3;      3;83;CHEGADA NA UNIDADE INTERMEDIARIA ;09/09/26;;SJP000586-0;35260907655407000287570020021408691007281776 ;        143,71;
NPG;SAO153896-9; N;09/09/2026;29/09/2026;   157492;167008      ;     ;ETILUX IMP E DISTR DE ARTIGOS;ETILUX IMP E DISTR DE ARTIGOS;A.;3469-FABRICA DE FERRAGENS PARA;ALTAMIRA;PA;SIN;      9.014,40;     392,86;   71,700;   0,1000;   71,700;      0;      8;80;CTRC EMITIDO;09/09/26;;;35260907655407000287570020021425921007312176 ;        182,68;
NVM;JOI001869-4; N;04/09/2026;18/09/2026;     2499;5593        ;     ;SPARCOULD COMERCIO IMPORTACAO;SC DISTRIBUIDORA DE PECAS AUTO;C.;SC DISTRIBUIDORA DE PECAS AUTO;NOVA MUTUM;MT;784;      6.883,35;     499,08;   86,000;   0,6998;  209,940;     27;     27;83;CHEGADA NA UNIDADE INTERMEDIARIA ;08/09/26;;CWB000481-2;42260907655407002140570200000018601007266158 ;        109,26;
NVM;VIX032669-1; N;03/09/2026;16/09/2026;  3303022;29117603    ;     ;BELMICRO TECNOLOGIA S/A;BELMICRO TECNOLOGIA S/A;A.;GUSTAVO NASCIMENTO NULL;NOVA MUTUM;MT;784;      1.615,90;     231,86;   31,000;   0,4355;  117,585;      0;      1;83;CHEGADA NA UNIDADE INTERMEDIARIA ;10/09/26;;VIX000373-5;32260907655407001844570010000337791007257504 ;         37,11;
NVM;SAO152398-8; N;08/09/2026;21/09/2026;    18931;            ;     ;CAROLINA LIZ DE ANDRADE PEREIR;MC CONFECCOES E VARIEDADES LIM;C2;MC CONFECCOES E VARIEDADES LIM;SAO JOSE DO RIO CLARO;MT;784;      6.632,16;     794,03;  143,076;   1,4036;  421,080;      0;     25;80;CTRC EMITIDO;08/09/26;;;35260907655407000287570020021412061007287237 ;        276,55;
NVM;SAO152457-7; N;08/09/2026;21/09/2026;   149158;260821170556;     ;WELLMIX IMPORTACAO DE UTILIDAD;MC CONFECCOES E VARIEDADES LIM;C2;MC CONFECCOES E VARIEDADES LIM;SAO JOSE DO RIO CLARO;MT;784;      1.496,57;     329,82;  141,260;   0,5794;  173,815;      0;     14;80;CTRC EMITIDO;08/09/26;;;35260907655407000287570020021410521007285040 ;        114,87;
NVM;SAO152464-0; N;08/09/2026;17/09/2026;   184876;125687      ;     ;TRAMAR INDUSTRIAL LTDA.;E. R. DE LUCENA LTDA E CIA;C.;E. R. DE LUCENA LTDA E CIA;NOVA MUTUM;MT;784;      2.698,73;     232,18;   17,910;   0,0312;   17,910;      0;      1;80;CTRC EMITIDO;08/09/26;;;35260907655407000287570020021410771007285294 ;         50,83;
NVM;SAO152725-8; N;08/09/2026;17/09/2026;   106777;            ;     ;RINO BIKE COMERCIO DE BICICLET;RINO BIKE COMERCIO DE BICICLET;C.;CRISTIANO OSTI;NOVA MUTUM;MT;784;      1.289,00;     168,89;   15,000;   0,1820;   54,600;      0;      1;80;CTRC EMITIDO;08/09/26;;;35260907655407000287570020021414481007293220 ;         28,57;
NVM;SAO152845-9; N;08/09/2026;17/09/2026;   475914;            ;     ;GAL COMERCIO C IMPORTACAO E E;CIMI E ALBUQUERQUE LTDA EPP -;..;CIMI E ALBUQUERQUE LTDA EPP -;NOVA MUTUM;MT;784;      2.090,81;     400,85;   61,640;   1,0257;  307,710;      0;      4;80;CTRC EMITIDO;08/09/26;;;35260907655407000287570020021414501007293244 ;         87,75;
NVM;SAO153307-0; N;10/09/2026;18/09/2026;  1388167;109190193   ;     ;BRS SP SUPRIMENTOS CORPORATIVO;BRS SP SUPRIMENTOS CORPORATIVO;A1;LOJAS AVENIDA S.A;NOVA MUTUM;MT;784;      1.898,37;     199,35;   82,100;   0,7533;   82,100;      0;     16;80;CTRC EMITIDO;10/09/26;;;35260907655407000287570020021430191007318775 ;         33,72;
NVM;SAO153324-0; N;09/09/2026;18/09/2026;   307006;            ;     ;SIER MOVEIS LTDA;SIER MOVEIS LTDA;B.;SUBLIME AMBIENTES LTDA;NOVA MUTUM;MT;784;      7.419,68;     500,14;   78,000;   1,6520;  495,600;      0;      4;80;CTRC EMITIDO;09/09/26;;;35260907655407000287570020021423641007309625 ;         84,61;
NVM;SAO153456-4; N;09/09/2026;18/09/2026;    24133;            ;     ;JP BRINK LTDA - EPP;PAPELARIA AVENIDA LTDA;C.;PAPELARIA AVENIDA LTDA;NOVA MUTUM;MT;784;      2.320,35;     186,98;   31,500;   0,6997;  209,910;      0;     10;80;CTRC EMITIDO;09/09/26;;;35260907655407000287570020021425351007311343 ;         40,93;
NVM;SAO153483-1; N;09/09/2026;18/09/2026;     4541;38129       ;     ;MAKSTAR COMERCIO DE MAQUINAS D;MAKSTAR COMERCIO DE MAQUINAS D;..;ANDERSON DA SILVA RODRIGUES;NOVA MUTUM;MT;784;      1.100,00;     293,54;   40,000;   0,1139;   40,000;      0;      1;80;CTRC EMITIDO;09/09/26;;;35260907655407000287570020021424301007310299 ;         49,66;
NVM;SAO153501-3; N;09/09/2026;18/09/2026;      422;            ;     ;CR CLEAN LORENA;INVICTUS DISTRIBUIDORA LTDA;.3;INVICTUS DISTRIBUIDORA LTDA;NOVA MUTUM;MT;784;      1.157,20;     140,55;   61,000;   0,0723;   61,000;      0;      4;80;CTRC EMITIDO;09/09/26;;;35260907655407000287570020021424491007310487 ;         30,77;
NVM;SAO153509-9; N;09/09/2026;18/09/2026;     4995;            ;     ;MARES COMERCIO IMPORTACAO;ANDREA CRISTINA LEITE LTDA;B.;ANDREA CRISTINA LEITE LTDA;NOVA MUTUM;MT;784;      7.494,66;     575,77;  277,880;   1,8419;  552,570;      0;     31;80;CTRC EMITIDO;09/09/26;;;35260907655407000287570020021425261007311255 ;        126,05;
NVM;SAO153825-0; N;10/09/2026;22/09/2026;     1945;0926-000140L;     ;CAMARGO DISTR DE PRODUTOS QUIM;METALURGICA LACHOVICZ LTDA - M;C.;METALURGICA LACHOVICZ LTDA - M;SAO JOSE DO RIO CLARO;MT;784;      1.501,26;     270,62;  110,400;   0,1353;  110,400;      0;      2;80;CTRC EMITIDO;10/09/26;;;35260907655407000287570020021426701007313120 ;         94,25;
NVM;SAO153890-0; N;09/09/2026;18/09/2026;   156710;156401      ;     ;ETILUX IMP E DISTR DE ARTIGOS;ANDREA CRISTINA LEITE;B.;ANDREA CRISTINA LEITE;NOVA MUTUM;MT;784;        863,69;     227,26;   47,240;   0,2200;   66,000;      0;      8;80;CTRC EMITIDO;09/09/26;;;35260907655407000287570020021425891007312146 ;         49,75;
NVM;SAO154011-4; N;10/09/2026;23/09/2026;    50011;36528       ;     ;DOCE BRINQUEDO IND E COM DE BR;MC CONFECCOES E VARIEDADES LIM;C2;MC CONFECCOES E VARIEDADES LIM;SAO JOSE DO RIO CLARO;MT;784;      3.298,80;     196,35;   88,210;   0,2785;   88,210;      0;     18;80;CTRC EMITIDO;10/09/26;;;35260907655407000287570020021429901007318279 ;         68,39;
NVM;SAO154102-1; N;10/09/2026;21/09/2026;    13511;            ;     ;F.F - IND E COM DE FORROS E AC;MUTUM PISOS LTDA;C.;MUTUM PISOS LTDA;NOVA MUTUM;MT;784;      2.028,00;     187,14;   15,480;   0,0300;   15,480;      0;      2;80;CTRC EMITIDO;10/09/26;;;35260907655407000287570020021434981007327265 ;         40,97;
NVM;SAO154130-7; N;10/09/2026;21/09/2026;     7006;            ;     ;ROLDPLAST ALUMINIO INDUSTRIA E;TONELLO COML DISTRIBUIDORA MAT;B.;TONELLO COML DISTRIBUIDORA MAT;NOVA MUTUM;MT;784;      1.867,00;     164,89;   49,000;   0,3720;  111,600;      0;      3;80;CTRC EMITIDO;10/09/26;;;35260907655407000287570020021434331007326523 ;         36,10;
NVM;SAO154134-0; N;10/09/2026;23/09/2026;   364344;            ;     ;GALA - IBB IND. BRAS. DE BRINQ;MC CONFECCOES E VARIEDADES LIM;C2;MC CONFECCOES E VARIEDADES LIM;SAO JOSE DO RIO CLARO;MT;784;      7.056,97;     671,59;  104,150;   1,1622;  348,660;      0;     50;80;CTRC EMITIDO;10/09/26;;;35260907655407000287570020021429911007318284 ;        233,91;
NVM;SAO154336-9; N;10/09/2026;23/09/2026;  1268911;10255297    ;     ;VENTISOL INDUSTRIA E COMERCIO;ELIZABETH NUNES DE SOUSA;C.;ELIZABETH NUNES DE SOUSA;SAO JOSE DO RIO CLARO;MT;784;      2.213,51;     269,16;   49,540;   0,4808;  144,240;      0;     13;80;CTRC EMITIDO;10/09/26;;;35260907655407000287570020021433461007325589 ;         93,74;
NVM;SAO154353-9; N;11/09/2026;21/09/2026;    10112;7517        ;     ;GOLD NATURAL RESIN COMERCIO DE;W.G DA SILVA;C.;W.G DA SILVA;NOVA MUTUM;MT;784;      2.840,00;     291,34;  220,000;   0,2994;  220,000;      0;      1;80;CTRC EMITIDO;11/09/26;;;35260907655407000287570020021435591007328048 ;         63,78;
NVM;SAO154357-1; N;10/09/2026;21/09/2026;    29332;            ;     ;IVA IND DE COMPONENTES AUTOMOT;SC DISTRIBUIDORA DE PECAS AUTO;C.;SC DISTRIBUIDORA DE PECAS AUTO;NOVA MUTUM;MT;784;      9.092,29;     381,25;   78,030;   0,6803;  204,090;      0;     11;80;CTRC EMITIDO;10/09/26;;;35260907655407000287570020021433441007325568 ;         83,46;
NVM;SAO154462-4; N;10/09/2026;21/09/2026;    88967;            ;     ;LUCATTI ARTES E DECORACOES LTD;ITENS HOME DECOR LTDA;C.;ITENS HOME DECOR LTDA;NOVA MUTUM;MT;784;      2.697,06;     166,61;   30,030;   0,3425;  102,750;      0;      2;80;CTRC EMITIDO;10/09/26;;;35260907655407000287570020021432551007324560 ;         36,48;
NVM;SAO154488-8; N;10/09/2026;21/09/2026;      119;5349        ;     ;AURA ESSENCE LTDA;AURA ESSENCE LTDA;..;SUBLIME AMBIENTES LTDA;NOVA MUTUM;MT;784;      3.078,00;     664,76;   13,570;   0,6889;  206,670;      0;      2;80;CTRC EMITIDO;10/09/26;;;35260907655407000287570020021432701007324710 ;        112,46;
NVM;SAO154804-2; N;11/09/2026;21/09/2026;   358259;RF-00070441 ;     ;DIVERSEY BRASIL INDUSTRIA QUIM;DIVERSEY BRASIL INDUSTRIA QUIM;A2;BRF S.A;NOVA MUTUM;MT;784;      2.154,86;     479,02;    5,500;   0,0135;    5,500;      0;     11;80;CTRC EMITIDO;11/09/26;;;35260907655407000287570020021436271007328937 ;         78,83;
NVM;SAO154813-1; N;11/09/2026;21/09/2026;   358197;311520      ;     ;DIVERSEY BRASIL INDUSTRIA QUIM;DIVERSEY BRASIL INDUSTRIA QUIM;A2;NATURAL PORK ALIMENTOS S.A;NOVA MUTUM;MT;784;      2.135,60;     505,99;  116,680;   0,1080;  116,680;      0;      2;80;CTRC EMITIDO;11/09/26;;;35260907655407000287570020021436301007328967 ;         83,26;
NVM;SAS028001-1; N;09/09/2026;31/12/2050;        1;            ;TIT  ;EXPRESSO RIO VERMELHO;EXPRESSO RIO VERMELHO;.3;EXPRESSO RIO VERMELHO;NOVA MUTUM;MT;784;         10,00;       0,01;    2,000;   0,0000;    2,000;      0;      1;80;CTRC EMITIDO;09/09/26;;; ;          0,00;
NVM;FND151322-2; N;04/09/2026;18/09/2026;     6497;            ;     ;ZARGO IND E COM DE MOVEIS LTDA;ZARGO IND E COM DE MOVEIS LTDA;B.;ERIKA DA SILVA ABRANTES;NOVA MUTUM;MT;784;      3.706,18;   1.138,23;   50,000;   1,8000;  450,000;      0;      2;  ;;        ; HOJE 08:00;FND000592-4;35260907655407000287570020021397611007264786 ;        192,55;
NVM;VIX032968-1; N;08/09/2026;17/09/2026;  3307875;29134227    ;     ;BELMICRO TECNOLOGIA S/A;BELMICRO TECNOLOGIA S/A;A.;BENEDITO JOSE DA SILVA NULL;NOVA MUTUM;MT;784;      1.412,91;     194,61;   26,990;   0,3433;   92,691;      0;      1;  ;;        ; HOJE 13:01;VIX000375-1;32260907655407001844570010000342041007290575 ;         31,15;
NVV;SAO154526-4; N;10/09/2026;18/09/2026;     1530;            ;     ;SMAF PACK COM DE EMBALAGENS LT;SMAF PACK COM DE EMBALAGENS LT;C.;EMBALAGENS SUL COROADOS LTDA;SANTA RITA DO SAPUCAI;MG;SAO;      4.466,37;     327,11;  240,000;   0,6000;  240,000;      0;      1;80;CTRC EMITIDO;10/09/26;;;35260907655407000287570020021433961007326153 ;          0,00;
NVV;FND151734-1; N;04/09/2026;25/09/2026;     7912;            ;     ;LJ INDUSTRIA E COMERCIO DE MOV;LJ INDUSTRIA E COMERCIO DE MOV;C.;RAQUELLY KAHUANNY SILVA;POUSO ALEGRE;MG;SAO;        292,33;     254,14;   41,000;   0,1200;   41,000;      0;      3;  ;;        ; HOJE 08:00;FND000592-4;35260907655407000287570020021401201007271690 ;          0,00;
NVV;FND151748-1; N;04/09/2026;25/09/2026;    21655;            ;     ;CASELLI STORE COMERCIO LTDA;CASELLI STORE COMERCIO LTDA;A.;ANA MARIA DE ANDRADE SIQUEIRA;POCOS DE CALDAS;MG;SAO;        159,90;     157,10;   60,000;   0,2000;   60,000;      0;      3;  ;;        ; HOJE 08:00;FND000592-4;35260907655407000287570020021401291007271785 ;          0,00;
NVV;FND152810-6; N;08/09/2026;28/09/2026;   191606;            ;     ;GUSTAVO HENRIQUE COSTA;GUSTAVO HENRIQUE COSTA;B.;VANIA COUTO;OURO FINO;MG;SAO;        232,82;     202,72;   42,100;   0,1200;   42,100;      0;      2;  ;;        ; HOJE 08:00;FND000592-4;35260907655407000287570020021412251007287836 ;          0,00;
NVV;FND152817-3; N;08/09/2026;28/09/2026;   104284;            ;     ;MOBIGU COMERCIO DE MOVEIS LTDA;MOBIGU COMERCIO DE MOVEIS LTDA;B.;NATALIA FERREIRA ARAUJO;ITAJUBA;MG;SAO;        501,02;     232,39;   75,400;   0,2500;   75,400;      0;      2;  ;;        ; HOJE 08:00;FND000592-4;35260907655407000287570020021412271007287857 ;          0,00;
NVV;FND152818-1; N;08/09/2026;28/09/2026;   104282;            ;     ;MOBIGU COMERCIO DE MOVEIS LTDA;MOBIGU COMERCIO DE MOVEIS LTDA;B.;POLIANA MAGALHAES DA SILVA;POCOS DE CALDAS;MG;SAO;        501,02;     218,82;   75,400;   0,2500;   75,400;      0;      2;  ;;        ; HOJE 08:00;FND000592-4;35260907655407000287570020021412311007287892 ;          0,00;
NVV;FND153640-1; N;09/09/2026;29/09/2026;     6369;            ;     ;INFOCELL PREMIUM LTDA;INFOCELL PREMIUM LTDA;A.;LUIS CARLOS;POUSO ALEGRE;MG;SAO;        182,30;     149,76;   47,000;   0,1500;   47,000;      0;      1;  ;;        ; HOJE 08:00;FND000592-4;35260907655407000287570020021421611007304027 ;          0,00;
NVV;FND153665-6; N;09/09/2026;29/09/2026;     6382;            ;     ;INFOCELL PREMIUM LTDA;INFOCELL PREMIUM LTDA;A.;IVANILDA SILVA DE OLIVEIRA;OURO FINO;MG;SAO;        130,70;     183,18;   30,000;   0,2500;   75,000;      0;      2;  ;;        ; HOJE 08:00;FND000592-4;35260907655407000287570020021421881007304292 ;          0,00;
NVV;CBA017601-0; N;27/08/2026;08/09/2026;   407180;            ;     ;SESI SERVICO SOCIAL DA INDUSTR;GRUPO MULTI S A;A1;GRUPO MULTI S A;EXTREMA;MG;SAO;      3.477,97;      91,61;    3,100;   0,0544;   13,600;      0;      1;  ;;        ; HOJE 15:59;CBA006632-0;51260807655407000368570020000174871007165656 ;          0,00;
NVV;CBA017657-5; N;08/09/2026;18/09/2026;    11773;            ;     ;MULTIBAR COMERCIO DE PRODUTOS ;MIMO IMPORTACAO E EXPORTACAO S;A3;MIMO IMPORTACAO E EXPORTACAO S;EXTREMA;MG;SAO;        152,65;     131,82;    3,510;   0,0000;    3,510;      0;      1;  ;;        ; HOJE 15:59;CBA006632-0;51260907655407000368570020000175401007286243 ;          0,00;
NVV;DRD034761-2; D;26/08/2026;04/09/2026;   412784;            ;     ;FUND UNIVERS FED DA GRAN DOURA;GRUPO MULTI S A;A1;GRUPO MULTI S A;EXTREMA;MG;SAO;        600,00;      80,80;    5,070;   0,0000;    5,070;      0;      1;  ;;        ; HOJE 15:59;CGD008598-7;50260807655407000600570010000343381007145050 ;          0,00;
NVV;DRD034762-1; D;26/08/2026;04/09/2026;   413258;            ;     ;FUND UNIVERS FED DA GRAN DOURA;GRUPO MULTI S A;A1;GRUPO MULTI S A;EXTREMA;MG;SAO;      6.000,00;      90,78;    4,440;   0,0000;    4,440;      0;      1;  ;;        ; HOJE 15:59;CGD008598-7;50260807655407000600570010000343391007145065 ;          0,00;
NVV;DRD034789-2; D;28/08/2026;09/09/2026;   207036;            ;     ;HELOISA BERLOHA;MIMO IMPORTACAO E EXPORTACAO S;A3;MIMO IMPORTACAO E EXPORTACAO S;EXTREMA;MG;SAO;      1.181,60;     133,34;   14,000;   0,0000;   14,000;      0;      1;  ;;        ; HOJE 15:59;CGD008598-7;50260807655407000600570010000343681007174105 ;          0,00;
NVV;BSB127783-9; D;01/09/2026;11/09/2026;     1804;            ;     ;VULCAO MATERIAL ELETRICO E FER;FORCE LINE IND COM COMP ELETRO;B.;FORCE LINE IND COM COMP ELETRO;EXTREMA;MG;SAO;        435,07;      96,58;    7,300;   0,0000;    7,300;      0;      5;  ;;        ; HOJE 17:49;GYN023933-0;52260907655407000449570040001015391007213150 ;          0,00;
NVV;CBA017606-1; N;28/08/2026;09/09/2026;  2579146*;            ;     ;DF GENERICA COM PROD FARM LTDA;NEWELL BRANDS BRASIL LTDA (SOB;A2;NEWELL BRANDS BRASIL LTDA (SOB;POUSO ALEGRE;MG;SAO;        169,37;       0,01;    0,476;   0,0000;    0,476;      0;      3;  ;;        ; HOJE 17:49;GYN023933-0;51260807655407000368570020000174921007183271 ;          0,00;
NVV;GYN128333-2; N;08/09/2026;18/09/2026;    88909;            ;     ;CENTRO OESTE COMERCIAL DE ALIM;GRUPO MULTI S A;A1;GRUPO MULTI S A;EXTREMA;MG;SAO;        424,85;      97,41;    9,822;   0,1973;   49,325;      0;     14;  ;;        ; HOJE 17:49;GYN023937-2;52260907655407000449570040001017831007285339 ;          0,00;
NVV;GYN128384-7; N;08/09/2026;18/09/2026;   414197;            ;     ;CONSELHO DA COORDENACAO REGION;GRUPO MULTI S A;A1;GRUPO MULTI S A;EXTREMA;MG;SAO;      1.700,36;      82,02;    1,970;   0,0000;    1,970;      0;      1;  ;;        ; HOJE 17:49;GYN023937-2;52260907655407000449570040001017931007286102 ;          0,00;
NVV;GYN128386-3; N;08/09/2026;18/09/2026;    17533;            ;     ;SPE GENESIS CENTRAL DE COMPRAS;GRUPO MULTI S A;A1;GRUPO MULTI S A;EXTREMA;MG;SAO;      1.762,67;      92,57;   12,150;   0,0000;   12,150;      0;      1;  ;;        ; HOJE 17:49;GYN023937-2;52260907655407000449570040001017951007286123 ;          0,00;
OUP;CAM426123-2; N;04/09/2026;15/09/2026;    13532;            ;     ;ANDERSON RODRIGO DE ANDRADE -;ANDERSON RODRIGO DE ANDRADE -;..;VIVIANE GOMES LELIS;PONTE NOVA;MG;BHZ;      6.307,23;     557,80;   55,000;   1,4194;  425,820;      0;      2;83;CHEGADA NA UNIDADE INTERMEDIARIA ;10/09/26;;CAM027882-3;35260907655407000520570030004642441007270388 ;        191,44;
OUP;CWB011926-1; N;04/09/2026;17/09/2026;     2701;            ;     ;GOWSH NETWORK TECHNOLOGY CO. L;GOWSH NETWORK TECHNOLOGY CO. L;C.;WEULLER  SILVA;ITABIRITO;MG;BHZ;      1.499,90;     183,40;   55,000;   0,2453;   73,590;      1;      1;83;CHEGADA NA UNIDADE INTERMEDIARIA ;08/09/26;;CWB000481-2;41260907655407001763570010000118651007275910 ;         62,94;
OUP;CAT147880-0; N;31/08/2026;18/09/2026;   262692;201637      ;     ;HMDK DIGITAL MOVEIS E DECORACO;HMDK DIGITAL MOVEIS E DECORACO;A.;RAPHAELA DAMASIO ALVES;OURO BRANCO;MG;BHZ;        292,04;     128,39;   37,500;   0,0703;   37,500;      1;      1;83;CHEGADA NA UNIDADE INTERMEDIARIA ;04/09/26;;SJP000585-1;35260807655407000287570020021361531007197815 ;         44,06;
OUP;CAT149699-9; N;02/09/2026;23/09/2026;   262871;202124      ;     ;HMDK DIGITAL MOVEIS E DECORACO;HMDK DIGITAL MOVEIS E DECORACO;A.;CASSIA LEANDRA DE LANA SOARES;SANTA CRUZ DO ESCALVADO;MG;BHZ;      5.119,00;   1.299,66;   88,000;   2,3923;  717,690;      2;      2;83;CHEGADA NA UNIDADE INTERMEDIARIA ;09/09/26;;SJP000586-0;35260907655407000287570020021380401007233160 ;        387,54;
OUP;SAO152808-4; N;08/09/2026;15/09/2026;    30487;            ;     ;ANILHAS EAMP CIA COM. DE ARTIG;ONIX TECNOLOGIA E PARTICIPACOE;B2;VIVIAN VIEIRA;OURO BRANCO;MG;BHZ;      1.189,23;     391,53;   60,000;   0,9968;  299,040;      0;      1;80;CTRC EMITIDO;08/09/26;;;35260907655407000287570020021414271007293017 ;        134,37;
OUP;SAO153547-1; N;09/09/2026;15/09/2026;    75654;            ;     ;PROSALES COMERCIO E REPRESENTA;ONIX TECNOLOGIA E PARTICIPACOE;B2;MORAIS TREINAMENTOS E CONSULTO;MARIANA;MG;BHZ;        657,19;     213,17;   20,000;   0,4758;  142,740;      0;      4;80;CTRC EMITIDO;09/09/26;;;35260907655407000287570020021424711007310704 ;         73,16;
OUP;SAO154601-5; N;10/09/2026;17/09/2026;     7050;            ;     ;GAMA LOBO COMERCIO DE PECAS LT;ONIX TECNOLOGIA E PARTICIPACOE;B2;JOAO VITOR GOUVEIA NETTO;ITABIRITO;MG;BHZ;        783,00;     151,53;   68,800;   0,2689;   80,670;      0;      4;80;CTRC EMITIDO;10/09/26;;;35260907655407000287570020021434791007327073 ;         52,01;
OUP;FND152814-9; N;08/09/2026;25/09/2026;   191607;            ;     ;GUSTAVO HENRIQUE COSTA;GUSTAVO HENRIQUE COSTA;B.;GABRIEL CARLOS;ITABIRITO;MG;BHZ;        226,99;     172,11;   71,500;   0,1500;   71,500;      0;      2;  ;;        ; HOJE 08:00;FND000592-4;35260907655407000287570020021412281007287862 ;         59,07;
OUP;FND153431-9; N;09/09/2026;29/09/2026;     6335;            ;     ;INFOCELL PREMIUM LTDA;INFOCELL PREMIUM LTDA;A.;THAMIRIS;PONTE NOVA;MG;BHZ;        175,30;     167,85;   43,000;   0,3600;  108,000;      0;      4;  ;;        ; HOJE 08:00;FND000592-4;35260907655407000287570020021420171007300630 ;         57,61;
OUP;FND153622-2; N;09/09/2026;28/09/2026;    23350;            ;     ;AQUI MOVEIS COMERCIO VAREJISTA;AQUI MOVEIS COMERCIO VAREJISTA;C.;GLENDA RIBEIRO;CONSELHEIRO LAFAIETE;MG;BHZ;      1.429,65;     207,97;   70,000;   0,2000;   70,000;      0;      3;  ;;        ; HOJE 08:00;FND000592-4;35260907655407000287570020021421681007304095 ;         71,37;
PAR;PSA151903-4; N;04/09/2026;17/09/2026;  3641740;0800951628  ;     ;GRUPO MULTI S A;GRUPO MULTI S A;A1;SEAL TELECOM COM E SERVICOS DE;PARANAIBA;MS;795;     13.071,73;     113,06;    7,350;   0,1659;   41,475;      1;      1;83;CHEGADA NA UNIDADE INTERMEDIARIA ;09/09/26;;CAM027872-6;35260907655407000287570020021402221007274193 ;         36,00;
PAR;PSA151974-3; N;04/09/2026;17/09/2026;  3640185;0800948636  ;     ;GRUPO MULTI S A;GRUPO MULTI S A;A1;SEAL TELECOM COM E SERVICOS DE;PARANAIBA;MS;795;     13.071,73;      98,51;    7,350;   0,0363;    9,075;      1;      1;83;CHEGADA NA UNIDADE INTERMEDIARIA ;09/09/26;;CAM027872-6;35260907655407000287570020021402931007274950 ;         36,00;
PAR;UDI034045-6; N;04/09/2026;16/09/2026;   177112*;2285477NAO  ;     ;PRODUTOS ERLAN S/A;PRODUTOS ERLAN S/A;B3;CONSTANCIA PRODUTOS PARA FESTA;PARANAIBA;MS;795;      3.730,62;     314,73;  326,400;   0,6902;  326,400;     26;     26;83;CHEGADA NA UNIDADE INTERMEDIARIA ;10/09/26;;UDI002589-5;31260907655407001097570100000563681007265863 ;         94,42;
PAR;VIX032916-9; N;04/09/2026;17/09/2026;  2848426;            ;     ;WEBCONTINENTAL LTDA;WEBCONTINENTAL LTDA;A1;MARCOS PAULO DA SILVA;PARANAIBA;MS;795;      2.899,00;     254,89;   41,800;   0,2900;   58,000;      0;      2;  ;;        ; HOJE 13:01;VIX000375-1;32260907655407001844570010000339091007272410 ;         67,29;
PAR;VIX032970-3; N;08/09/2026;17/09/2026;  3309050;29136884    ;     ;BELMICRO TECNOLOGIA S/A;BELMICRO TECNOLOGIA S/A;A.;FRANCIELLE SOUZA SANTOS NULL;PARANAIBA;MS;795;      4.297,86;     524,74;   79,500;   1,1674;  315,198;      0;      1;  ;;        ; HOJE 13:01;VIX000375-1;32260907655407001844570010000342061007290596 ;        138,53;
PAR;VIX033101-5; N;08/09/2026;22/09/2026;   984565;            ;     ;WEBCONTINENTAL LTDA;WEBCONTINENTAL LTDA;A1;HENIEL DA COSTA FRAJALDO;PARANAIGUARA;GO;758;      2.662,42;     132,00;   36,800;   0,2200;   44,000;      0;      2;  ;;        ; HOJE 13:01;VIX000375-1;32260907655407001844570010000340721007289002 ;         36,00;
PLC;BIR150666-8; N;03/09/2026;18/09/2026;    15763;            ;     ;PECUARISTA D OESTE DE ARACATUB;PECUARISTA D OESTE DE ARACATUB;A.;ALVORADA COMERCIO DE PRODUTOS;PONTES E LACERDA;MT;782;     10.176,00;     623,43;  114,580;   0,3700;  114,580;      6;      6;83;CHEGADA NA UNIDADE INTERMEDIARIA ;08/09/26;;BIR000387-5;35260907655407000287570020021391321007250969 ;        115,96;
PLC;IBI148205-0; N;31/08/2026;15/09/2026;    13557;            ;     ;ELIZA ENXOVAIS LTDA;ELIZA ENXOVAIS LTDA;B.;MARINALVA ARAUJO MOURA;PONTES E LACERDA;MT;782;      1.010,58;     300,10;   45,820;   0,5456;  136,400;      3;      3;83;CHEGADA NA UNIDADE INTERMEDIARIA ;08/09/26;;IBI000236-4;35260807655407000287570020021364211007202455 ;         55,82;
PLC;IBI148214-9; N;31/08/2026;15/09/2026;   163637;            ;     ;BORDADOS SULAMITA EIRELI;BORDADOS SULAMITA EIRELI;B.;FRANCA SERVICOS DE HOTELARIA E;PONTES E LACERDA;MT;782;      2.054,27;     225,90;   82,045;   0,3093;   82,045;      4;      4;83;CHEGADA NA UNIDADE INTERMEDIARIA ;08/09/26;;IBI000236-4;35260807655407000287570020021364221007202460 ;         42,02;
PLC;IBI151715-5; N;04/09/2026;21/09/2026;    30714;            ;     ;CONFECCOES SULAMITA LTDA;CONFECCOES SULAMITA LTDA;B.;WALCI DA SILVA MIRANDA 9413634;PONTES E LACERDA;MT;782;      1.044,36;     290,63;   47,960;   0,5250;  131,250;      3;      3;83;CHEGADA NA UNIDADE INTERMEDIARIA ;08/09/26;;IBI000236-4;35260907655407000287570020021400281007269460 ;         54,06;
PLC;CAT147873-7; N;31/08/2026;17/09/2026;   262683;200370      ;     ;HMDK DIGITAL MOVEIS E DECORACO;HMDK DIGITAL MOVEIS E DECORACO;A.;JULIANO BEDIN;NOVA LACERDA;MT;782;      2.299,19;     440,76;  109,480;   0,3172;  109,480;      4;      4;83;CHEGADA NA UNIDADE INTERMEDIARIA ;04/09/26;;SJP000585-1;35260807655407000287570020021361501007197783 ;        143,47;
PLC;CAT150772-9; N;03/09/2026;22/09/2026;    11204;            ;     ;MARCOS DE OLIVEIRA CALCADOS LT;MARCOS DE OLIVEIRA CALCADOS LT;C.;RACAVET COMERCIO DE PRODUTOS A;NOVA LACERDA;MT;782;     13.762,35;     550,00;   70,000;   0,6527;  195,810;      4;      4;83;CHEGADA NA UNIDADE INTERMEDIARIA ;09/09/26;;SJP000586-0;35260907655407000287570020021391571007252219 ;        179,03;
PLC;VIX032813-8; N;04/09/2026;18/09/2026;  3304527;29122594    ;     ;BELMICRO TECNOLOGIA S/A;BELMICRO TECNOLOGIA S/A;A.;ANA ALVES NULL;PONTES E LACERDA;MT;782;      2.773,90;     220,48;   50,000;   0,3703;   99,981;      1;      1;83;CHEGADA NA UNIDADE INTERMEDIARIA ;09/09/26;;VIX000372-7;32260907655407001844570010000339651007273181 ;         38,80;
PLC;SAO151210-2; N;05/09/2026;18/09/2026;  3049434;            ;     ;LORENZETTI SA INDS BRASILEIRAS;LORENZETTI SA INDS BRASILEIRAS;A2;TODIMO MATERIAIS PARA CONSTRUC;PONTES E LACERDA;MT;782;      4.401,82;     148,06;   22,263;   0,2200;   55,000;      0;     13;80;CTRC EMITIDO;05/09/26;;;35260907655407000287570020021406801007279760 ;         27,54;
PLC;SAO151259-5; N;05/09/2026;18/09/2026;  3049382;            ;     ;LORENZETTI SA INDS BRASILEIRAS;LORENZETTI SA INDS BRASILEIRAS;A2;MATECNORTE MATERIAIS P CONSTRU;PONTES E LACERDA;MT;782;        413,31;      88,52;    3,399;   0,0300;    7,500;      0;      1;80;CTRC EMITIDO;05/09/26;;;35260907655407000287570020021407251007280214 ;         16,46;
PLC;SAO151667-1; N;05/09/2026;18/09/2026;   393147;            ;     ;MOAS IND E COM IMP E EXP LTDA;MOAS IND E COM IMP E EXP LTDA;A3;57721642 PAMELA SUELEN MOREIRA;PONTES E LACERDA;MT;782;     10.740,68;     471,96;   52,922;   0,7920;  237,600;      0;      6;80;CTRC EMITIDO;05/09/26;;;35260907655407000287570020021406151007278749 ;         87,78;
PLC;SAO152259-1; N;09/09/2026;18/09/2026;  1385861;109210710   ;     ;BRS SP SUPRIMENTOS CORPORATIVO;BRS SP SUPRIMENTOS CORPORATIVO;A1;BANCO BRADESCO S/A;PONTES E LACERDA;MT;782;        817,43;     122,73;   48,156;   0,1406;   48,156;      0;     10;80;CTRC EMITIDO;09/09/26;;;35260907655407000287570020021424911007310901 ;         22,83;
PLC;SAO152287-6; N;09/09/2026;18/09/2026;  1382572;109197951   ;     ;BRS SP SUPRIMENTOS CORPORATIVO;BRS SP SUPRIMENTOS CORPORATIVO;A1;LOJAS AVENIDA S.A;PONTES E LACERDA;MT;782;      2.695,06;     206,20;   91,690;   0,1837;   91,690;      0;     18;80;CTRC EMITIDO;09/09/26;;;35260907655407000287570020021425181007311172 ;         38,35;
PLC;SAO152468-2; N;08/09/2026;21/09/2026;    91655;            ;     ;COTIPLAS IMPORTS IND COM IMP E;SCHNEIDER E MEIRELLES LTDA ME;..;SCHNEIDER E MEIRELLES LTDA ME;PONTES E LACERDA;MT;782;      2.647,56;     463,46;   90,910;   1,4500;  435,000;      0;     20;80;CTRC EMITIDO;08/09/26;;;35260907655407000287570020021410671007285190 ;        107,76;
PLC;SAO152478-0; N;08/09/2026;21/09/2026;    84416;50181431    ;     ;CONFECCOES KACYUMARA LTDA;MAGALY MIRANDA MENEZES DE PAUL;C.;MAGALY MIRANDA MENEZES DE PAUL;PONTES E LACERDA;MT;782;      2.005,92;     252,35;   50,914;   0,7256;  217,680;      0;      8;80;CTRC EMITIDO;08/09/26;;;35260907655407000287570020021410571007285097 ;         58,67;
PLC;SAO152529-8; N;08/09/2026;21/09/2026;  1383699;109200627   ;     ;BRS SP SUPRIMENTOS CORPORATIVO;BRS SP SUPRIMENTOS CORPORATIVO;A1;DISVECO LTDA;PONTES E LACERDA;MT;782;        709,74;     121,81;   45,090;   0,1823;   45,090;      0;      5;80;CTRC EMITIDO;08/09/26;;;35260907655407000287570020021414851007293975 ;         22,66;
PLC;SAO153156-5; N;09/09/2026;22/09/2026;     6631;3243        ;     ;FOXPACK COM E IMP DE EMBALAGEN;CERAMICA LACERDA MT LTDA;C.;CERAMICA LACERDA MT LTDA;PONTES E LACERDA;MT;782;      2.520,00;     171,78;  104,160;   0,1276;  104,160;      0;     12;80;CTRC EMITIDO;09/09/26;;;35260907655407000287570020021425421007311410 ;         39,94;
PLC;SAO153199-9; N;09/09/2026;22/09/2026;   247522;            ;     ;ALCOOL SANTA CRUZ LTDA.;ALCOOL SANTA CRUZ LTDA.;B.;SANTOGO ALIMENTOS LTDA;PONTES E LACERDA;MT;782;      7.293,71;   1.487,86; 1112,262;   1,9800; 1112,262;      0;      1;80;CTRC EMITIDO;09/09/26;;;35260907655407000287570020021423831007309817 ;        276,74;
PLC;SAO153412-2; N;09/09/2026;22/09/2026;     3810;            ;     ;HT EMBALAGENS PARA ALIMENTOS L;CLAUDINEIA DE FATIMA FERNANDES;..;CLAUDINEIA DE FATIMA FERNANDES;PONTES E LACERDA;MT;782;      1.672,84;     471,57;  282,040;   1,5438;  463,140;      0;     62;80;CTRC EMITIDO;09/09/26;;;35260907655407000287570020021420871007302742 ;        109,64;
PLC;SAO153415-7; N;09/09/2026;22/09/2026;   955392;            ;     ;JOMARCA INDL DE PARAFUSOS LT;FERRAGISTA GOIAS LTDA;..;FERRAGISTA GOIAS LTDA;PONTES E LACERDA;MT;782;      1.725,30;     481,48;  136,232;   0,3600;  136,232;      0;     22;80;CTRC EMITIDO;09/09/26;;;35260907655407000287570020021424441007310430 ;        111,95;
PLC;SAO153498-0; N;09/09/2026;22/09/2026;   104218*;            ;     ;INCASA S.A.;ADAMES IND. E COM. DE RACOES E;C.;ADAMES IND. E COM. DE RACOES E;PONTES E LACERDA;MT;782;     17.520,74;     924,39;  112,860;   0,1188;  112,860;      0;      6;80;CTRC EMITIDO;09/09/26;;;35260907655407000287570020021424331007310320 ;        214,92;
PLC;SAO153799-7; N;10/09/2026;24/09/2026;    20268;31042       ;     ;KRYSTALMIX COM E DISTR DE PROD;KRYSTALMIX COM E DISTR DE PROD;B.;REGISLEIA BATISTA DA SILVA;NOVA LACERDA;MT;782;      1.553,30;     247,17;   18,028;   0,1470;   44,100;      0;      7;80;CTRC EMITIDO;10/09/26;;;35260907655407000287570020021426621007313047 ;         80,45;
PLC;SAO154250-8; N;10/09/2026;23/09/2026;    99998;            ;     ;PLUMA ARTEFATOS DE PAPEL LTDA.;DISTRIBUIDORA GURI LTDA;C.;DISTRIBUIDORA GURI LTDA;PONTES E LACERDA;MT;782;      4.871,95;     377,66;  257,190;   1,1587;  347,610;      0;     40;80;CTRC EMITIDO;10/09/26;;;35260907655407000287570020021432571007324580 ;         87,81;
PLC;SAO154296-6; N;11/09/2026;23/09/2026;  1389071;109197938   ;     ;BRS SP SUPRIMENTOS CORPORATIVO;BRS SP SUPRIMENTOS CORPORATIVO;A1;LOJAS AVENIDA S.A;PONTES E LACERDA;MT;782;      2.456,56;     286,62;  109,700;   1,0054;  109,700;      0;     16;80;CTRC EMITIDO;11/09/26;;;35260907655407000287570020021435221007327610 ;         53,31;
PLC;SAO154460-8; N;10/09/2026;23/09/2026;    59103;            ;     ;BRINQUEDOS PLASTILINDO LTDA;REGINA APARECIDA DE MORAIS - E;C.;REGINA APARECIDA DE MORAIS - E;PONTES E LACERDA;MT;782;      2.805,61;     687,58;   65,700;   2,1755;  652,650;      0;     13;80;CTRC EMITIDO;10/09/26;;;35260907655407000287570020021432751007324767 ;        159,86;
PLC;SAO154534-5; N;10/09/2026;23/09/2026;      680;18039       ;     ;AGRO-FAUNA COM DE INSUMOS LTDA;AGRO-FAUNA COM DE INSUMOS LTDA;C.;RVC REPRESENTACOES LTDA;PONTES E LACERDA;MT;782;      6.541,03;     406,77;  160,720;   0,3354;  160,720;      0;      9;80;CTRC EMITIDO;10/09/26;;;35260907655407000287570020021432891007325017 ;         75,66;
PLC;SAO154736-4; N;11/09/2026;23/09/2026;    93649;            ;     ;TIRRENO IND E COM DE PRODUTOS;TIRRENO IND E COM DE PRODUTOS;B.;MOTOSMATOGROSSO PONT;PONTES E LACERDA;MT;782;      1.005,21;     146,18;    5,860;   0,0075;    5,860;      0;      1;80;CTRC EMITIDO;11/09/26;;;35260907655407000287570020021435811007328260 ;         27,19;
PLC;SAO154878-6; N;11/09/2026;25/09/2026;  3052188;            ;     ;LORENZETTI SA INDS BRASILEIRAS;LORENZETTI SA INDS BRASILEIRAS;A2;ADILSON CARLOS DOS SANTOS LTDA;VILA BELA DA SANTISSIMA TRINDA;MT;782;      6.236,64;     466,17;   48,341;   0,4840;  121,000;      0;      8;80;CTRC EMITIDO;11/09/26;;;35260907655407000287570020021436961007329655 ;         64,24;
PLC;SAO154886-7; N;11/09/2026;23/09/2026;  3052207;            ;     ;LORENZETTI SA INDS BRASILEIRAS;LORENZETTI SA INDS BRASILEIRAS;A2;SANTOGO ALIMENTOS LTDA;PONTES E LACERDA;MT;782;      3.000,95;     136,17;   22,639;   0,2348;   58,700;      0;     10;80;CTRC EMITIDO;11/09/26;;;35260907655407000287570020021437041007329730 ;         25,33;
PLC;SAO154890-5; N;11/09/2026;23/09/2026;  3052215;            ;     ;LORENZETTI SA INDS BRASILEIRAS;LORENZETTI SA INDS BRASILEIRAS;A2;SANTOGO ALIMENTOS LTDA;PONTES E LACERDA;MT;782;      2.586,28;     132,65;   21,983;   0,2533;   63,325;      0;      7;80;CTRC EMITIDO;11/09/26;;;35260907655407000287570020021437081007329771 ;         24,67;
PLS;VIX032278-4; N;01/09/2026;09/09/2026;  3295006;29081770    ;     ;BELMICRO TECNOLOGIA S/A;BELMICRO TECNOLOGIA S/A;A.;ROSEMBERG FORTES NULL;ANAPOLIS;GO;ANP;      1.974,56;      96,33;   32,000;   0,0207;   32,000;      2;      2;83;CHEGADA NA UNIDADE INTERMEDIARIA ;09/09/26;;VIX000372-7;32260907655407001844570010000331371007219723 ;         30,00;
PLS;VIX032706-9; N;03/09/2026;11/09/2026;   981314;            ;     ;WEBCONTINENTAL LTDA;WEBCONTINENTAL LTDA;A1;WILLIAM VALIM;ANAPOLIS;GO;ANP;      2.854,01;     133,52;   30,400;   0,2200;   44,000;      2;      2;83;CHEGADA NA UNIDADE INTERMEDIARIA ;09/09/26;;VIX000372-7;32260907655407001844570010000336421007255107 ;         41,13;
PLS;VIX032707-7; N;03/09/2026;11/09/2026;   981370;            ;     ;WEBCONTINENTAL LTDA;WEBCONTINENTAL LTDA;A1;ABADIO CARMO OLIVEIRA;ANAPOLIS;GO;ANP;      2.268,67;     128,86;   36,800;   0,2200;   44,000;      2;      2;83;CHEGADA NA UNIDADE INTERMEDIARIA ;09/09/26;;VIX000372-7;32260907655407001844570010000336371007255050 ;         39,69;
PLS;VIX032758-1; N;03/09/2026;11/09/2026;  2845032;            ;     ;WEBCONTINENTAL LTDA;WEBCONTINENTAL LTDA;A1;LUCAS SANTOS;ANAPOLIS;GO;ANP;      2.799,00;     155,34;   41,800;   0,2900;   58,000;      2;      2;83;CHEGADA NA UNIDADE INTERMEDIARIA ;09/09/26;;VIX000372-7;32260907655407001844570010000338201007258096 ;         47,85;
PLS;VIX032668-2; N;03/09/2026;11/09/2026;  3302404;29114721    ;     ;BELMICRO TECNOLOGIA S/A;BELMICRO TECNOLOGIA S/A;A.;VICTOR BORGES NULL;ANAPOLIS;GO;ANP;      1.235,89;     115,64;   26,000;   0,2533;   68,391;      0;      1;83;CHEGADA NA UNIDADE INTERMEDIARIA ;10/09/26;;VIX000373-5;32260907655407001844570010000337761007257472 ;         35,62;
PLS;VIX032803-1; N;04/09/2026;14/09/2026;  3304660;29122933    ;     ;BELMICRO TECNOLOGIA S/A;BELMICRO TECNOLOGIA S/A;A.;JULIA KETRINY DE MOURA MONTEIR;ANAPOLIS;GO;ANP;        913,76;     107,36;   17,000;   0,2023;   54,621;      0;      1;83;CHEGADA NA UNIDADE INTERMEDIARIA ;10/09/26;;VIX000373-5;32260907655407001844570010000339551007273088 ;         33,07;
PLS;VIX032807-3; N;04/09/2026;14/09/2026;  3304107;29121519    ;     ;BELMICRO TECNOLOGIA S/A;BELMICRO TECNOLOGIA S/A;A.;LORENA FLEURY NULL;ANAPOLIS;GO;ANP;      1.718,90;     130,92;   32,000;   0,3060;   82,620;      0;      1;83;CHEGADA NA UNIDADE INTERMEDIARIA ;10/09/26;;VIX000373-5;32260907655407001844570010000339591007273125 ;         40,32;
PLS;VIX032867-7; N;04/09/2026;14/09/2026;   982233;            ;     ;WEBCONTINENTAL LTDA;WEBCONTINENTAL LTDA;A1;JHONNATA RODRIGUES DANTAS;ANAPOLIS;GO;ANP;      2.177,38;     128,14;   35,000;   0,2300;   46,000;      0;      2;83;CHEGADA NA UNIDADE INTERMEDIARIA ;10/09/26;;VIX000373-5;32260907655407001844570010000338841007271570 ;         39,47;
PLS;VIX032873-1; N;04/09/2026;14/09/2026;   982404;            ;     ;WEBCONTINENTAL LTDA;WEBCONTINENTAL LTDA;A1;GILMAR ANACLETO DE CASTRO;ANAPOLIS;GO;ANP;      1.917,26;     126,07;   35,000;   0,2300;   46,000;      0;      2;83;CHEGADA NA UNIDADE INTERMEDIARIA ;10/09/26;;VIX000373-5;32260907655407001844570010000338861007271590 ;         38,83;
PLS;VIX032878-2; N;04/09/2026;18/09/2026;   982551;            ;     ;WEBCONTINENTAL LTDA;WEBCONTINENTAL LTDA;A1;SUELY PAIVA DE OLIVEIRA;PIRENOPOLIS;GO;ANP;      5.187,98;     219,78;   73,600;   0,4400;   88,000;      0;      4;83;CHEGADA NA UNIDADE INTERMEDIARIA ;10/09/26;;VIX000373-5;32260907655407001844570010000338891007271622 ;         67,69;
PLS;VIX032894-4; N;04/09/2026;14/09/2026;  2847402;            ;     ;WEBCONTINENTAL LTDA;WEBCONTINENTAL LTDA;A1;ELEN PRISCILA RIBEIRO BARBOSA;ANAPOLIS;GO;ANP;      2.179,68;     128,16;   27,500;   0,2000;   40,000;      0;      2;83;CHEGADA NA UNIDADE INTERMEDIARIA ;10/09/26;;VIX000373-5;32260907655407001844570010000339131007272456 ;         39,47;
PLS;VIX032908-8; N;04/09/2026;14/09/2026;  2848200;            ;     ;WEBCONTINENTAL LTDA;WEBCONTINENTAL LTDA;A1;OSDANIELA OSDANIELA;ANAPOLIS;GO;ANP;      1.494,09;     122,70;   27,500;   0,1800;   36,000;      0;      2;83;CHEGADA NA UNIDADE INTERMEDIARIA ;10/09/26;;VIX000373-5;32260907655407001844570010000339271007272591 ;         37,79;
PLS;SAO152043-1; N;09/09/2026;11/09/2026;   103237;224459      ;     ;IDEAL CESTAS DE ALIMENTOS LTDA;IDEAL CESTAS DE ALIMENTOS LTDA;B.;LEONEL DE SOUSA SIQUEIRA;ANAPOLIS;GO;ANP;        121,00;     169,43;   17,429;   0,0115;   17,429;      0;      1;80;CTRC EMITIDO;09/09/26;;;35260907655407000287570020021416101007295374 ;         55,15;
PLS;SAO152061-0; N;09/09/2026;11/09/2026;   103273*;224371      ;     ;IDEAL CESTAS DE ALIMENTOS LTDA;IDEAL CESTAS DE ALIMENTOS LTDA;B.;DROGARIAS SAO PAULA SA 1194;ANAPOLIS;GO;ANP;        943,22;     209,44;  126,693;   0,1152;  126,693;      0;     10;80;CTRC EMITIDO;09/09/26;;;35260907655407000287570020021415941007295212 ;         68,17;
PLS;SAO152072-5; N;09/09/2026;11/09/2026;   103282*;224371      ;     ;IDEAL CESTAS DE ALIMENTOS LTDA;IDEAL CESTAS DE ALIMENTOS LTDA;B.;DSP FILIAL ANAPOLIS ALPHAVILLE;ANAPOLIS;GO;ANP;        814,61;     185,06;  105,434;   0,1037;  105,434;      0;      9;80;CTRC EMITIDO;09/09/26;;;35260907655407000287570020021415981007295254 ;         60,24;
PLS;SAO152082-2; N;09/09/2026;11/09/2026;   103291*;224371      ;     ;IDEAL CESTAS DE ALIMENTOS LTDA;IDEAL CESTAS DE ALIMENTOS LTDA;B.;DROGARIA SAO PAULO S.A.;ANAPOLIS;GO;ANP;        845,83;     197,40;  116,327;   0,1037;  116,327;      0;      9;80;CTRC EMITIDO;09/09/26;;;35260907655407000287570020021416071007295344 ;         64,25;
PLS;SAO152219-1; N;09/09/2026;11/09/2026;  1382895;109193184   ;     ;BRS SP SUPRIMENTOS CORPORATIVO;BRS SP SUPRIMENTOS CORPORATIVO;A1;BLUEFIT ACADEMIAS DE GINASTICA;ANAPOLIS;GO;ANP;      1.642,13;     183,61;  119,570;   1,1265;  119,570;      0;     21;80;CTRC EMITIDO;09/09/26;;;35260907655407000287570020021419751007300000 ;         59,77;
PLS;SAO152257-4; N;09/09/2026;11/09/2026;  1385702;109217894   ;     ;BRS SP SUPRIMENTOS CORPORATIVO;BRS SP SUPRIMENTOS CORPORATIVO;A1;ITAU UNIBANCO S.A.;ANAPOLIS;GO;ANP;      1.265,79;     306,33;  279,470;   0,0000;  279,470;      0;     86;80;CTRC EMITIDO;09/09/26;;;35260907655407000287570020021419731007299988 ;         99,71;
PLS;SAO152563-8; N;09/09/2026;14/09/2026;  1384489;109203885   ;     ;BRS SP SUPRIMENTOS CORPORATIVO;BRS SP SUPRIMENTOS CORPORATIVO;A1;RECANTO COMERCIO DE CHOCOLATES;ANAPOLIS;GO;ANP;      2.807,33;     143,24;   88,480;   0,5089;   88,480;      0;     27;80;CTRC EMITIDO;09/09/26;;;35260907655407000287570020021415581007294856 ;         46,62;
PLS;SAO153281-2; N;10/09/2026;15/09/2026;  1387020;109214412   ;     ;BRS SP SUPRIMENTOS CORPORATIVO;BRS SP SUPRIMENTOS CORPORATIVO;A1;CARREFOUR COM E IND LTDA;ANAPOLIS;GO;ANP;      1.310,24;     180,75;  143,120;   0,2556;  143,120;      0;      6;80;CTRC EMITIDO;10/09/26;;;35260907655407000287570020021426031007312406 ;         58,84;
PLS;SAO153311-8; N;10/09/2026;15/09/2026;  1388944;109217155   ;     ;BRS SP SUPRIMENTOS CORPORATIVO;BRS SP SUPRIMENTOS CORPORATIVO;A1;COOP DE CRED DE LIVRE ADMISSAO;ANAPOLIS;GO;ANP;      3.569,97;     149,80;   98,144;   0,7459;   98,144;      0;     16;80;CTRC EMITIDO;10/09/26;;;35260907655407000287570020021430041007318411 ;         48,76;
PLS;SAO153318-5; N;09/09/2026;15/09/2026;     7296;            ;     ;SAGOL COMERCIAL E IMPORTADORA;SAGOL COMERCIAL E IMPORTADORA;..;QUEIROZ CARDOSO MATERIAIS PARA;ANAPOLIS;GO;ANP;      5.966,24;     226,94;   83,410;   0,4783;  143,490;      0;     20;80;CTRC EMITIDO;09/09/26;;;35260907655407000287570020021420921007302793 ;         73,87;
PLS;SAO153377-1; N;09/09/2026;15/09/2026;     4475;            ;     ;M F ARTIGOS ONLINE LTDA;M F ARTIGOS ONLINE LTDA;..;RAFAELA JULIO DE MOURA;ANAPOLIS;GO;ANP;        299,90;     296,48;   12,000;   0,4319;  129,570;      0;      1;80;CTRC EMITIDO;09/09/26;;;35260907655407000287570020021420611007302355 ;         96,51;
PLS;SAO153549-8; N;09/09/2026;15/09/2026;     1030;            ;YKMYM;TIBATRON COMERCIO DE MAQUINAS ;TRANSPORTE DE CARGAS J.M. LTDA;C.;R A C RODRIGO ALVES CINTRA;ANAPOLIS;GO;ANP;     19.280,00;     454,35;   96,000;   0,8400;  252,000;      0;      2;  ;;        ;;;35260907655407000287570020021424241007310232 ;        159,02;
PLS;SAO153609-5; N;09/09/2026;15/09/2026;    51553;            ;     ;WILLIAM CICERO SILVA COM VAREJ;WILLIAM CICERO SILVA COM VAREJ;C.;JOHN LENNON ARAUJO LINO (AJ202;ANAPOLIS;GO;ANP;      4.383,23;     321,47;    3,000;   0,4284;  128,520;      0;      1;95;ATENDIMENTO/ INFORMACOES/ TRATATIVAS INTERNAS;10/09/26;;;35260907655407000287570020021425411007311405 ;        104,64;
PLS;SAO153733-4; N;10/09/2026;15/09/2026;  1170875;            ;     ;FRIGELAR COMERCIO E INDUSTRIA;FRIGELAR COMERCIO E INDUSTRIA;A1;ATACADAO DO PEIXE LTDA;ANAPOLIS;GO;ANP;      9.466,14;     644,17;  120,000;   1,0843;  325,290;      0;      1;80;CTRC EMITIDO;10/09/26;;;35260907655407000287570020021426521007312940 ;        209,68;
PLS;SAO154182-0; N;10/09/2026;16/09/2026;    40610;            ;     ;ZAGAROLLO PAPEIS E EMBALAGENS;EMBALAGENS BARRETO LTDA;C.;EMBALAGENS BARRETO LTDA;ANAPOLIS;GO;ANP;      2.380,20;     177,55;   50,730;   0,2769;   83,070;      0;      2;80;CTRC EMITIDO;10/09/26;;;35260907655407000287570020021430051007318427 ;         57,79;
PLS;SAO154637-6; N;10/09/2026;18/09/2026;    23832;            ;     ;HORTIPLAST EMBALAGENS EIRELI;JORGE HAMAOKA JUNIOR;.3;JORGE HAMAOKA JUNIOR;GOIANAPOLIS;GO;ANP;      9.359,75;     692,57;  210,000;   0,5040;  210,000;      0;     16;80;CTRC EMITIDO;10/09/26;;;35260907655407000287570020021434691007326976 ;        133,34;
PLS;SAO154811-5; N;11/09/2026;16/09/2026;   358170;244959      ;     ;DIVERSEY BRASIL INDUSTRIA QUIM;DIVERSEY BRASIL INDUSTRIA QUIM;A2;IND MISSIATO DE BEB LTDA;ANAPOLIS;GO;ANP;     16.801,64;     503,53;  352,420;   0,3240;  352,420;      0;      6;80;CTRC EMITIDO;11/09/26;;;35260907655407000287570020021436261007328921 ;        163,90;
PLS;SAO154812-3; N;11/09/2026;16/09/2026;   358155;4100190000  ;     ;DIVERSEY BRASIL INDUSTRIA QUIM;DIVERSEY BRASIL INDUSTRIA QUIM;A2;BRAINFARMA INDUSTRIA QUIMICA E;ANAPOLIS;GO;ANP;      6.661,12;     313,90;  157,800;   0,0900;  157,800;      0;      6;80;CTRC EMITIDO;11/09/26;;;35260907655407000287570020021436291007328958 ;        102,18;
PLS;SAO154829-8; N;11/09/2026;16/09/2026;  3052077;            ;     ;LORENZETTI SA INDS BRASILEIRAS;LORENZETTI SA INDS BRASILEIRAS;A2;55.058.438 ANA CLARA MENDES MO;ANAPOLIS;GO;ANP;     24.248,00;     798,61;  230,275;   2,5442;  636,050;      0;     55;80;CTRC EMITIDO;11/09/26;;;35260907655407000287570020021436471007329162 ;        259,95;
PLS;SAO154833-6; N;11/09/2026;16/09/2026;  3052087;            ;     ;LORENZETTI SA INDS BRASILEIRAS;LORENZETTI SA INDS BRASILEIRAS;A2;SUPERVI DISTRIBUIDOR DE ALIMEN;ANAPOLIS;GO;ANP;      2.790,09;     145,29;   21,621;   0,2367;   59,175;      0;      6;80;CTRC EMITIDO;11/09/26;;;35260907655407000287570020021436491007329183 ;         47,29;
PLS;SAO154861-1; N;11/09/2026;22/09/2026;  3052148;            ;     ;LORENZETTI SA INDS BRASILEIRAS;LORENZETTI SA INDS BRASILEIRAS;A2;IRMAOS SOUZA BATATA MAT PARA C;TEREZOPOLIS DE GOIAS;GO;ANP;      6.194,41;     232,23;   51,302;   0,5779;  144,475;      0;     12;80;CTRC EMITIDO;11/09/26;;;35260907655407000287570020021436761007329458 ;         75,59;
PLS;SAO154887-5; N;11/09/2026;16/09/2026;  3052209;            ;     ;LORENZETTI SA INDS BRASILEIRAS;LORENZETTI SA INDS BRASILEIRAS;A2;32303 - FERRAGISTA SAO JOAQUIM;ANAPOLIS;GO;ANP;      2.220,35;     111,22;   13,966;   0,1316;   32,900;      0;      5;80;CTRC EMITIDO;11/09/26;;;35260907655407000287570020021437011007329703 ;         36,20;
PLS;SAO154891-3; N;11/09/2026;16/09/2026;  3052217;            ;     ;LORENZETTI SA INDS BRASILEIRAS;LORENZETTI SA INDS BRASILEIRAS;A2;SUPERVI DISTRIBUIDOR DE ALIMEN;ANAPOLIS;GO;ANP;      3.203,52;     168,54;   31,072;   0,3675;   91,875;      0;      9;80;CTRC EMITIDO;11/09/26;;;35260907655407000287570020021437051007329745 ;         54,86;
PLS;SAO154894-8; N;11/09/2026;22/09/2026;  3052224;            ;     ;LORENZETTI SA INDS BRASILEIRAS;LORENZETTI SA INDS BRASILEIRAS;A2;VILLA DAS PEDRAS RESORT EIRELI;PIRENOPOLIS;GO;ANP;      2.910,10;      91,56;    2,660;   0,0303;    7,575;      0;      6;80;CTRC EMITIDO;11/09/26;;;35260907655407000287570020021437121007329812 ;         40,00;
PLS;SAO154895-6; N;11/09/2026;16/09/2026;  3052226;            ;     ;LORENZETTI SA INDS BRASILEIRAS;LORENZETTI SA INDS BRASILEIRAS;A2;WM MATERIAIS ELETRICOS E HIDRA;ANAPOLIS;GO;ANP;      2.010,17;      86,04;    4,983;   0,0380;    9,500;      0;      3;80;CTRC EMITIDO;11/09/26;;;35260907655407000287570020021437071007329766 ;         30,00;
PLS;VIX032863-4; N;04/09/2026;14/09/2026;   982085;            ;     ;WEBCONTINENTAL LTDA;WEBCONTINENTAL LTDA;A1;SIDNEY PONTES;ANAPOLIS;GO;ANP;      2.231,28;     128,57;   27,700;   0,1700;   34,000;      0;      2;  ;;        ; HOJE 13:01;VIX000375-1;32260907655407001844570010000338801007271538 ;         39,60;
PLS;VIX032880-4; N;04/09/2026;14/09/2026;   982619;            ;     ;WEBCONTINENTAL LTDA;WEBCONTINENTAL LTDA;A1;FRANCIELLE DIAS;ANAPOLIS;GO;ANP;      2.693,99;     132,25;   36,800;   0,2200;   44,000;      0;      2;  ;;        ; HOJE 13:01;VIX000375-1;32260907655407001844570010000338911007271647 ;         40,73;
PLS;VIX033051-5; N;08/09/2026;15/09/2026;   983039;            ;     ;WEBCONTINENTAL LTDA;WEBCONTINENTAL LTDA;A1;ELIZANDRO MAGALHAES FRANCA;ANAPOLIS;GO;ANP;      2.382,78;     129,77;   30,700;   0,2200;   44,000;      0;      2;  ;;        ; HOJE 13:01;VIX000375-1;32260907655407001844570010000340221007288500 ;         39,97;
PLS;VIX033057-4; N;08/09/2026;15/09/2026;   983159;            ;     ;WEBCONTINENTAL LTDA;WEBCONTINENTAL LTDA;A1;SAMUEL;ANAPOLIS;GO;ANP;      2.535,69;     130,99;   30,100;   0,2200;   44,000;      0;      2;  ;;        ; HOJE 13:01;VIX000375-1;32260907655407001844570010000340281007288563 ;         40,34;
PLS;VIX033069-8; N;08/09/2026;15/09/2026;   983326;            ;     ;WEBCONTINENTAL LTDA;WEBCONTINENTAL LTDA;A1;JOAO PEDRO;ANAPOLIS;GO;ANP;      2.382,78;     129,77;   30,700;   0,2200;   44,000;      0;      2;  ;;        ; HOJE 13:01;VIX000375-1;32260907655407001844570010000340401007288681 ;         39,97;
PLS;VIX033095-7; N;08/09/2026;15/09/2026;   984339;            ;     ;WEBCONTINENTAL LTDA;WEBCONTINENTAL LTDA;A1;LESLYE ALENO RIBEIRO DE AZEVED;ANAPOLIS;GO;ANP;      2.434,79;     130,18;   36,800;   0,2200;   44,000;      0;      2;  ;;        ; HOJE 13:01;VIX000375-1;32260907655407001844570010000340661007288947 ;         40,10;
PLS;VIX033144-9; N;08/09/2026;15/09/2026;  2849540;            ;     ;WEBCONTINENTAL LTDA;WEBCONTINENTAL LTDA;A1;JEICIELLY DA SILVA OLIVEIRA;ANAPOLIS;GO;ANP;      2.181,46;     128,17;   26,500;   0,1800;   36,000;      0;      2;  ;;        ; HOJE 13:01;VIX000375-1;32260907655407001844570010000341121007289409 ;         39,48;
PLS;VIX033157-1; N;08/09/2026;15/09/2026;  2850147;            ;     ;WEBCONTINENTAL LTDA;WEBCONTINENTAL LTDA;A1;FERNANDO OLIVEIRA;ANAPOLIS;GO;ANP;      2.875,29;     155,95;   32,500;   0,3300;   66,000;      0;      2;  ;;        ; HOJE 13:01;VIX000375-1;32260907655407001844570010000341231007289518 ;         48,03;
PLS;VIX033167-8; N;08/09/2026;15/09/2026;  2850833;            ;     ;WEBCONTINENTAL LTDA;WEBCONTINENTAL LTDA;A1;PAULO H L GARCIA;ANAPOLIS;GO;ANP;      1.879,49;     125,77;   27,500;   0,1800;   36,000;      0;      2;  ;;        ; HOJE 13:01;VIX000375-1;32260907655407001844570010000341331007289611 ;         38,74;
PLS;VIX033253-4; N;09/09/2026;16/09/2026;    36993;            ;     ;UNIQUE RUBBER TECHNOLOGIES LTD;UNIQUE RUBBER TECHNOLOGIES LTD;..;44.597.054 ADILSON RODRIGUES D;ANAPOLIS;GO;ANP;     15.088,62;   1.029,94;  638,420;   1,7150;  638,420;      0;     56;  ;;        ; HOJE 13:01;VIX000375-1;32260907655407001844570010000342901007300897 ;        317,22;
PLS;VIX033302-6; N;09/09/2026;18/09/2026;  2851631;            ;     ;WEBCONTINENTAL LTDA;WEBCONTINENTAL LTDA;A1;LUIZ FELIPE DA SILVA;GOIANAPOLIS;GO;ANP;      4.480,21;     214,15;   74,000;   0,4600;   92,000;      0;      1;  ;;        ; HOJE 13:01;VIX000375-1;32260907655407001844570010000343241007306496 ;         65,96;
PMW;VIX032385-3; N;01/09/2026;17/09/2026;     6849;0008271126  ;     ;GRAND CRU ATACADO ES;GRAND CRU ATACADO ES;B.;PORTO ATACADISTA DE ALIMENTOS ;PORTO NACIONAL;TO;PMW;     14.579,59;     797,23;  315,600;   1,7150;  514,500;      0;     35;83;CHEGADA NA UNIDADE INTERMEDIARIA ;10/09/26;;VIX000373-5;32260907655407001844570010000334541007222977 ;        245,55;
PMW;VIX032675-5; N;03/09/2026;21/09/2026;    47646;            ;     ;BELMICRO TECNOLOGIA S/A;BELMICRO TECNOLOGIA S/A;A.;PUJANCA COMERCIO E SERVICOS NU;PALMAS;TO;PMW;      1.738,01;     216,73;   45,160;   0,4604;  124,308;      0;      3;83;CHEGADA NA UNIDADE INTERMEDIARIA ;10/09/26;;VIX000373-5;32260907655407001844570010000336661007256377 ;         66,75;
PMW;VIX032678-0; N;03/09/2026;21/09/2026;  3302841;29116519    ;     ;BELMICRO TECNOLOGIA S/A;BELMICRO TECNOLOGIA S/A;A.;GLAUCK DOOGLAS ALVES LACERDA N;PALMAS;TO;PMW;      1.034,11;     114,27;   35,670;   0,1455;   39,285;      0;      3;83;CHEGADA NA UNIDADE INTERMEDIARIA ;10/09/26;;VIX000373-5;32260907655407001844570010000337951007257664 ;         35,20;
PMW;VIX032680-1; N;03/09/2026;18/09/2026;  3302332;29114674    ;     ;BELMICRO TECNOLOGIA S/A;BELMICRO TECNOLOGIA S/A;A.;ELIZANGELA MARIA BATISTA PEREI;PORTO NACIONAL;TO;PMW;      1.882,99;     129,92;   32,000;   0,0207;   32,000;      0;      2;83;CHEGADA NA UNIDADE INTERMEDIARIA ;10/09/26;;VIX000373-5;32260907655407001844570010000337921007257638 ;         55,00;
PMW;VIX032859-6; N;04/09/2026;22/09/2026;   981934;            ;     ;WEBCONTINENTAL LTDA;WEBCONTINENTAL LTDA;A1;MARILENE RODRIGUES VILLA;PALMAS;TO;PMW;      2.381,11;     132,69;   30,900;   0,1900;   38,000;      0;      2;83;CHEGADA NA UNIDADE INTERMEDIARIA ;10/09/26;;VIX000373-5;32260907655407001844570010000338721007271455 ;         40,87;
PMW;VIX032860-0; N;04/09/2026;22/09/2026;   981987;            ;     ;WEBCONTINENTAL LTDA;WEBCONTINENTAL LTDA;A1;GLAYCON GOMES DOS SANTOS TOMIA;PALMAS;TO;PMW;      2.381,11;     132,69;   30,900;   0,1900;   38,000;      0;      2;83;CHEGADA NA UNIDADE INTERMEDIARIA ;10/09/26;;VIX000373-5;32260907655407001844570010000338731007271460 ;         40,87;
PMW;VIX032865-1; N;04/09/2026;22/09/2026;   982102;            ;     ;WEBCONTINENTAL LTDA;WEBCONTINENTAL LTDA;A1;ULA FABIANA MIRANDA DA SILVA;PALMAS;TO;PMW;      2.381,11;     132,69;   30,900;   0,1900;   38,000;      0;      2;83;CHEGADA NA UNIDADE INTERMEDIARIA ;10/09/26;;VIX000373-5;32260907655407001844570010000338821007271559 ;         40,87;
PMW;VIX032872-3; N;04/09/2026;22/09/2026;   982368;            ;     ;WEBCONTINENTAL LTDA;WEBCONTINENTAL LTDA;A1;HOME FRANCILANDO GOMES SOBRINH;PALMAS;TO;PMW;      2.953,99;     137,25;   30,100;   0,2200;   44,000;      0;      2;83;CHEGADA NA UNIDADE INTERMEDIARIA ;10/09/26;;VIX000373-5;32260907655407001844570010000338831007271564 ;         42,27;
PMW;VIX032917-7; N;04/09/2026;22/09/2026;  2848512;            ;     ;WEBCONTINENTAL LTDA;WEBCONTINENTAL LTDA;A1;MURILLO WILLAMY;PALMAS;TO;PMW;      4.438,73;     219,00;   74,000;   0,4600;   92,000;      0;      1;83;CHEGADA NA UNIDADE INTERMEDIARIA ;10/09/26;;VIX000373-5;32260907655407001844570010000339081007272405 ;         67,45;
PMW;VIX032918-5; N;04/09/2026;22/09/2026;  2848515;            ;     ;WEBCONTINENTAL LTDA;WEBCONTINENTAL LTDA;A1;KAMILLASANTOSKS68 KAMILLASANTO;PALMAS;TO;PMW;      1.753,99;     127,70;   27,500;   0,1800;   36,000;      0;      2;83;CHEGADA NA UNIDADE INTERMEDIARIA ;10/09/26;;VIX000373-5;32260907655407001844570010000339111007272435 ;         39,33;
PMW;SAN007452-7; N;25/08/2026;10/09/2026;   250826;            ;TIT  ;TOP CARGAS E LOGISTICA;TOP CARGAS E LOGISTICA;C.;TOP CARGAS E LOGISTICA;PALMAS;TO;PMW;          0,01;       0,01;    0,010;   0,0000;    0,010;      0;      1;80;CTRC EMITIDO;25/08/26;;; ;          0,00;
PMW;SAO152525-5; N;09/09/2026;22/09/2026;  1383644;109195858   ;     ;BRS SP SUPRIMENTOS CORPORATIVO;BRS SP SUPRIMENTOS CORPORATIVO;A1;LOJAS AVENIDA SA;PALMAS;TO;PMW;      1.288,69;     133,87;   43,008;   0,2796;   43,008;      0;      6;80;CTRC EMITIDO;09/09/26;;;35260907655407000287570020021417381007296652 ;         43,58;
PMW;SAO152561-1; N;08/09/2026;22/09/2026;  1384475;109217828   ;     ;BRS SP SUPRIMENTOS CORPORATIVO;BRS SP SUPRIMENTOS CORPORATIVO;A1;BANCO SANTANDER (BRASIL) S.A.;PALMAS;TO;PMW;        844,60;     130,53;   34,840;   0,1094;   34,840;      0;      8;80;CTRC EMITIDO;08/09/26;;;35260907655407000287570020021414791007293919 ;         42,49;
PMW;SAO154290-7; N;11/09/2026;24/09/2026;  1388860;109189716   ;     ;BRS SP SUPRIMENTOS CORPORATIVO;BRS SP SUPRIMENTOS CORPORATIVO;A1;LOJAS AVENIDA S/A;PALMAS;TO;PMW;      2.134,78;     243,90;  100,510;   0,3981;  100,510;      0;     14;80;CTRC EMITIDO;11/09/26;;;35260907655407000287570020021435061007327455 ;         79,39;
PMW;SAO154734-8; N;11/09/2026;23/09/2026;    93647;            ;     ;TIRRENO IND E COM DE PRODUTOS;TIRRENO IND E COM DE PRODUTOS;B.;PARAISO COMERCIO DE MOTOS LTDA;PARAISO DO TOCANTINS;TO;PMW;      2.120,55;     156,13;   11,720;   0,0150;   11,720;      0;      2;80;CTRC EMITIDO;11/09/26;;;35260907655407000287570020021435851007328307 ;         55,00;
PMW;SAO154820-4; N;11/09/2026;24/09/2026;   358250;1623535     ;     ;DIVERSEY BRASIL INDUSTRIA QUIM;DIVERSEY BRASIL INDUSTRIA QUIM;A2;FUNDACAO PIO XII;PALMAS;TO;PMW;      1.638,87;     239,33;   27,050;   0,0700;   27,050;      0;      5;80;CTRC EMITIDO;11/09/26;;;35260907655407000287570020021436361007329029 ;         77,90;
PMW;SAO154834-4; N;11/09/2026;23/09/2026;  3052089;            ;     ;LORENZETTI SA INDS BRASILEIRAS;LORENZETTI SA INDS BRASILEIRAS;A2;REMO MATERIAIS DE CONSTRUCAO L;PARAISO DO TOCANTINS;TO;PMW;      1.746,12;     120,72;    5,220;   0,0586;   14,650;      0;      3;80;CTRC EMITIDO;11/09/26;;;35260907655407000287570020021436521007329219 ;         55,00;
PMW;VIX032667-4; N;03/09/2026;18/09/2026;  3302507;29115696    ;     ;BELMICRO TECNOLOGIA S/A;BELMICRO TECNOLOGIA S/A;A.;NINIVE GUILHERME NULL;PORTO NACIONAL;TO;PMW;      2.101,64;     251,65;   35,000;   0,5055;  136,485;      0;      1;  ;;        ; HOJE 13:01;VIX000375-1;32260907655407001844570010000337771007257488 ;         77,51;
PMW;VIX032869-3; N;04/09/2026;22/09/2026;   982325;            ;     ;WEBCONTINENTAL LTDA;WEBCONTINENTAL LTDA;A1;ALIANI MAYRA DUARTE DE SOUZA;PALMAS;TO;PMW;      2.463,99;     133,35;   30,700;   0,2200;   44,000;      0;      2;  ;;        ; HOJE 13:01;VIX000375-1;32260907655407001844570010000338681007271410 ;         41,07;
PMW;VIX032871-5; N;04/09/2026;22/09/2026;   982348;            ;     ;WEBCONTINENTAL LTDA;WEBCONTINENTAL LTDA;A1;MARIA ONEIDE GLORIA DA CUNHA;PALMAS;TO;PMW;      2.263,99;     131,76;   30,700;   0,2200;   44,000;      0;      2;  ;;        ; HOJE 13:01;VIX000375-1;32260907655407001844570010000338701007271434 ;         40,58;
PMW;VIX032875-8; N;04/09/2026;21/09/2026;   982483;            ;     ;WEBCONTINENTAL LTDA;WEBCONTINENTAL LTDA;A1;ADILAEL FERREIRA DO REGO;PEDRO AFONSO;TO;PMW;      2.361,24;     201,61;   29,300;   0,1900;   38,000;      0;      2;  ;;        ; HOJE 13:01;VIX000375-1;32260907655407001844570010000338881007271617 ;         62,10;
PMW;VIX032879-1; N;04/09/2026;22/09/2026;   982577;            ;     ;WEBCONTINENTAL LTDA;WEBCONTINENTAL LTDA;A1;POLLIANA COSTA SIQUEIRA;PALMAS;TO;PMW;      2.472,07;     133,41;   30,700;   0,2200;   44,000;      0;      2;  ;;        ; HOJE 13:01;VIX000375-1;32260907655407001844570010000338921007271652 ;         41,09;
PMW;VIX032942-8; N;08/09/2026;22/09/2026;  3306992;29132360    ;     ;BELMICRO TECNOLOGIA S/A;BELMICRO TECNOLOGIA S/A;A.;ELLEN ROSE CASEMIRO DA SILVA N;PALMAS;TO;PMW;      1.959,34;     122,69;   32,500;   0,0534;   32,500;      0;      2;  ;;        ; HOJE 13:01;VIX000375-1;32260907655407001844570010000341751007290288 ;         37,79;
PMW;VIX032949-5; N;08/09/2026;22/09/2026;  3307005;29132346    ;     ;BELMICRO TECNOLOGIA S/A;BELMICRO TECNOLOGIA S/A;A.;ELLEN ROSE CASEMIRO DA SILVA N;PALMAS;TO;PMW;      1.299,47;     130,45;   19,000;   0,1944;   52,488;      0;      1;  ;;        ; HOJE 13:01;VIX000375-1;32260907655407001844570010000341861007290397 ;         40,18;
PMW;VIX032954-1; N;08/09/2026;22/09/2026;  3308231;29135034    ;     ;BELMICRO TECNOLOGIA S/A;BELMICRO TECNOLOGIA S/A;A.;PAULIANA MEDEIROS NULL;PALMAS;TO;PMW;      1.668,89;     223,38;   41,000;   0,4808;  129,816;      0;      1;  ;;        ; HOJE 13:01;VIX000375-1;32260907655407001844570010000341871007290408 ;         68,80;
PMW;VIX032956-8; N;08/09/2026;22/09/2026;  3306526;29130935    ;     ;BELMICRO TECNOLOGIA S/A;BELMICRO TECNOLOGIA S/A;A.;JANYKELLE RIBEIRO DE MELO NULL;PALMAS;TO;PMW;      1.439,12;     227,72;   38,700;   0,4988;  134,676;      0;      1;  ;;        ; HOJE 13:01;VIX000375-1;32260907655407001844570010000341891007290429 ;         70,14;
PMW;VIX032958-4; N;08/09/2026;21/09/2026;  3306487;29130874    ;     ;BELMICRO TECNOLOGIA S/A;BELMICRO TECNOLOGIA S/A;A.;CICERO EXPEDITO NULL;PORTO NACIONAL;TO;PMW;      2.358,15;     292,48;   37,000;   0,6051;  163,377;      0;      1;  ;;        ; HOJE 13:01;VIX000375-1;32260907655407001844570010000341911007290443 ;         90,08;
PMW;VIX032959-2; N;08/09/2026;24/09/2026;    47995;29131549    ;     ;BELMICRO TECNOLOGIA S/A;BELMICRO TECNOLOGIA S/A;A.;LOJAS XAVIER NULL;MATEIROS;TO;PMW;      6.035,97;     997,17;  128,000;   1,6901;  456,327;      0;      4;  ;;        ; HOJE 13:01;VIX000375-1;32260907655407001844570010000341961007290490 ;        237,13;
PMW;VIX032976-2; N;08/09/2026;22/09/2026;  3311631;29142888    ;     ;BELMICRO TECNOLOGIA S/A;BELMICRO TECNOLOGIA S/A;A.;RAFAEL MONTELO NULL;PALMAS;TO;PMW;      2.664,23;     268,07;   55,000;   0,5805;  156,735;      0;      1;  ;;        ; HOJE 13:01;VIX000375-1;32260907655407001844570010000342121007290658 ;         82,57;
PMW;VIX033011-6; N;08/09/2026;23/09/2026;  3313328;29149709    ;     ;BELMICRO TECNOLOGIA S/A;BELMICRO TECNOLOGIA S/A;A.;WESLEY NUNES GOMES NULL;PALMAS;TO;PMW;      1.375,80;     204,51;   31,000;   0,4355;  117,585;      0;      1;  ;;        ; HOJE 13:01;VIX000375-1;32260907655407001844570010000342461007290990 ;         62,99;
PMW;VIX033026-4; N;08/09/2026;23/09/2026;  3313417;29150185    ;     ;BELMICRO TECNOLOGIA S/A;BELMICRO TECNOLOGIA S/A;A.;HELIO RIBEIRO DA SILVA NULL;PALMAS;TO;PMW;        988,79;     127,63;   17,000;   0,2023;   54,621;      0;      1;  ;;        ; HOJE 13:01;VIX000375-1;32260907655407001844570010000341641007290179 ;         39,31;
PMW;VIX033027-2; N;08/09/2026;23/09/2026;  3313165;29149347    ;     ;BELMICRO TECNOLOGIA S/A;BELMICRO TECNOLOGIA S/A;A.;NAYARA SOARES NULL;PALMAS;TO;PMW;        968,88;     127,44;   17,000;   0,2023;   54,621;      0;      1;  ;;        ; HOJE 13:01;VIX000375-1;32260907655407001844570010000341631007290163 ;         39,25;
PMW;VIX033043-4; N;08/09/2026;23/09/2026;    48036;29155404    ;     ;BELMICRO TECNOLOGIA S/A;BELMICRO TECNOLOGIA S/A;A.;ARAUJO E RESPLANDES LTDA ME;PALMAS;TO;PMW;        912,00;     126,93;   17,000;   0,2023;   54,621;      0;      1;  ;;        ; HOJE 13:01;VIX000375-1;32260907655407001844570010000342591007291120 ;         39,10;
PMW;VIX033063-9; N;08/09/2026;23/09/2026;   983215;            ;     ;WEBCONTINENTAL LTDA;WEBCONTINENTAL LTDA;A1;ANA PAULA FERREIRA PEIXOTO;PALMAS;TO;PMW;      2.063,99;     130,17;   35,000;   0,2300;   46,000;      0;      2;  ;;        ; HOJE 13:01;VIX000375-1;32260907655407001844570010000340341007288625 ;         40,09;
PMW;VIX033064-7; N;08/09/2026;23/09/2026;   983251;            ;     ;WEBCONTINENTAL LTDA;WEBCONTINENTAL LTDA;A1;SUADES NASCIMENTO DOS SANTOS;PALMAS;TO;PMW;      3.553,99;     165,03;   37,600;   0,2900;   58,000;      0;      2;  ;;        ; HOJE 13:01;VIX000375-1;32260907655407001844570010000340351007288630 ;         50,83;
PMW;VIX033065-5; N;08/09/2026;23/09/2026;   983264;            ;     ;WEBCONTINENTAL LTDA;WEBCONTINENTAL LTDA;A1;MARCELO PINHEIRO;PALMAS;TO;PMW;      2.603,99;     134,47;   30,100;   0,2200;   44,000;      0;      2;  ;;        ; HOJE 13:01;VIX000375-1;32260907655407001844570010000340361007288646 ;         41,42;
PMW;VIX033091-4; N;08/09/2026;23/09/2026;   984204;            ;     ;WEBCONTINENTAL LTDA;WEBCONTINENTAL LTDA;A1;FRANCISCO DAS CHAGAS;PALMAS;TO;PMW;      2.203,99;     131,28;   36,000;   0,2300;   46,000;      0;      2;  ;;        ; HOJE 13:01;VIX000375-1;32260907655407001844570010000340621007288905 ;         40,44;
PMW;VIX033099-0; N;08/09/2026;23/09/2026;   984433;            ;     ;WEBCONTINENTAL LTDA;WEBCONTINENTAL LTDA;A1;JOAO MONTEIRO NETO;PALMAS;TO;PMW;      2.320,91;     132,22;   36,800;   0,2200;   44,000;      0;      2;  ;;        ; HOJE 13:01;VIX000375-1;32260907655407001844570010000340701007288982 ;         40,72;
PMW;VIX033109-1; N;08/09/2026;23/09/2026;   984853;            ;     ;WEBCONTINENTAL LTDA;WEBCONTINENTAL LTDA;A1;TIAGO PAIM;PALMAS;TO;PMW;      3.231,24;     162,47;   37,600;   0,2900;   58,000;      0;      2;  ;;        ; HOJE 13:01;VIX000375-1;32260907655407001844570010000340801007289080 ;         50,04;
PMW;VIX033115-5; N;08/09/2026;23/09/2026;   985151;            ;     ;WEBCONTINENTAL LTDA;WEBCONTINENTAL LTDA;A1;ROBSON MELLO;PALMAS;TO;PMW;      2.271,00;     131,82;   30,900;   0,1900;   38,000;      0;      2;  ;;        ; HOJE 13:01;VIX000375-1;32260907655407001844570010000340861007289148 ;         40,60;
PMW;VIX033119-8; N;08/09/2026;23/09/2026;   985202;            ;     ;WEBCONTINENTAL LTDA;WEBCONTINENTAL LTDA;A1;FILIPE CHAVES;PALMAS;TO;PMW;      2.381,11;     132,69;   30,900;   0,1900;   38,000;      0;      2;  ;;        ; HOJE 13:01;VIX000375-1;32260907655407001844570010000340201007288484 ;         40,87;
PMW;VIX033120-1; N;08/09/2026;23/09/2026;   985203;            ;     ;WEBCONTINENTAL LTDA;WEBCONTINENTAL LTDA;A1;CAROLINE OLIVEIRA DOS SANTOS;PALMAS;TO;PMW;      2.381,11;     132,69;   30,900;   0,1900;   38,000;      0;      2;  ;;        ; HOJE 13:01;VIX000375-1;32260907655407001844570010000340811007289095 ;         40,87;
PMW;VIX033147-3; N;08/09/2026;22/09/2026;  2849862;            ;     ;WEBCONTINENTAL LTDA;WEBCONTINENTAL LTDA;A1;KARLA THAIZA SILVA DE FREITAS;GUARAI;TO;PMW;      2.093,99;     199,49;   27,500;   0,1800;   36,000;      0;      2;  ;;        ; HOJE 13:01;VIX000375-1;32260907655407001844570010000341131007289414 ;         61,44;
PMW;VIX033148-1; N;08/09/2026;23/09/2026;  2849864;            ;     ;WEBCONTINENTAL LTDA;WEBCONTINENTAL LTDA;A1;IGOR HENRIQUE SENA DA SILVA;PALMAS;TO;PMW;      1.905,01;     128,91;   27,500;   0,1800;   36,000;      0;      2;  ;;        ; HOJE 13:01;VIX000375-1;32260907655407001844570010000341161007289440 ;         39,70;
PMW;VIX033150-3; N;08/09/2026;23/09/2026;  2849906;            ;     ;WEBCONTINENTAL LTDA;WEBCONTINENTAL LTDA;A1;GACARVALHO93 GACARVALHO93;PALMAS;TO;PMW;      1.953,99;     129,30;   27,500;   0,1800;   36,000;      0;      2;  ;;        ; HOJE 13:01;VIX000375-1;32260907655407001844570010000341181007289461 ;         39,82;
PMW;VIX033164-3; N;08/09/2026;23/09/2026;  2850718;            ;     ;WEBCONTINENTAL LTDA;WEBCONTINENTAL LTDA;A1;MURILO JOSA BORGES;PALMAS;TO;PMW;      2.899,00;     159,82;   41,800;   0,2900;   58,000;      0;      2;  ;;        ; HOJE 13:01;VIX000375-1;32260907655407001844570010000341321007289606 ;         49,22;
PMW;VIX033165-1; N;08/09/2026;23/09/2026;  2850740;            ;     ;WEBCONTINENTAL LTDA;WEBCONTINENTAL LTDA;A1;MURILO JOSA BORGES;PALMAS;TO;PMW;      2.473,99;     133,43;   28,000;   0,2100;   42,000;      0;      2;  ;;        ; HOJE 13:01;VIX000375-1;32260907655407001844570010000341311007289595 ;         41,10;
PMW;VIX033168-6; N;08/09/2026;22/09/2026;  2851112;            ;     ;WEBCONTINENTAL LTDA;WEBCONTINENTAL LTDA;A1;DEYJAME NUNES NOLETO;PARAISO DO TOCANTINS;TO;775;      2.719,00;     244,74;   41,800;   0,2900;   58,000;      0;      2;  ;;        ; HOJE 13:01;VIX000375-1;32260907655407001844570010000341361007289648 ;         75,38;
PMW;VIX033169-4; N;08/09/2026;23/09/2026;  2851153;            ;     ;WEBCONTINENTAL LTDA;WEBCONTINENTAL LTDA;A1;STHEFANNY DE SOUSA;PALMAS;TO;PMW;      2.181,05;     131,10;   26,500;   0,1800;   36,000;      0;      2;  ;;        ; HOJE 13:01;VIX000375-1;32260907655407001844570010000341351007289632 ;         40,38;
PMW;VIX033174-1; N;08/09/2026;23/09/2026;  2851830;            ;     ;WEBCONTINENTAL LTDA;WEBCONTINENTAL LTDA;A1;DAIAN ALVES DOS SANTOS;PALMAS;TO;PMW;      1.174,05;     146,10;   26,200;   0,3500;   70,000;      0;      1;  ;;        ; HOJE 13:01;VIX000375-1;32260907655407001844570010000341421007289700 ;         45,00;
PMW;VIX033313-1; N;09/09/2026;24/09/2026;  2853164;            ;     ;WEBCONTINENTAL LTDA;WEBCONTINENTAL LTDA;A1;ROGERIO ADRIANO BANDEIRA DE ME;PALMAS;TO;PMW;      4.593,38;     220,23;   74,000;   0,4600;   92,000;      0;      1;  ;;        ; HOJE 13:01;VIX000375-1;32260907655407001844570010000343071007306320 ;         67,83;
PSA;BSB127636-1; D;31/08/2026;10/09/2026;   202719;30106454    ;     ;LILIAN REIMAN VILACA 996255711;MIMO IMPORTACAO E EXPORTACAO S;A3;MIMO IMPORTACAO E EXPORTACAO S;EXTREMA;MG;SAO;      1.881,31;   1.569,67; 1092,952;   0,2435; 1092,952;      0;      8;  ;;        ; HOJE 17:49;GYN023933-0;52260807655407000449570040001014691007196981 ;          0,00;
PSS;FND146244-0; N;27/08/2026;16/09/2026;    21518;            ;     ;CASELLI STORE COMERCIO LTDA;CASELLI STORE COMERCIO LTDA;A.;VALQUIRIA CRUZ DA SILVA;ALTEROSA;MG;RAO;      1.262,15;     249,41;   45,000;   0,3600;  108,000;      5;      5;50;FALTA DE MERCADORIA;01/09/26;;FND000588-6;35260807655407000287570020021343761007165251 ;         61,45;
PSS;SAO152280-9; N;09/09/2026;16/09/2026;   806680;109219170   ;     ;BRS SP SUPRIMENTOS CORPORATIVO;BRS SP SUPRIMENTOS CORPORATIVO;A1;DWF COMERCIAL LTDA;SAO SEBASTIAO DO PARAISO;MG;RAO;        771,70;      92,69;   21,460;   3,4671;   21,460;      0;      4;80;CTRC EMITIDO;09/09/26;;;35260907655407000287570020021421091007302970 ;         28,00;
PSS;SAO154570-1; N;10/09/2026;18/09/2026;     3799;            ;IOPTX;TENDAS ARUANDA LTDA;MARTINS E MARIANO TRANSP E COM;B.;ALEXANDRE GOULART DE FREITAS;JACUI;MG;RAO;      3.040,00;     362,32;   70,000;   0,3134;   94,020;      0;      7;  ;;        ;;;35260907655407000287570020021433911007326106 ;         52,45;
PSS;FND152849-1; N;08/09/2026;28/09/2026;     8677;            ;     ;47.247.735 FRANCISCO RICARDO V;47.247.735 FRANCISCO RICARDO V;C.;MARIA LUCIA;CARMO DO RIO CLARO;MG;RAO;         55,00;     225,14;    8,000;   0,0720;   21,600;      0;      1;  ;;        ; HOJE 08:00;FND000592-4;35260907655407000287570020021412541007288125 ;         55,47;
PVA;CWB011818-4; N;03/09/2026;18/09/2026;  7427102;134168620000;     ;LOJA ELECTROLUX COM VIRTUAL DE;LOJA ELECTROLUX COM VIRTUAL DE;A.;CARLOS EDUARDO BURATO;PRIMAVERA DO LESTE;MT;788;      4.440,58;     657,40;   72,000;   1,1070;  276,750;      1;      1;83;CHEGADA NA UNIDADE INTERMEDIARIA ;09/09/26;;CWB000483-9;41260907655407001763570010000117611007255604 ;         61,44;
PVA;IBI151713-9; N;04/09/2026;21/09/2026;      466;            ;     ;SILTEX ARTIGOS TEXTEIS LTDA;SILTEX ARTIGOS TEXTEIS LTDA;B.;SOCIEDADE HOSPITALAR SAO JOAO;POXOREU;MT;788;      3.323,43;     288,28;   88,000;   0,6480;  194,400;      5;      5;83;CHEGADA NA UNIDADE INTERMEDIARIA ;08/09/26;;IBI000236-4;35260907655407000287570020021400301007269484 ;         80,43;
PVA;VIX032443-4; N;03/09/2026;15/09/2026;  3299466;29102638    ;     ;BELMICRO TECNOLOGIA S/A;BELMICRO TECNOLOGIA S/A;A.;DANIELLY ZANUTO NULL;PRIMAVERA DO LESTE;MT;788;      1.747,80;     155,34;   25,400;   0,2413;   65,151;      1;      1;83;CHEGADA NA UNIDADE INTERMEDIARIA ;09/09/26;;VIX000372-7;32260907655407001844570010000336621007256335 ;         23,24;
PVA;VIX032842-1; N;04/09/2026;17/09/2026;  3305780;29128708    ;     ;BELMICRO TECNOLOGIA S/A;BELMICRO TECNOLOGIA S/A;A.;ARIEL C LUCHESE NULL;PRIMAVERA DO LESTE;MT;788;      1.311,38;     175,95;   27,590;   0,3580;   96,660;      1;      1;83;CHEGADA NA UNIDADE INTERMEDIARIA ;09/09/26;;VIX000372-7;32260907655407001844570010000339841007273373 ;         26,32;
PVA;SAO152030-0; N;09/09/2026;16/09/2026;   102962*;224380      ;     ;IDEAL CESTAS DE ALIMENTOS LTDA;IDEAL CESTAS DE ALIMENTOS LTDA;B.;DROGARIA SAO PAULO SA 1201;PRIMAVERA DO LESTE;MT;788;        999,22;     223,69;  137,680;   0,1152;  137,680;      0;     10;80;CTRC EMITIDO;09/09/26;;;35260907655407000287570020021416111007295380 ;         35,37;
PVA;SAO152154-3; N;05/09/2026;16/09/2026;  1052824;            ;     ;NEWELL BRANDS BRASIL LTDA (SOB;NEWELL BRANDS BRASIL LTDA (SOB;A2;COMERCIAL CARAPA DE SECOS E MO;PRIMAVERA DO LESTE;MT;788;      1.695,57;     681,53;   25,862;   0,2300;   57,500;      0;      6;80;CTRC EMITIDO;05/09/26;;;35260907655407000287570020021405561007278142 ;         42,30;
PVA;SAO152488-7; N;08/09/2026;17/09/2026;   179088;            ;     ;JFL EQUIP ELET IND E COM LTDA;QUANTEX DISTRIBUIDORA PRIMAVER;C2;QUANTEX DISTRIBUIDORA PRIMAVER;PRIMAVERA DO LESTE;MT;788;      8.299,73;     375,82;   44,280;   0,3697;  110,910;      0;      6;80;CTRC EMITIDO;08/09/26;;;35260907655407000287570020021413671007292410 ;         76,89;
PVA;SAO152538-7; N;09/09/2026;17/09/2026;  1383944;109208727   ;     ;BRS SP SUPRIMENTOS CORPORATIVO;BRS SP SUPRIMENTOS CORPORATIVO;A1;FS I INDUSTRIA DE ETANOL S.A;PRIMAVERA DO LESTE;MT;788;      2.278,73;     285,10;  104,830;   0,4311;  104,830;      0;     13;80;CTRC EMITIDO;09/09/26;;;35260907655407000287570020021415391007294656 ;         45,07;
PVA;SAO152613-8; N;08/09/2026;17/09/2026;    77163;            ;     ;MERCOSUL BR COMERCIAL IMP E EX;ALLUS INDUSTRIA LTDA;C3;ALLUS INDUSTRIA LTDA;PRIMAVERA DO LESTE;MT;788;      4.807,87;     286,60;   94,000;   0,2465;   94,000;      0;      1;80;CTRC EMITIDO;08/09/26;;;35260907655407000287570020021414011007292758 ;         58,64;
PVA;SAO152710-0; N;09/09/2026;17/09/2026;    66008;            ;     ;PONTUAL IND E COM DE MOVEIS LT;PONTUAL IND E COM DE MOVEIS LT;B.;FABIO FERREIRA ODONTOLOGIA LTD;PRIMAVERA DO LESTE;MT;788;     17.271,45;     475,39;  130,000;   0,8805;  264,150;      0;      3;80;CTRC EMITIDO;09/09/26;;;35260907655407000287570020021415901007295175 ;         75,16;
PVA;SAO152722-3; N;09/09/2026;17/09/2026;   166144;            ;     ;ABC ARTEFATOS DE BORRACHA COEL;ABC ARTEFATOS DE BORRACHA COEL;B.;CAIADO PNEUS LTDA;PRIMAVERA DO LESTE;MT;788;      3.541,00;     239,82;  110,390;   0,2550;  110,390;      0;      5;80;CTRC EMITIDO;09/09/26;;;35260907655407000287570020021416731007296001 ;         37,92;
PVA;SAO152860-2; N;08/09/2026;17/09/2026;   394197;            ;     ;MOAS IND E COM IMP E EXP LTDA;MOAS IND E COM IMP E EXP LTDA;A3;ADRIANA SANTOS FROELICH 005036;PRIMAVERA DO LESTE;MT;788;      8.060,77;     385,84;   45,118;   0,9370;  281,100;      0;     10;80;CTRC EMITIDO;08/09/26;;;35260907655407000287570020021415001007294210 ;         61,00;
PVA;SAO153068-2; N;09/09/2026;17/09/2026;  3050871;            ;     ;LORENZETTI SA INDS BRASILEIRAS;LORENZETTI SA INDS BRASILEIRAS;A2;ELETROBUSS COMERCIO DE MATERIA;PRIMAVERA DO LESTE;MT;788;     17.231,32;     268,72;   75,563;   0,4808;  120,200;      0;     24;80;CTRC EMITIDO;09/09/26;;;35260907655407000287570020021417731007297038 ;         42,48;
PVA;SAO153115-8; N;09/09/2026;18/09/2026;   245191;            ;     ;ESAB INDUSTRIA E COMERCIO LTDA;MODELO COMERCIO DE FERRAMENTAS;C.;MODELO COMERCIO DE FERRAMENTAS;PRIMAVERA DO LESTE;MT;788;     11.929,15;     643,12;  585,390;   0,2176;  585,390;      0;     30;80;CTRC EMITIDO;09/09/26;;;35260907655407000287570020021423561007309542 ;        131,58;
PVA;SAO153342-8; N;09/09/2026;18/09/2026;   273684;390113      ;ERWRD;BREMEN IMPORTADORA DE EQUIPAME;HB TRANSPORTES E LOGISTICA EIR;A.;MCS COMERCIO DE PECAS E SERVIC;PRIMAVERA DO LESTE;MT;788;     25.930,33;     796,08;  368,000;   1,9500;  585,000;      0;     11;80;CTRC EMITIDO;09/09/26;;;35260907655407000287570020021423711007309697 ;        135,33;
PVA;SAO153348-7; N;09/09/2026;18/09/2026;   702715;            ;     ;APERAM INOX SERVICOS BRASIL LT;MULTIFRIO REFRIGERACAO LTDA.;C.;MULTIFRIO REFRIGERACAO LTDA.;PRIMAVERA DO LESTE;MT;788;     10.096,01;     552,58;  571,000;   0,6552;  571,000;      0;      1;80;CTRC EMITIDO;09/09/26;;;35260907655407000287570020021423591007309579 ;        113,06;
PVA;SAO153485-8; N;09/09/2026;21/09/2026;       87;            ;     ;CHAPOTY COMERCIO ATACADO E VAR;ONIX TECNOLOGIA E PARTICIPACOE;B2;VALDECI FERNANDES;PARANATINGA;MT;788;      1.167,70;     273,76;   60,000;   0,1210;   60,000;      0;      1;80;CTRC EMITIDO;09/09/26;;;35260907655407000287570020021424311007310300 ;         76,38;
PVA;SAO153541-2; N;10/09/2026;18/09/2026;   379704;            ;     ;SODRAMAR INDUSTRIA E COMERCIO;ELETRO COMERCIAL MARIANA LTDA;C.;ELETRO COMERCIAL MARIANA LTDA;PRIMAVERA DO LESTE;MT;788;      6.976,31;     398,01;   48,390;   0,2724;   81,720;      0;      7;80;CTRC EMITIDO;10/09/26;;;35260907655407000287570020021426831007313284 ;         81,43;
PVA;SAO153808-0; N;10/09/2026;18/09/2026;     6974;1612102     ;     ;KINDAI COM E DISTR EIRELI;KINDAI COM E DISTR EIRELI;C.;COMERCIAL CARAPA DE SECOS E MO;PRIMAVERA DO LESTE;MT;788;      4.697,22;     643,09;  150,684;   0,2256;  150,684;      0;     34;80;CTRC EMITIDO;10/09/26;;;35260907655407000287570020021426431007312851 ;         45,66;
PVA;SAO153813-6; N;10/09/2026;18/09/2026;     1841*;            ;     ;DIRECT LATINA LTDA;MS NOBLE DESIGN SUPERFICIES PR;C.;MS NOBLE DESIGN SUPERFICIES PR;PRIMAVERA DO LESTE;MT;788;     17.798,07;   1.545,03;  746,532;   0,6428;  746,532;      0;      2;62;AVARIA PARCIAL;10/09/26;;;35260907655407000287570020021427671007314274 ;        316,11;
PVA;SAO153826-8; N;09/09/2026;18/09/2026;    56204;            ;     ;MIRANDINHA MINIATURAS EIRELI E;ALCIMAR COM DE EMBALAGENS LTDA;C.;ALCIMAR COM DE EMBALAGENS LTDA;PRIMAVERA DO LESTE;MT;788;      1.566,60;     256,03;   10,000;   0,4090;  122,700;      0;      4;80;CTRC EMITIDO;09/09/26;;;35260907655407000287570020021425671007311924 ;         52,38;
PVA;SAO153843-8; N;09/09/2026;18/09/2026;   393791;            ;     ;MOAS IND E COM IMP E EXP LTDA;MOAS IND E COM IMP E EXP LTDA;A3;BONDECOR COMERCIO DE MOVEIS LT;PRIMAVERA DO LESTE;MT;788;     10.371,86;     370,38;   95,780;   0,8650;  259,500;      0;     17;80;CTRC EMITIDO;09/09/26;;;35260907655407000287570020021425581007311836 ;         58,56;
PVA;SAO154012-2; N;10/09/2026;21/09/2026;     1623;8627        ;     ;M.A. INDUSTRIA E COMERCIO DE A;QUANTEX DISTRIBUIDORA PRIMAVER;C2;QUANTEX DISTRIBUIDORA PRIMAVER;PRIMAVERA DO LESTE;MT;788;        191,00;     308,52;  130,000;   0,9126;  273,780;      0;     13;80;CTRC EMITIDO;10/09/26;;;35260907655407000287570020021430641007319378 ;         63,12;
PVA;SAO154026-2; N;10/09/2026;22/09/2026;   353822;011569      ;     ;NECTAR BRIX IND E COM DE SUCOS;NECTAR BRIX IND E COM DE SUCOS;B.;SODEXO DO BRASIL COMERCIAL SA;POXOREU;MT;788;        696,81;     225,63;   62,230;   0,0953;   62,230;      0;      5;80;CTRC EMITIDO;10/09/26;;;35260907655407000287570020021430071007318448 ;         62,95;
PVA;SAO154188-9; N;11/09/2026;21/09/2026;   263693;            ;     ;ALCAR ABRASIVOS LTDA;MODELO COMERCIO DE FERRAMENTAS;C.;MODELO COMERCIO DE FERRAMENTAS;PRIMAVERA DO LESTE;MT;788;      8.729,87;     436,32;  312,510;   0,6292;  312,510;      0;      1;80;CTRC EMITIDO;11/09/26;;;35260907655407000287570020021435651007328100 ;         89,27;
PVA;SAO154242-7; N;10/09/2026;21/09/2026;    63196;            ;     ;A C GARCIA COM E IND DE EMBAL;A C GARCIA COM E IND DE EMBAL;C.;COMERCIAL CARAPA DE SECOS E MO;PRIMAVERA DO LESTE;MT;788;      4.929,98;     821,28;  287,550;   1,0458;  313,740;      0;     18;80;CTRC EMITIDO;10/09/26;;;35260907655407000287570020021433161007325288 ;         75,37;
PVA;SAO154270-2; N;11/09/2026;21/09/2026;  1388196;109194611   ;     ;BRS SP SUPRIMENTOS CORPORATIVO;BRS SP SUPRIMENTOS CORPORATIVO;A1;LOJAS AVENIDA S.A;PRIMAVERA DO LESTE;MT;788;      1.471,81;     195,68;   73,000;   0,6885;   73,000;      0;     12;80;CTRC EMITIDO;11/09/26;;;35260907655407000287570020021435021007327413 ;         30,94;
PVA;SAO154574-4; N;10/09/2026;21/09/2026;    35717;            ;     ;DELTA PACK IND COM EMB PLAST;VITALE QUIMICA LTDA;C.;VITALE QUIMICA LTDA;PRIMAVERA DO LESTE;MT;788;      4.620,48;     337,55;  192,520;   0,3375;  192,520;      0;      9;80;CTRC EMITIDO;10/09/26;;;35260907655407000287570020021434071007326264 ;         69,06;
PVA;SAO154652-0; N;10/09/2026;21/09/2026;    12739;            ;     ;EXHIMIA INDUSTRIA E COMERCIO D;CENTRAL DO FRETE INTER E TECNO;B.;FADUA BRUNETTA HAMIDA;PRIMAVERA DO LESTE;MT;788;        205,47;     294,58;   25,000;   0,5180;  155,400;      0;      1;80;CTRC EMITIDO;10/09/26;;;35260907655407000287570020021434751007327031 ;         46,57;
PVA;SAO154673-2; N;10/09/2026;21/09/2026;   307828;            ;     ;ZARAPLAST S.A;ZARAPLAST S.A;B.;NEOVIA NUTRICAO E SAUDE ANIMAL;PRIMAVERA DO LESTE;MT;788;     17.233,12;     817,56;  491,500;   1,7280;  518,400;      0;      1;80;CTRC EMITIDO;10/09/26;;;35260907655407000287570020021434831007327114 ;        129,26;
PVA;SAO154866-2; N;11/09/2026;22/09/2026;  3052157*;            ;     ;LORENZETTI SA INDS BRASILEIRAS;LORENZETTI SA INDS BRASILEIRAS;A2;M DE PAULO C RODRIGUES;PARANATINGA;MT;788;     22.784,31;     486,41;  109,583;   0,9295;  232,375;      0;     33;80;CTRC EMITIDO;11/09/26;;;35260907655407000287570020021436841007329530 ;        135,71;
PVA;VIX032989-4; N;08/09/2026;17/09/2026;  3310456;29140394    ;     ;BELMICRO TECNOLOGIA S/A;BELMICRO TECNOLOGIA S/A;A.;TIAGO DA SILVA FIGUEIRA NULL;PRIMAVERA DO LESTE;MT;788;      1.505,16;     167,95;   32,000;   0,3077;   83,079;      0;      1;  ;;        ; HOJE 13:01;VIX000375-1;32260907655407001844570010000342231007290767 ;         25,13;
PVA;VIX033173-2; N;08/09/2026;18/09/2026;  2851733;            ;     ;WEBCONTINENTAL LTDA;WEBCONTINENTAL LTDA;A1;SAMUEL BARBOSA RODRIGUES;PRIMAVERA DO LESTE;MT;788;      2.899,00;     254,17;   41,800;   0,2900;   58,000;      0;      2;  ;;        ; HOJE 13:01;VIX000375-1;32260907655407001844570010000341391007289674 ;         38,02;
RAO;SAS028006-2; N;09/09/2026;31/12/2050;        1;            ;TIT  ;EXPRESSO RIO VERMELHO;EXPRESSO RIO VERMELHO;.3;EXPRESSO RIO VERMELHO TRANSPOR;RIBEIRAO PRETO;SP;CAM;         10,00;       0,01;    3,000;   0,0000;    3,000;      0;      1;80;CTRC EMITIDO;09/09/26;;; ;          0,00;
RAO;CGS002728-6; N;10/09/2026;31/12/2050;    88794;            ;DRD  ;EXPRESSO RIO VERMELHO - CGD;EXPRESSO RIO VERMELHO - CGD;.3;EXPRESSO RIO VERMELHO TRANSPOR;RIBEIRAO PRETO;SP;CAM;          0,01;       0,01;    5,000;   0,0000;    5,000;      0;      1;  ;;        ; HOJE 15:59;CGD008599-5; ;          0,00;
RON;BIR153137-9; N;09/09/2026;17/09/2026;    15794;            ;     ;PECUARISTA D OESTE DE ARACATUB;PECUARISTA D OESTE DE ARACATUB;A.;AGRO AMAZONIA PRODUTOS AGROPEC;RONDONOPOLIS;MT;03 ;      2.764,80;     220,95;   26,700;   0,0800;   26,700;      1;      1;83;CHEGADA NA UNIDADE INTERMEDIARIA ;10/09/26;;BIR000388-3;35260907655407000287570020021418321007297774 ;          0,00;
RON;VIX032599-6; N;02/09/2026;10/09/2026;    81565*;            ;     ;GUILHERME SOEHNCHEN FERRAMENTA;GUILHERME SOEHNCHEN FERRAMENTA;B.;INPASA AGROINDUSTRIAL S/A;RONDONOPOLIS;MT;787;     42.349,12;   2.769,16;  444,500;   1,4918;  447,540;      0;      3;83;CHEGADA NA UNIDADE INTERMEDIARIA ;10/09/26;;VIX000373-5;32260907655407001844570010000335841007240457 ;          0,00;
RON;VIX032905-3; N;04/09/2026;16/09/2026;  2848122;            ;     ;WEBCONTINENTAL LTDA;WEBCONTINENTAL LTDA;A1;ALESSANDRO FERREIRA GONZAGA;ITIQUIRA;MT;06 ;      3.929,10;     476,43;   64,900;   0,5100;  102,000;      0;      1;83;CHEGADA NA UNIDADE INTERMEDIARIA ;10/09/26;;VIX000373-5;32260907655407001844570010000339241007272565 ;          0,00;
RON;VIX033074-4; N;08/09/2026;15/09/2026;   983361;            ;     ;WEBCONTINENTAL LTDA;WEBCONTINENTAL LTDA;A1;RAFAELINACIO;RONDONOPOLIS;MT;02 ;      2.435,45;     167,98;   30,700;   0,2200;   44,000;      0;      2;83;CHEGADA NA UNIDADE INTERMEDIARIA ;10/09/26;;VIX000373-5;32260907655407001844570010000340451007288734 ;          0,00;
RON;SAO153328-2; N;09/09/2026;15/09/2026;   247308;348750      ;     ;SUVINIL COATINGS S.A. DEMARCHI;MAISCOR TINTAS LTDA;B2;MAISCOR TINTAS LTDA;RONDONOPOLIS;MT;02 ;     76.194,66;   4.977,08; 4473,464;   5,9040; 4473,464;      0;      6;95;ATENDIMENTO/ INFORMACOES/ TRATATIVAS INTERNAS;09/09/26;;;35260907655407000287570020021419291007299262 ;          0,00;
RON;SAO153333-9; N;09/09/2026;15/09/2026;    23929;            ;     ;ACOTUBO SOLUCOES EM ACO LTDA;JORGE ANTONIO DA COSTA BATISTA;B.;JORGE ANTONIO DA COSTA BATISTA;RONDONOPOLIS;MT;02 ;     12.554,45;     929,62;  880,000;   0,1800;  880,000;      0;      6;80;CTRC EMITIDO;09/09/26;;;35260907655407000287570020021423581007309563 ;          0,00;
RON;SAO153472-6; N;09/09/2026;15/09/2026; 68832773;            ;     ;CASA DO CACAREDO;RAFAEL MOURA ZAMBONATO;..;RAFAEL MOURA ZAMBONATO;RONDONOPOLIS;MT;02 ;      7.040,00;   1.000,00;   90,000;   0,8878;  266,340;      0;      2;80;CTRC EMITIDO;09/09/26;;;35260907655407000287570020021420351007301871 ;          0,00;
RON;SAO154204-4; N;10/09/2026;16/09/2026;     4252;            ;     ;NAZARE LTDA;ELIANE DAS GRACAS RAMOS CORREI;..;ELIANE DAS GRACAS RAMOS CORREI;RONDONOPOLIS;MT;02 ;      2.190,00;      86,02;   15,000;   0,0700;   21,000;      0;      1;80;CTRC EMITIDO;10/09/26;;;35260907655407000287570020021431851007323532 ;          0,00;
RON;SAO154245-1; N;10/09/2026;18/09/2026;    70806;            ;     ;BIOFRAGANE PRODUTOS QUIMICOS L;PRIMER INDUSTRIA DE TINTAS LTD;B.;PRIMER INDUSTRIA DE TINTAS LTD;SAO JOSE DO POVO;MT;07 ;      6.046,40;   1.214,39;  927,200;   1,6800;  927,200;      0;      2;80;CTRC EMITIDO;10/09/26;;;35260907655407000287570020021433281007325408 ;          0,00;
RON;SAO154255-9; N;11/09/2026;16/09/2026;  1383560*;109191829   ;     ;BRS SP SUPRIMENTOS CORPORATIVO;BRS SP SUPRIMENTOS CORPORATIVO;A1;LOJAS AVENIDA S.A;RONDONOPOLIS;MT;02 ;      5.304,88;     274,43;  228,480;   0,7321;  228,480;      0;     31;80;CTRC EMITIDO;11/09/26;;;35260907655407000287570020021435211007327605 ;          0,00;
RON;SAO154311-3; N;10/09/2026;18/09/2026;     1145;            ;ERWRD;MENEZES ATACADISTA LTDA;HB TRANSPORTES E LOGISTICA EIR;A.;ANGELICA NEGRI;JACIARA;MT;04 ;        775,03;     133,09;   50,000;   0,1800;   54,000;      0;      2;80;CTRC EMITIDO;10/09/26;;;35260907655407000287570020021432291007323970 ;          0,00;
RON;SAO154326-1; N;10/09/2026;16/09/2026;    60364;            ;XFKEV;MOVEIS DALLA COSTA LTDA;HB TRANSPORTES E LOGISTICA EIR;A2;MINHA SANTIAGO;RONDONOPOLIS;MT;02 ;      2.083,54;     123,34;   50,600;   0,1580;   50,600;      0;      4;80;CTRC EMITIDO;10/09/26;;;35260907655407000287570020021432321007324000 ;          0,00;
RON;SAO154359-8; N;10/09/2026;16/09/2026;   176001;            ;     ;CAPUANI DO BRASIL LTDA;RONDET COM PRODUTOS DE LIMPEZA;C.;RONDET COM PRODUTOS DE LIMPEZA;RONDONOPOLIS;MT;02 ;     23.297,45;     914,15;  268,240;   0,3452;  268,240;      0;      8;80;CTRC EMITIDO;10/09/26;;;35260907655407000287570020021431971007323657 ;          0,00;
RON;SAO154360-1; N;10/09/2026;16/09/2026;   273897;2           ;     ;M CASSAB COMERCIO E INDUSTRIA;SAULO OLIVEIRA DOS SANTOS;C.;SAULO OLIVEIRA DOS SANTOS;RONDONOPOLIS;MT;01 ;     30.746,23;   2.118,23; 1661,999;   2,3683; 1661,999;      0;      7;80;CTRC EMITIDO;10/09/26;;;35260907655407000287570020021431981007323662 ;          0,00;
RON;SAO154559-1; N;11/09/2026;18/09/2026;   250470;            ;     ;KAZAN COM IMP E EXPORTACAO LTD;MULTI COPIAS E PAPELARIA LTDA;C.;MULTI COPIAS E PAPELARIA LTDA;PEDRA PRETA;MT;05 ;      2.703,46;   1.236,94;   98,140;   2,5417;  762,510;      0;     17;80;CTRC EMITIDO;11/09/26;;;35260907655407000287570020021435001007327397 ;          0,00;
RON;SAO154563-9; N;10/09/2026;16/09/2026;    33407;            ;     ;UNESPUMA PECAS E FITAS TECNICA;GD COMERCIO BORRACHAS E DERIVA;C.;GD COMERCIO BORRACHAS E DERIVA;RONDONOPOLIS;MT;01 ;      4.375,46;     444,40;   67,670;   1,5373;  384,325;      0;      7;80;CTRC EMITIDO;10/09/26;;;35260907655407000287570020021433101007325225 ;          0,00;
RON;SAO154573-6; N;10/09/2026;21/09/2026;     4515;3150        ;     ;SOPROGE INDUSTRIA E COMERCIO D;RAWELL QUIMICA - LTDA;..;RAWELL QUIMICA - LTDA;CAMPO VERDE;MT;788;     33.252,48;   4.429,56;  667,240;   8,8844; 2665,320;      0;     64;80;CTRC EMITIDO;10/09/26;;;35260907655407000287570020021432261007323944 ;          0,00;
RON;SAO154577-9; N;10/09/2026;16/09/2026;   359822;            ;     ;COPABO IND E COM DE PRODUTOS T;COPABO IND E COM DE PRODUTOS T;B.;RUMO MALHA NORTE S.A.;RONDONOPOLIS;MT;03 ;     18.636,02;   1.587,42; 1020,000;   0,8917; 1020,000;      0;      6;80;CTRC EMITIDO;10/09/26;;;35260907655407000287570020021431901007323583 ;          0,00;
RON;SAO154593-1; N;10/09/2026;16/09/2026;    15270;            ;     ;FR NOSSA MOVEIS EIRELI  ME;CENTRAL DO FRETE INTER E TECNO;B.;GENILDO PEREIRA DE SOUSA;RONDONOPOLIS;MT;02 ;      1.115,50;     171,68;   68,250;   0,1555;   68,250;      0;      2;80;CTRC EMITIDO;10/09/26;;;35260907655407000287570020021431911007323599 ;          0,00;
RON;SAO154605-8; N;11/09/2026;16/09/2026;     1829;            ;     ;COM DE CONFEC GELALETI E FILHO;A DEPERON COMERCIO DE ARTIGOS;C.;A DEPERON COMERCIO DE ARTIGOS;RONDONOPOLIS;MT;01 ;      2.094,00;     286,55;   73,920;   0,6334;  190,020;      0;      2;80;CTRC EMITIDO;11/09/26;;;35260907655407000287570020021435071007327460 ;          0,00;
RON;SAO154676-7; N;10/09/2026;16/09/2026;    27819;            ;     ;EXPIN COMERCIAL DE CONDIMENTOS;CLEYTON DE OLIVEIRA MONTENEGRO;C.;CLEYTON DE OLIVEIRA MONTENEGRO;RONDONOPOLIS;MT;02 ;        438,57;     207,18;  126,250;   0,1260;  126,250;      0;      7;80;CTRC EMITIDO;10/09/26;;;35260907655407000287570020021434881007327161 ;          0,00;
RON;SAO154686-4; N;10/09/2026;16/09/2026;    66114;            ;     ;CONFIALLE MOVEIS LTDA;CONFIALLE MOVEIS LTDA;B.;JESSICA SANTIN SOUSA MARQUES D;RONDONOPOLIS;MT;02 ;      9.500,00;     335,87;  117,000;   0,7600;  228,000;      0;      4;80;CTRC EMITIDO;10/09/26;;;35260907655407000287570020021434921007327202 ;          0,00;
RON;SAO154689-9; N;10/09/2026;16/09/2026;    65455;            ;     ;VATHISA IND E COM DE PLASTICOS;VATHISA IND E COM DE PLASTICOS;B.;ANTENA SAT SOLAR EIRELI;RONDONOPOLIS;MT;01 ;      6.844,14;     164,20;   85,980;   0,0800;   85,980;      0;      5;80;CTRC EMITIDO;10/09/26;;;35260907655407000287570020021434891007327177 ;          0,00;
RON;SAO154761-5; N;11/09/2026;16/09/2026;    28727;            ;     ;POWERSAFE IMPORTACAO, EXPORTAC;L F GERHARDT E CIA LTDA ME;C.;L F GERHARDT E CIA LTDA ME;RONDONOPOLIS;MT;01 ;     36.210,37;   2.083,28; 1352,000;   0,9960; 1352,000;      0;      1;80;CTRC EMITIDO;11/09/26;;;35260907655407000287570020021435941007328390 ;          0,00;
RON;SAO154828-0; N;11/09/2026;18/09/2026;  3052076;            ;     ;LORENZETTI SA INDS BRASILEIRAS;LORENZETTI SA INDS BRASILEIRAS;A2;CANOVA COMERCIO E MATEIRAIS PA;PEDRA PRETA;MT;05 ;      4.755,69;     162,85;  108,144;   0,1643;  108,144;      0;     18;80;CTRC EMITIDO;11/09/26;;;35260907655407000287570020021436461007329157 ;          0,00;
RON;SAO154838-7; N;11/09/2026;18/09/2026;  3052100;            ;     ;LORENZETTI SA INDS BRASILEIRAS;LORENZETTI SA INDS BRASILEIRAS;A2;ARLINDO CANOVA PABLOS EPP;JUSCIMEIRA;MT;04 ;      4.755,69;     162,85;  108,144;   0,1643;  108,144;      0;     18;80;CTRC EMITIDO;11/09/26;;;35260907655407000287570020021436571007329266 ;          0,00;
RON;SAO154839-5; N;11/09/2026;18/09/2026;  3052102;            ;     ;LORENZETTI SA INDS BRASILEIRAS;LORENZETTI SA INDS BRASILEIRAS;A2;ARLINDO CANOVA PABLOS EPP;JACIARA;MT;04 ;      4.755,69;     162,85;  108,144;   0,1643;  108,144;      0;     18;80;CTRC EMITIDO;11/09/26;;;35260907655407000287570020021436551007329245 ;          0,00;
RON;SAS027931-5; N;01/09/2026;31/12/2050;        1;            ;TIT  ;EXPRESSO RIO VERMELHO;EXPRESSO RIO VERMELHO;.3;EXPRESSO RIO VERMELHO TRANSPOR;RONDONOPOLIS;MT;01 ;         10,00;       0,01;    0,100;   0,0000;    0,100;      0;      1;80;CTRC EMITIDO;01/09/26;;; ;          0,00;
RON;SAS027963-3; N;03/09/2026;31/12/2050;      309;            ;TIT  ;EXPRESSO RIO VERMELHO;EXPRESSO RIO VERMELHO;.3;EXPRESSO RIO VERMELHO TRANSPOR;RONDONOPOLIS;MT;03 ;          0,01;       0,01; 2300,000;   0,0000; 2300,000;      0;     46;80;CTRC EMITIDO;03/09/26;;; ;          0,00;
RON;FND153343-6; N;09/09/2026;17/09/2026;   103532;            ;     ;MOBIGU COMERCIO DE MOVEIS LTDA;MOBIGU COMERCIO DE MOVEIS LTDA;B.;JESSIKA VIEIRA LEMES PIMENTA;RONDONOPOLIS;MT;02 ;        179,84;     181,82;   54,500;   0,1500;   54,500;      0;      1;  ;;        ; HOJE 08:00;FND000592-4;35260907655407000287570020021419261007299155 ;          0,00;
RON;FND153673-7; N;09/09/2026;17/09/2026;    12284;16036       ;     ;JULIANA GOMES ROSA;JULIANA GOMES ROSA;..;ALEXANDRE AUGUSTO DA SILVA CHA;RONDONOPOLIS;MT;02 ;      1.292,93;     479,73;   32,000;   0,7258;  217,740;      0;      2;  ;;        ; HOJE 08:00;FND000592-4;35260907655407000287570020021421931007304349 ;          0,00;
RON;FND153710-5; N;09/09/2026;22/09/2026;      229;            ;     ;VJ IND E COM DE MOVEIS LTDA;VJ IND E COM DE MOVEIS LTDA;B.;ROBERTA PEDERNEIRAS JORGE;CHAPADA DOS GUIMARAES;MT;009;      3.547,44;     541,30;   68,000;   0,7200;  216,000;      0;      2;  ;;        ; HOJE 08:00;FND000592-4;35260907655407000287570020021422591007305152 ;          0,00;
RON;VIX032934-7; N;08/09/2026;14/09/2026;  3307661;29133647    ;     ;BELMICRO TECNOLOGIA S/A;BELMICRO TECNOLOGIA S/A;A.;GUSTAVO FAGOTTI BELLA FRONTE O;RONDONOPOLIS;MT;02 ;      3.608,90;     180,51;   47,600;   0,3579;   96,633;      0;      2;  ;;        ; HOJE 13:01;VIX000375-1;32260907655407001844570010000341671007290200 ;          0,00;
RON;VIX032935-5; N;08/09/2026;14/09/2026;  3307660;29133648    ;     ;BELMICRO TECNOLOGIA S/A;BELMICRO TECNOLOGIA S/A;A.;GUSTAVO FAGOTTI BELLA FRONTE O;RONDONOPOLIS;MT;02 ;      3.608,90;     180,51;   47,600;   0,3579;   96,633;      0;      2;  ;;        ; HOJE 13:01;VIX000375-1;32260907655407001844570010000341721007290251 ;          0,00;
RON;VIX032936-3; N;08/09/2026;14/09/2026;  3307658;29133650    ;     ;BELMICRO TECNOLOGIA S/A;BELMICRO TECNOLOGIA S/A;A.;GUSTAVO FAGOTTI BELLA FRONTE O;RONDONOPOLIS;MT;02 ;      3.608,90;     180,51;   47,600;   0,3579;   96,633;      0;      2;  ;;        ; HOJE 13:01;VIX000375-1;32260907655407001844570010000341691007290221 ;          0,00;
RON;VIX032937-1; N;08/09/2026;14/09/2026;  3307659;29133649    ;     ;BELMICRO TECNOLOGIA S/A;BELMICRO TECNOLOGIA S/A;A.;GUSTAVO FAGOTTI BELLA FRONTE O;RONDONOPOLIS;MT;02 ;      3.608,90;     180,51;   47,600;   0,3579;   96,633;      0;      2;  ;;        ; HOJE 13:01;VIX000375-1;32260907655407001844570010000341741007290272 ;          0,00;
RON;VIX032938-0; N;08/09/2026;14/09/2026;  3307655;29133653    ;     ;BELMICRO TECNOLOGIA S/A;BELMICRO TECNOLOGIA S/A;A.;GUSTAVO FAGOTTI BELLA FRONTE O;RONDONOPOLIS;MT;02 ;      3.608,90;     180,51;   47,600;   0,3579;   96,633;      0;      2;  ;;        ; HOJE 13:01;VIX000375-1;32260907655407001844570010000341711007290246 ;          0,00;
RON;VIX032939-8; N;08/09/2026;14/09/2026;  3307656;29133652    ;     ;BELMICRO TECNOLOGIA S/A;BELMICRO TECNOLOGIA S/A;A.;GUSTAVO FAGOTTI BELLA FRONTE O;RONDONOPOLIS;MT;02 ;      3.608,90;     180,51;   47,600;   0,3579;   96,633;      0;      2;  ;;        ; HOJE 13:01;VIX000375-1;32260907655407001844570010000341761007290293 ;          0,00;
RON;VIX032940-1; N;08/09/2026;14/09/2026;  3307654;29133654    ;     ;BELMICRO TECNOLOGIA S/A;BELMICRO TECNOLOGIA S/A;A.;GUSTAVO FAGOTTI BELLA FRONTE O;RONDONOPOLIS;MT;02 ;      3.608,90;     180,51;   47,600;   0,3579;   96,633;      0;      2;  ;;        ; HOJE 13:01;VIX000375-1;32260907655407001844570010000341731007290267 ;          0,00;
RON;VIX032941-0; N;08/09/2026;14/09/2026;  3307653;29133655    ;     ;BELMICRO TECNOLOGIA S/A;BELMICRO TECNOLOGIA S/A;A.;GUSTAVO FAGOTTI BELLA FRONTE O;RONDONOPOLIS;MT;02 ;      3.608,90;     180,51;   47,600;   0,3579;   96,633;      0;      2;  ;;        ; HOJE 13:01;VIX000375-1;32260907655407001844570010000341781007290310 ;          0,00;
RON;VIX032944-4; N;08/09/2026;14/09/2026;  3307298;29132909    ;     ;BELMICRO TECNOLOGIA S/A;BELMICRO TECNOLOGIA S/A;A.;ATILA PEREIRA NULL;RONDONOPOLIS;MT;787;      1.540,89;     193,00;   31,000;   0,4355;  117,585;      0;      1;  ;;        ; HOJE 13:01;VIX000375-1;32260907655407001844570010000341771007290304 ;          0,00;
RON;VIX032973-8; N;08/09/2026;14/09/2026;  3310753;29140974    ;     ;BELMICRO TECNOLOGIA S/A;BELMICRO TECNOLOGIA S/A;A.;JHEYTHON SANTANA NULL;RONDONOPOLIS;MT;02 ;      4.257,79;     331,11;   64,430;   0,7799;  210,573;      0;      1;  ;;        ; HOJE 13:01;VIX000375-1;32260907655407001844570010000342071007290607 ;          0,00;
RON;VIX033025-6; N;08/09/2026;15/09/2026;  3314438;29153888    ;     ;BELMICRO TECNOLOGIA S/A;BELMICRO TECNOLOGIA S/A;A.;VERONICA ZEFERINO REIS NULL;RONDONOPOLIS;MT;03 ;      1.391,01;     162,88;   30,000;   0,3413;   92,151;      0;      1;  ;;        ; HOJE 13:01;VIX000375-1;32260907655407001844570010000341611007290142 ;          0,00;
RON;VIX033045-1; N;08/09/2026;15/09/2026;  3315180;29156746    ;     ;BELMICRO TECNOLOGIA S/A;BELMICRO TECNOLOGIA S/A;A.;ADELAINE DE OLIVEIRA SILVA NUL;RONDONOPOLIS;MT;02 ;      1.984,00;     213,70;   40,000;   0,4903;  132,381;      0;      1;  ;;        ; HOJE 13:01;VIX000375-1;32260907655407001844570010000341591007290128 ;          0,00;
RON;VIX033053-1; N;08/09/2026;15/09/2026;   983054;            ;     ;WEBCONTINENTAL LTDA;WEBCONTINENTAL LTDA;A1;FABIO LEAL;RONDONOPOLIS;MT;03 ;      2.588,36;     169,19;   30,100;   0,2200;   44,000;      0;      2;  ;;        ; HOJE 13:01;VIX000375-1;32260907655407001844570010000340241007288521 ;          0,00;
RON;VIX033249-6; N;09/09/2026;16/09/2026;    37012;            ;     ;UNIQUE RUBBER TECHNOLOGIES LTD;UNIQUE RUBBER TECHNOLOGIES LTD;..;P.CANDIDO DOS SANTOS - ME;RONDONOPOLIS;MT;787;      2.392,96;     266,78;  104,080;   0,3063;  104,080;      0;     10;  ;;        ; HOJE 13:01;VIX000375-1;32260907655407001844570010000342961007300955 ;          0,00;
RON;VIX033410-3; N;10/09/2026;17/09/2026;    37006;            ;     ;UNIQUE RUBBER TECHNOLOGIES LTD;UNIQUE RUBBER TECHNOLOGIES LTD;..;AUGUSTO VINICIUS CASSIMIRO BAR;RONDONOPOLIS;MT;02 ;        246,01;     256,97;   10,700;   0,0612;   18,360;      0;      2;  ;;        ; HOJE 13:01;VIX000375-1;32260907655407001844570010000344121007317549 ;          0,00;
ROT;VIX032851-1; N;04/09/2026;17/09/2026;  3306058;29129660    ;     ;BELMICRO TECNOLOGIA S/A;BELMICRO TECNOLOGIA S/A;A.;THAYNARA NAO INFORMADO NULL;ALTO ARAGUAIA;MT;ROT;        335,40;     100,60;    8,550;   0,1176;   31,752;      0;      1;83;CHEGADA NA UNIDADE INTERMEDIARIA ;10/09/26;;VIX000373-5;32260907655407001844570010000339991007273520 ;         40,00;
ROT;SAO154390-3; N;10/09/2026;21/09/2026;     2377;            ;     ;GALERIA JUVENIL LTDA;GALERIA JUVENIL LTDA;C3;OAO PEDRO CARRILHO BARBOSA MEN;SANTA RITA DO ARAGUAIA;GO;RON;        100,00;     239,11;  117,000;   0,0750;  117,000;      0;      3;80;CTRC EMITIDO;10/09/26;;;35260907655407000287570020021434381007326570 ;         83,69;
ROT;SAO154827-1; N;11/09/2026;18/09/2026;  3052074;            ;     ;LORENZETTI SA INDS BRASILEIRAS;LORENZETTI SA INDS BRASILEIRAS;A2;CANOVA COMERCIO DE MATERIAIS P;ALTO GARCAS;MT;RON;      4.755,69;     162,85;  108,144;   0,1643;  108,144;      0;     18;80;CTRC EMITIDO;11/09/26;;;35260907655407000287570020021436451007329141 ;         48,86;
RVD;VIX032598-8; N;02/09/2026;11/09/2026;    81571;            ;     ;GUILHERME SOEHNCHEN FERRAMENTA;GUILHERME SOEHNCHEN FERRAMENTA;B.;INPASA AGROINDUSTRIAL S/A;RIO VERDE;GO;RVD;     23.374,80;   1.580,44;  318,950;   2,6040;  781,200;      0;      7;83;CHEGADA NA UNIDADE INTERMEDIARIA ;10/09/26;;VIX000373-5;32260907655407001844570010000335851007240462 ;          0,00;
RVD;VIX032884-7; N;04/09/2026;15/09/2026;   118350;            ;     ;FRIGELAR COMERCIO E INDUSTRIA ;FRIGELAR COMERCIO E INDUSTRIA ;A1;MARCHIO E OLIVEIRA LTDA;RIO VERDE;GO;RVD;      5.596,11;     194,98;   48,000;   0,0363;   48,000;      0;      1;83;CHEGADA NA UNIDADE INTERMEDIARIA ;10/09/26;;VIX000373-5;32260907655407001844570010000338961007272267 ;          0,00;
RVD;VIX032911-8; N;04/09/2026;15/09/2026;  2848235;            ;     ;WEBCONTINENTAL LTDA;WEBCONTINENTAL LTDA;A1;JAILTON DA PAZ CABRAL;RIO VERDE;GO;RVD;      1.843,99;     125,49;   27,500;   0,1800;   36,000;      0;      2;83;CHEGADA NA UNIDADE INTERMEDIARIA ;10/09/26;;VIX000373-5;32260907655407001844570010000339301007272627 ;          0,00;
RVD;SAO153439-4; N;09/09/2026;16/09/2026;    28017;1000008446- ;     ;OLIVERPLAST INDUSTRIA E COMERC;MEGATECNOLOGIA IMPLEMENTOS ROD;B3;MEGATECNOLOGIA IMPLEMENTOS ROD;RIO VERDE;GO;RVD;      1.624,81;     119,12;   25,000;   0,1904;   57,120;      0;      1;80;CTRC EMITIDO;09/09/26;;;35260907655407000287570020021424231007310227 ;          0,00;
RVD;SAO154231-1; N;10/09/2026;17/09/2026;    20436;            ;     ;RENATO CAETANO - ME;SINERGIA IND MONT ELETRICAS LT;C.;SINERGIA IND MONT ELETRICAS LT;RIO VERDE;GO;RVD;     11.676,98;   1.154,39;  930,000;   2,3292;  930,000;      0;     30;80;CTRC EMITIDO;10/09/26;;;35260907655407000287570020021433951007326148 ;          0,00;
RVD;SAO154301-6; N;10/09/2026;17/09/2026;  1389253;109223806   ;     ;BRS SP SUPRIMENTOS CORPORATIVO;BRS SP SUPRIMENTOS CORPORATIVO;A1;DECIO TRANSPORTADORA RETALHIST;RIO VERDE;GO;RVD;      1.540,38;     257,99;  225,160;   0,7791;  225,160;      0;     29;80;CTRC EMITIDO;10/09/26;;;35260907655407000287570020021433641007325765 ;          0,00;
RVD;SAO154847-6; N;11/09/2026;18/09/2026;  3052120;            ;     ;LORENZETTI SA INDS BRASILEIRAS;LORENZETTI SA INDS BRASILEIRAS;A2;TAKEMOTO E TODA LTDA ME;ACREUNA;GO;ACU;      5.087,40;     207,41;   39,765;   0,4931;  123,275;      0;     11;80;CTRC EMITIDO;11/09/26;;;35260907655407000287570020021436631007329328 ;          0,00;
RVD;SAO154863-8; N;11/09/2026;17/09/2026;  3052152;            ;     ;LORENZETTI SA INDS BRASILEIRAS;LORENZETTI SA INDS BRASILEIRAS;A2;J. CRUZEIRO DA COSTA E CIA LTD;RIO VERDE;GO;RVD;      2.993,52;     110,24;   14,434;   0,1074;   26,850;      0;      4;80;CTRC EMITIDO;11/09/26;;;35260907655407000287570020021436791007329484 ;          0,00;
RVD;SAS027997-8; N;08/09/2026;31/12/2050;      809;            ;TIT  ;EXPRESSO RIO VERMELHO;EXPRESSO RIO VERMELHO;.3;EXPRESSO COMPANHEIRO TRANSP RO;RIO VERDE;GO;RVD;          0,01;       0,01;    1,000;   0,0000;    1,000;      0;      1;80;CTRC EMITIDO;08/09/26;;; ;          0,00;
RVD;VIX033088-4; N;08/09/2026;16/09/2026;   983990;            ;     ;WEBCONTINENTAL LTDA;WEBCONTINENTAL LTDA;A1;PEDRO GABRIEL GOMES DE OLIVEIR;RIO VERDE;GO;RVD;      2.281,03;     128,97;   30,100;   0,2200;   44,000;      0;      2;  ;;        ; HOJE 13:01;VIX000375-1;32260907655407001844570010000340591007288870 ;          0,00;
RVD;VIX033108-2; N;08/09/2026;17/09/2026;   984812;            ;     ;WEBCONTINENTAL LTDA;WEBCONTINENTAL LTDA;A1;MAURICIO MARTINS DO PRADO;QUIRINOPOLIS;GO;QUI;      2.414,75;     130,02;   36,800;   0,2200;   44,000;      0;      2;  ;;        ; HOJE 13:01;VIX000375-1;32260907655407001844570010000340791007289070 ;          0,00;
RVD;VIX033172-4; N;08/09/2026;17/09/2026;  2851538;            ;     ;WEBCONTINENTAL LTDA;WEBCONTINENTAL LTDA;A1;VILMONDES MONTEIRO DE OLIVEIRA;SANTA HELENA DE GOIAS;GO;SAH;      3.087,62;     135,38;   34,700;   0,2200;   44,000;      0;      2;  ;;        ; HOJE 13:01;VIX000375-1;32260907655407001844570010000341401007289683 ;          0,00;
RVD;VIX033176-7; N;08/09/2026;16/09/2026;  2851903;            ;     ;WEBCONTINENTAL LTDA;WEBCONTINENTAL LTDA;A1;LUIZ AUGUSTO GONCALVES FERREIR;RIO VERDE;GO;RVD;      2.008,73;     126,80;   27,500;   0,1800;   36,000;      0;      2;  ;;        ; HOJE 13:01;VIX000375-1;32260907655407001844570010000341441007289720 ;          0,00;
SAL;CAS009280-1; N;10/07/2026;31/12/2050;      205;            ;FCA  ;EXPRESSO RIO VERMELHO TRANSPOR;EXPRESSO RIO VERMELHO TRANSPOR;..;EXPRESSO RIO VERMELHO;GUARULHOS;SP;001;          0,01;       0,01;  300,000;   0,0000;  300,000;      0;      1;50;FALTA DE MERCADORIA;17/07/26;;CAM027290-6; ;          0,00;
SAL;CAS009282-7; N;10/07/2026;31/12/2050;      168;            ;FCA  ;EXPRESSO RIO VERMELHO TRANSPOR;EXPRESSO RIO VERMELHO TRANSPOR;..;EXPRESSO RIO VERMELHO;GUARULHOS;SP;001;          0,01;       0,01;   50,000;   0,0000;   50,000;      0;      1;50;FALTA DE MERCADORIA;17/07/26;;CAM027290-6; ;          0,00;
SAL;GYS014260-3; N;09/01/2026;31/12/2050;    60085;            ;TNL  ;EXPRESSO RIO VERMELHO TRANSP L;EXPRESSO RIO VERMELHO TRANSP L;..;EXPRESSO RIO VERMELHO;GUARULHOS;SP;001;          0,01;       0,01;    0,010;   0,0100;    3,000;      0;      1;83;CHEGADA NA UNIDADE INTERMEDIARIA ;23/06/26;;GYN023037-5; ;          0,00;
SAL;PMS000381-6; N;21/07/2026;31/12/2050;    18165;            ;YHKWQ;SENDAS DISTRIBUIDORA S/A;EXPRESSO RIO VERMELHO TRANSP L;..;LINEA ALIMENTOS IND E COM S/A;GUARULHOS;SP;001;         29,61;       0,01;    0,370;   0,0000;    0,370;      2;      2;51;SOBRA DE MERCADORIA;07/08/26;;GYN023512-1; ;          0,00;
SAL;BSS002120-2; N;14/08/2026;31/12/2050;   204205;            ;FCA  ;EXPRESSO RIO VERMELHO TRANSPOR;EXPRESSO RIO VERMELHO TRANSPOR;..;EXPRESSO RIO VERMELHO;GUARULHOS;SP;001;          0,01;       0,01;   20,000;   0,0000;   20,000;      2;      2;83;CHEGADA NA UNIDADE INTERMEDIARIA ;24/08/26;;GYN023717-5; ;          0,00;
SAL;GYS015589-6; N;31/08/2026;31/12/2050;    15594*;            ;UNI  ;EXPRESSO RIO VERMELHO TRANSP L;EXPRESSO RIO VERMELHO TRANSP L;..;EXPRESSO RIO VERMELHO;GUARULHOS;SP;001;          0,02;       0,01;    0,110;   0,0000;    0,110;      0;      3;83;CHEGADA NA UNIDADE INTERMEDIARIA ;04/09/26;;GYN023845-7; ;          0,00;
SAL;GYS015590-0; N;31/08/2026;31/12/2050;  2793238;            ;UNI  ;EXPRESSO RIO VERMELHO TRANSP L;EXPRESSO RIO VERMELHO TRANSP L;..;EXPRESSO RIO VERMELHO;GUARULHOS;SP;001;          0,01;       0,01;    4,000;   0,0000;    4,000;      0;      2;83;CHEGADA NA UNIDADE INTERMEDIARIA ;04/09/26;;GYN023845-7; ;          0,00;
SAL;GYS015591-8; N;31/08/2026;31/12/2050;    92072;            ;UNI  ;EXPRESSO RIO VERMELHO TRANSP L;EXPRESSO RIO VERMELHO TRANSP L;..;EXPRESSO RIO VERMELHO;GUARULHOS;SP;001;          0,01;       0,01;    0,010;   0,3010;   90,300;      0;      1;83;CHEGADA NA UNIDADE INTERMEDIARIA ;04/09/26;;GYN023845-7; ;          0,00;
SAL;GYS015593-4; N;31/08/2026;31/12/2050;   366612;            ;UNI  ;EXPRESSO RIO VERMELHO TRANSP L;EXPRESSO RIO VERMELHO TRANSP L;..;EXPRESSO RIO VERMELHO;GUARULHOS;SP;001;          0,01;       0,01;    0,010;   0,0100;    3,000;      0;      1;83;CHEGADA NA UNIDADE INTERMEDIARIA ;04/09/26;;GYN023845-7; ;          0,00;
SAL;GYS015606-0; N;01/09/2026;31/12/2050;    89189;            ;UNI  ;EXPRESSO RIO VERMELHO TRANSP L;EXPRESSO RIO VERMELHO TRANSP L;..;EXPRESSO RIO VERMELHO;GUARULHOS;SP;001;          0,01;       0,01;    0,010;   0,0100;    3,000;      0;      1;83;CHEGADA NA UNIDADE INTERMEDIARIA ;04/09/26;;GYN023845-7; ;          0,00;
SAL;GYS015685-0; N;09/09/2026;31/12/2050;    90926;            ;UNI  ;EXPRESSO RIO VERMELHO TRANSP L;EXPRESSO RIO VERMELHO TRANSP L;..;EXPRESSO RIO VERMELHO;GUARULHOS;SP;001;          1,00;       0,01;    1,000;   0,0100;    3,000;      0;      1;83;CHEGADA NA UNIDADE INTERMEDIARIA ;10/09/26;;GYN023938-1; ;          0,00;
SAL;VIS000036-1; N;23/06/2026;31/12/2050;   167698*;            ;VIX  ;EXPRESSO RIO VERMELHO TRANSPOR;EXPRESSO RIO VERMELHO TRANSPOR;..;EXPRESSO RIO VERMELHO;GUARULHOS;SP;001;          0,16;       0,01;  740,000;   8,9000; 2670,000;     26;     26;83;CHEGADA NA UNIDADE INTERMEDIARIA ;27/06/26;;VIX000295-0; ;          0,00;
SAL;VIS000040-0; N;01/07/2026;31/12/2050;  1283598*;            ;VIX  ;EXPRESSO RIO VERMELHO TRANSPOR;EXPRESSO RIO VERMELHO TRANSPOR;..;EXPRESSO RIO VERMELHO;GUARULHOS;SP;001;          0,01;       0,01;    1,000;   0,0000;    1,000;     17;     17;83;CHEGADA NA UNIDADE INTERMEDIARIA ;02/07/26;;VIX000299-2; ;          0,00;
SAL;SAS027879-3; N;27/08/2026;31/12/2050;   270826;            ;TIT  ;EXPRESSO RIO VERMELHO;EXPRESSO RIO VERMELHO;.3;EXPRESSO RIO VERMELHO;GUARULHOS;SP;001;     20.868,00;       0,01; 4520,000;   0,0000; 4520,000;      0;      4;80;CTRC EMITIDO;27/08/26;;; ;          0,00;
SAL;CGS002721-9; N;31/08/2026;31/12/2050;   689700;            ;DRD  ;EXPRESSO RIO VERMELHO - CGD;EXPRESSO RIO VERMELHO - CGD;.3;EXPRESSO RIO VERMELHO TRANSPOR;GUARULHOS;SP;001;          0,01;       0,01;   10,000;   0,0000;   10,000;      0;      2;  ;;        ; HOJE 15:59;CGD008599-5; ;          0,00;
SIN;FRA151782-1; N;04/09/2026;21/09/2026;   328728;            ;     ;HARUS IND E COM DE COSMETICOS;HARUS IND E COM DE COSMETICOS;B.;JHONATAN L W F FRUETT LTDA;SINOP;MT;001;        574,36;     131,96;    8,750;   0,0000;    8,750;      1;      1;83;CHEGADA NA UNIDADE INTERMEDIARIA ;08/09/26;;FRA001750-7;35260907655407000287570020021401541007272776 ;          0,00;
SIN;FRA151797-0; N;04/09/2026;21/09/2026;     1778;            ;     ;SV COMERCIO VAREJISTA CENTRAL ;FERNANDA PEREIRA DE LIMA;C.;FERNANDA PEREIRA DE LIMA;SINOP;MT;001;      4.000,08;     324,60;   60,000;   0,8830;  264,900;      7;      7;83;CHEGADA NA UNIDADE INTERMEDIARIA ;08/09/26;;FRA001750-7;35260907655407000287570020021401621007273561 ;          0,00;
SIN;FRA151814-3; N;04/09/2026;21/09/2026;  4386376;MERCADO_LIVR;     ;PALACIO DAS FERRAMENTAS E PARA;PALACIO DAS FERRAMENTAS E PARA;A.;PLATANO EMPREENDIMENTOS;SINOP;MT;001;      3.968,00;     185,00;   68,000;   0,2203;   68,000;      1;      1;83;CHEGADA NA UNIDADE INTERMEDIARIA ;08/09/26;;FRA001750-7;35260907655407000287570020021401661007273633 ;          0,00;
SIN;UDI034034-1; N;03/09/2026;16/09/2026;    22847;            ;     ;DEPILE PLUS COSMETICOS LTDA;DEPILE PLUS COSMETICOS LTDA;.2;VICANNA SERV. DE DEPILACAO E E;SINOP;MT;001;      4.694,40;     368,53;  279,024;   0,8880;  279,024;     35;     35;83;CHEGADA NA UNIDADE INTERMEDIARIA ;10/09/26;;UDI002589-5;31260907655407001097570100000563421007251106 ;          0,00;
SIN;VIX032732-8; N;03/09/2026;18/09/2026;      236;            ;     ;INOVARE TECNOLOGIA LTDA;GERSON XAVIER DE FARIAS 396349;C.;GERSON XAVIER DE FARIAS 396349;SINOP;MT;001;      4.944,00;     412,67;  110,000;   0,0765;  110,000;     17;     17;83;CHEGADA NA UNIDADE INTERMEDIARIA ;09/09/26;;VIX000372-7;32260907655407001844570010000338571007258460 ;          0,00;
SIN;VIX032733-6; N;03/09/2026;18/09/2026;      231;            ;     ;RF COMERCIO ATACADISTA LTDA;GERSON XAVIER DE FARIAS 396349;C.;GERSON XAVIER DE FARIAS 396349;SINOP;MT;001;     11.750,40;     898,72;  210,800;   0,1755;  210,800;     39;     39;83;CHEGADA NA UNIDADE INTERMEDIARIA ;09/09/26;;VIX000372-7;32260907655407001844570010000338521007258413 ;          0,00;
SIN;VIX032794-8; N;04/09/2026;21/09/2026;  3303413;29119350    ;     ;BELMICRO TECNOLOGIA S/A;BELMICRO TECNOLOGIA S/A;A.;UATUMA EMPREENDIMENTO IMOBILIA;SINOP;MT;001;     21.601,04;   2.387,45;  376,000;   4,9686; 1341,522;      0;      4;83;CHEGADA NA UNIDADE INTERMEDIARIA ;10/09/26;;VIX000373-5;32260907655407001844570010000339471007273000 ;          0,00;
SIN;SAO152192-6; N;08/09/2026;18/09/2026;  1382666*;109197256   ;     ;BRS SP SUPRIMENTOS CORPORATIVO;BRS SP SUPRIMENTOS CORPORATIVO;A1;LOJAS AVENIDA SA;PEIXOTO DE AZEVEDO;MT;005;      3.855,44;     298,66;  119,680;   0,4140;  119,680;      0;     23;80;CTRC EMITIDO;08/09/26;;;35260907655407000287570020021413511007292258 ;          0,00;
SIN;SAO152250-7; N;09/09/2026;17/09/2026;  1385358;109201481   ;     ;BRS SP SUPRIMENTOS CORPORATIVO;BRS SP SUPRIMENTOS CORPORATIVO;A1;BANCO BRADESCO SA;SINOP;MT;001;        977,58;     191,43;   76,016;   0,2414;   76,016;      0;      9;80;CTRC EMITIDO;09/09/26;;;35260907655407000287570020021425091007311084 ;          0,00;
SIN;SAO152407-1; N;08/09/2026;21/09/2026;   381078;            ;     ;PLASTCOR DO BRASIL LTDA - SP;LUCIANE MULLER DIAS CIA LTDA M;C.;LUCIANE MULLER DIAS CIA LTDA M;GUARANTA DO NORTE;MT;004;     13.426,92;   2.164,82;  898,000;   4,8419; 1452,570;      0;     52;80;CTRC EMITIDO;08/09/26;;;35260907655407000287570020021412051007287221 ;          0,00;
SIN;SAO152426-7; N;08/09/2026;18/09/2026;   134744;P402301     ;     ;METALURGICA DELLA ROSA LTDA;DIPECARR DIST DE PECAS E ACESS;B.;DIPECARR DIST DE PECAS E ACESS;SINOP;MT;001;      3.906,56;     234,39;   85,150;   0,1633;   85,150;      0;      5;80;CTRC EMITIDO;08/09/26;;;35260907655407000287570020021410411007284929 ;          0,00;
SIN;SAO152461-5; N;08/09/2026;18/09/2026;    49269;            ;     ;J.L. URIARTE EIRELI EPP;TEM DE TUDO IMPORTADOS LTDA;B.;TEM DE TUDO IMPORTADOS LTDA;SINOP;MT;001;      5.954,64;     810,92;  166,562;   1,7817;  534,496;      0;     37;80;CTRC EMITIDO;08/09/26;;;35260907655407000287570020021410691007285217 ;          0,00;
SIN;SAO152479-8; N;08/09/2026;21/09/2026;     5074;            ;     ;CONEXFORT LTDA;CONEXFORT LTDA;B.;AGUAS DE MATUPA LTDA;MATUPA;MT;005;        979,00;     278,89;   12,000;   0,1536;   46,080;      0;      1;80;CTRC EMITIDO;08/09/26;;;35260907655407000287570020021411411007286315 ;          0,00;
SIN;SAO152485-2; N;08/09/2026;18/09/2026;     9360;            ;     ;DENSO DO BRASIL LTDA;MILLANO DISTRIBUIDORA DE AUTO;B.;MILLANO DISTRIBUIDORA DE AUTO;SINOP;MT;001;        432,92;     118,34;    4,000;   0,0898;   26,940;      0;      1;80;CTRC EMITIDO;08/09/26;;;35260907655407000287570020021413681007292425 ;          0,00;
SIN;SAO152524-7; N;09/09/2026;18/09/2026;  1383627;109202135   ;     ;BRS SP SUPRIMENTOS CORPORATIVO;BRS SP SUPRIMENTOS CORPORATIVO;A1;ATRIA COMERCIO DE VEICULOS LTD;SINOP;MT;001;        734,32;     111,71;   20,960;   0,1625;   20,960;      0;      6;80;CTRC EMITIDO;09/09/26;;;35260907655407000287570020021415761007295036 ;          0,00;
SIN;SAO152530-1; N;09/09/2026;18/09/2026;  1383811;109212300   ;     ;BRS SP SUPRIMENTOS CORPORATIVO;BRS SP SUPRIMENTOS CORPORATIVO;A1;LYRA COMERCIO DE VEICULOS LTDA;SINOP;MT;001;        946,13;     123,84;   39,490;   0,2350;   39,490;      0;      4;80;CTRC EMITIDO;09/09/26;;;35260907655407000287570020021415401007294665 ;          0,00;
SIN;SAO152584-1; N;08/09/2026;18/09/2026;     9359;            ;     ;DENSO DO BRASIL LTDA;MILLANO DISTRIBUIDORA DE AUTO;B.;MILLANO DISTRIBUIDORA DE AUTO;SINOP;MT;001;     11.104,38;     255,80;  106,291;   0,6141;  184,230;      0;     23;80;CTRC EMITIDO;08/09/26;;;35260907655407000287570020021413711007292455 ;          0,00;
SIN;SAO152672-3; N;08/09/2026;21/09/2026;     9967;            ;     ;TENASTEEL INDUSTRIA E COMERCIO;LCM COMERCIO DE FERRAGENS LTDA;B.;LCM COMERCIO DE FERRAGENS LTDA;MATUPA;MT;005;      3.880,68;     201,11;  149,160;   0,3230;  149,160;      0;     13;80;CTRC EMITIDO;08/09/26;;;35260907655407000287570020021414081007292821 ;          0,00;
SIN;SAO152924-2; N;09/09/2026;18/09/2026;  2030833*;            ;JNSLT;GAZIN ATACADO CENTRO OESTE LTD;IDH TRANSPORTES DE CARGAS LTDA;B.;HS INFORMATICA LTDA;SINOP;MT;001;      4.340,50;     149,84;   26,930;   0,1200;   36,000;      0;      6;  ;;        ;;;52260907655407000449570040001018641007303574 ;          0,00;
SIN;SAO153017-8; N;09/09/2026;21/09/2026;   304235;            ;     ;VOESTALPINE BOHLER WELDING SOL;LCM COMERCIO DE FERRAGENS LTDA;B.;LCM COMERCIO DE FERRAGENS LTDA;MATUPA;MT;005;      2.994,78;     256,78;   40,040;   0,0216;   40,040;      0;      2;80;CTRC EMITIDO;09/09/26;;;35260907655407000287570020021417021007296293 ;          0,00;
SIN;SAO153271-5; N;10/09/2026;22/09/2026;  1386271;109205238   ;     ;BRS SP SUPRIMENTOS CORPORATIVO;BRS SP SUPRIMENTOS CORPORATIVO;A1;BANCO BRADESCO SA;PEIXOTO DE AZEVEDO;MT;005;      1.059,25;     150,25;   62,040;   0,5311;   62,040;      0;      8;80;CTRC EMITIDO;10/09/26;;;35260907655407000287570020021430561007319252 ;          0,00;
SIN;SAO153283-9; N;10/09/2026;21/09/2026;  1387062;109219808   ;     ;BRS SP SUPRIMENTOS CORPORATIVO;BRS SP SUPRIMENTOS CORPORATIVO;A1;ITAU UNIBANCO S.A;SINOP;MT;001;        713,63;     111,54;   10,370;   0,0895;   10,370;      0;      4;80;CTRC EMITIDO;10/09/26;;;35260907655407000287570020021430331007318910 ;          0,00;
SIN;SAO153336-3; N;09/09/2026;22/09/2026;     1521;            ;     ;INGEBORG SPERBER EHMKE;R.J.MANTOVANI E MANTOVANI LTDA;C.;R.J.MANTOVANI E MANTOVANI LTDA;CLAUDIA;MT;007;      9.985,28;     481,20;  351,320;   0,1329;  351,320;      0;     18;80;CTRC EMITIDO;09/09/26;;;35260907655407000287570020021421231007303160 ;          0,00;
SIN;SAO153354-1; N;09/09/2026;21/09/2026;   215602*;            ;     ;DENSO DO BRASIL LTDA;MILLANO DISTRIBUIDORA DE AUTO;B.;MILLANO DISTRIBUIDORA DE AUTO;SINOP;MT;001;      1.010,85;     121,45;   10,130;   0,1264;   37,920;      0;      2;80;CTRC EMITIDO;09/09/26;;;35260907655407000287570020021419961007300417 ;          0,00;
SIN;SAO153408-4; N;09/09/2026;21/09/2026;    50754;            ;     ;USIMASTER PECAS DE PRECISAO LT;AM TRUCK PARTS ATACADISTA LTDA;C.;AM TRUCK PARTS ATACADISTA LTDA;SINOP;MT;001;     10.824,14;     341,82;   53,530;   0,2532;   75,960;      0;      4;80;CTRC EMITIDO;09/09/26;;;35260907655407000287570020021421391007303410 ;          0,00;
SIN;SAO153429-7; N;09/09/2026;21/09/2026;    59450;            ;     ;INDUSTRIA DE FORJADOS SAO ROMA;COMAGRAN MATO GROSSO CO;C.;COMAGRAN MATO GROSSO CO;SINOP;MT;001;     16.703,12;     702,40;  755,160;   0,3000;  755,160;      0;    120;80;CTRC EMITIDO;09/09/26;;;35260907655407000287570020021424201007310195 ;          0,00;
SIN;SAO153482-3; N;09/09/2026;22/09/2026;       36;            ;     ;MFQ PROTECAO RESPIRATORIA LTDA;LCM COMERCIO DE FERRAGENS LTDA;B.;LCM COMERCIO DE FERRAGENS LTDA;MATUPA;MT;005;      5.145,00;     318,04;   63,986;   0,8624;  258,718;      0;     15;80;CTRC EMITIDO;09/09/26;;;35260907655407000287570020021425061007311058 ;          0,00;
SIN;SAO153520-0; N;09/09/2026;21/09/2026;    13797;PEDX_0002702;     ;MASTERTOY IND E COM DE PLASTIC;TEM DE TUDO IMPORTADOS LTDA;B.;TEM DE TUDO IMPORTADOS LTDA;SINOP;MT;001;      3.038,31;     398,70;   33,040;   0,8465;  253,950;      0;     12;80;CTRC EMITIDO;09/09/26;;;35260907655407000287570020021424381007310378 ;          0,00;
SIN;SAO153526-9; N;10/09/2026;21/09/2026;   124853;2           ;     ;CAST METAIS E SOLDAS LTDA;MILLANO DISTRIBUIDORA DE AUTO;B.;MILLANO DISTRIBUIDORA DE AUTO;SINOP;MT;001;     12.265,80;     272,28;   84,000;   0,0220;   84,000;      0;      7;80;CTRC EMITIDO;10/09/26;;;35260907655407000287570020021426911007313367 ;          0,00;
SIN;SAO153809-8; N;10/09/2026;22/09/2026;     6975;1612027     ;     ;KINDAI COM E DISTR EIRELI;KINDAI COM E DISTR EIRELI;C.;COMERCIAL CARAPA DE SECOS E MO;MATUPA;MT;005;      4.367,28;     427,89;  142,200;   0,4884;  146,520;      0;     31;80;CTRC EMITIDO;10/09/26;;;35260907655407000287570020021426511007312934 ;          0,00;
SIN;SAO153833-1; N;10/09/2026;21/09/2026;      172;            ;     ;MAGOSER COMERCIAL E BAZAR LTDA;ISA COMERCIAL ATACADO E VAREJO;B.;ISA COMERCIAL ATACADO E VAREJO;SINOP;MT;001;      3.822,00;     953,06;  592,000;   0,9187;  592,000;      0;     15;80;CTRC EMITIDO;10/09/26;;;35260907655407000287570020021427431007313900 ;          0,00;
SIN;SAO153836-5; N;10/09/2026;21/09/2026;    14923;            ;     ;ANGUO GX COMERCIO IMPORTACAO E;TEM DE TUDO IMPORTADOS LTDA;B.;TEM DE TUDO IMPORTADOS LTDA;SINOP;MT;001;      8.331,28;     721,42;  300,000;   1,3500;  405,000;      0;      5;80;CTRC EMITIDO;10/09/26;;;35260907655407000287570020021427421007313899 ;          0,00;
SIN;SAO153842-0; N;10/09/2026;21/09/2026;     8081;            ;     ;WUNAX TELECOM COM. EQUI. TELEC;ISA COMERCIAL ATACADO E VAREJO;B.;ISA COMERCIAL ATACADO E VAREJO;SINOP;MT;001;      9.955,26;     938,42;  390,000;   1,8337;  550,110;      0;     19;80;CTRC EMITIDO;10/09/26;;;35260907655407000287570020021427461007313936 ;          0,00;
SIN;SAO153914-1; N;10/09/2026;21/09/2026;    45429;            ;     ;EPOCH MAGIA IMP DIST DE BRINQU;EPOCH MAGIA IMP DIST DE BRINQU;B.;MANA BRINQUEDOS LTDA;SINOP;MT;001;      4.110,27;     201,70;    9,515;   0,2160;   54,000;      0;      6;15;ENTREGA AGENDADA PELO CLIENTE;10/09/26;;;35260907655407000287570020021428041007314679 ;          0,00;
SIN;SAO154002-5; N;10/09/2026;23/09/2026;     5227;            ;     ;MMB DISTRIBUIDORA LTDA;THAYS MORESCO;C.;THAYS MORESCO;TERRA NOVA DO NORTE;MT;005;      2.523,70;     277,30;  195,840;   0,2702;  195,840;      0;     10;80;CTRC EMITIDO;10/09/26;;;35260907655407000287570020021430661007319399 ;          0,00;
SIN;SAO154106-4; N;10/09/2026;23/09/2026;   366600;341841      ;     ;METALURGICA FEY LTDA;R.J.MANTOVANI E MANTOVANI LTDA;C.;R.J.MANTOVANI E MANTOVANI LTDA;CLAUDIA;MT;007;      4.652,00;     313,34;  243,280;   0,2441;  243,280;      0;      2;80;CTRC EMITIDO;10/09/26;;;35260907655407000287570020021433851007326044 ;          0,00;
SIN;SAO154118-8; N;10/09/2026;21/09/2026;   340675;            ;     ;QUIMIDROL COMERCIO INDUSTRIA I;DISFER COM. E DIST. DE FERR. L;C.;DISFER COM. E DIST. DE FERR. L;SINOP;MT;001;      2.130,00;     173,00;   70,000;   0,1609;   70,000;      0;      7;80;CTRC EMITIDO;10/09/26;;;35260907655407000287570020021433841007326039 ;          0,00;
SIN;SAO154238-9; N;10/09/2026;23/09/2026;    63204;            ;     ;A C GARCIA COM E IND DE EMBAL;A C GARCIA COM E IND DE EMBAL;C.;MARIA HELENA SIQUEIRA DOS SANT;GUARANTA DO NORTE;MT;004;      3.091,13;     557,49;  198,530;   0,7307;  219,210;      0;     13;80;CTRC EMITIDO;10/09/26;;;35260907655407000287570020021433261007325381 ;          0,00;
SIN;SAO154241-9; N;10/09/2026;23/09/2026;    63195;            ;     ;A C GARCIA COM E IND DE EMBAL;A C GARCIA COM E IND DE EMBAL;C.;COMERCIAL CARAPA DE SECOS E MO;MATUPA;MT;005;      2.711,87;     554,05;  218,650;   0,7301;  219,030;      0;     16;80;CTRC EMITIDO;10/09/26;;;35260907655407000287570020021433491007325610 ;          0,00;
SIN;SAO154252-4; N;10/09/2026;21/09/2026;    32967;6586        ;     ;ECOPER QUIMICA LTDA;ECOPER QUIMICA LTDA;C.;CLINICA DE TRATAMENTO RENAL DO;SINOP;MT;001;      8.391,49;     470,72;  453,497;   0,8024;  453,497;      0;     41;80;CTRC EMITIDO;10/09/26;;;35260907655407000287570020021431271007320785 ;          0,00;
SIN;SAO154260-5; N;11/09/2026;21/09/2026;  1383576*;109195696   ;     ;BRS SP SUPRIMENTOS CORPORATIVO;BRS SP SUPRIMENTOS CORPORATIVO;A1;LOJAS AVENIDA S.A;SINOP;MT;001;      4.305,97;     381,08;  176,060;   0,6461;  176,060;      0;     28;80;CTRC EMITIDO;11/09/26;;;35260907655407000287570020021435331007327720 ;          0,00;
SIN;SAO154276-1; N;11/09/2026;21/09/2026;  1388528;109195789   ;     ;BRS SP SUPRIMENTOS CORPORATIVO;BRS SP SUPRIMENTOS CORPORATIVO;A1;LOJAS AVENIDA;SINOP;MT;001;        898,47;     123,43;   44,473;   0,2483;   44,473;      0;      7;80;CTRC EMITIDO;11/09/26;;;35260907655407000287570020021435161007327559 ;          0,00;
SIN;SAO154313-0; N;11/09/2026;21/09/2026;    13990;            ;ECPSP;CONSTAMED EQUIPAMENTOS HOSPITA;HB TRANSPORTES E LOGISTICA LTD;A.;FUND APOIO DESEV DA UNIV FED D;SINOP;MT;001;        770,10;     151,70;    7,500;   0,0990;   29,700;      0;      1;80;CTRC EMITIDO;11/09/26;;;35260907655407000287570020021435531007327986 ;          0,00;
SIN;SAO154396-2; N;10/09/2026;21/09/2026;      195;            ;     ;XJL COMERCIO E IMPORTACAO LTDA;TEM DE TUDO IMPORTADOS LTDA;B.;TEM DE TUDO IMPORTADOS LTDA;SINOP;MT;001;        900,00;     321,83;  160,000;   0,4350;  160,000;      0;      4;80;CTRC EMITIDO;10/09/26;;;35260907655407000287570020021434291007326482 ;          0,00;
SIN;SAO154447-1; N;10/09/2026;21/09/2026;      902;            ;     ;JLG SERVICO E COMERCIO LTDA;ELER DE SOUZA E CIA LTDA;C.;ELER DE SOUZA E CIA LTDA;SINOP;MT;001;      2.660,90;     147,13;   59,890;   0,3230;   96,900;      0;      3;80;CTRC EMITIDO;10/09/26;;;35260907655407000287570020021432641007324658 ;          0,00;
SIN;SAO154477-2; N;10/09/2026;21/09/2026;    15526;22300282    ;     ;V. GOMES DA SILVA DISTRIBUIDOR;V. GOMES DA SILVA DISTRIBUIDOR;C.;SENDAS DISTRIBUIDORA S/A;SINOP;MT;001;      7.002,66;     945,03;  417,640;   1,0585;  417,640;      0;     43;80;CTRC EMITIDO;10/09/26;;;35260907655407000287570020021432631007324642 ;          0,00;
SIN;SAO154571-0; N;10/09/2026;21/09/2026;     5436;            ;     ;A2 - COMERCIO DE ADESIVOS LTDA;DISFER COM. E DIST. DE FERR. L;C.;DISFER COM. E DIST. DE FERR. L;SINOP;MT;001;      3.735,00;     574,03;  326,200;   0,7019;  326,200;      0;     44;80;CTRC EMITIDO;10/09/26;;;35260907655407000287570020021433061007325184 ;          0,00;
SIN;SAO154580-9; N;10/09/2026;21/09/2026;   359798*;4500139173  ;     ;COPABO IND E COM DE PRODUTOS T;COPABO IND E COM DE PRODUTOS T;B.;CENTRAIS ELETRICAS DO NORTE DO;SINOP;MT;001;      4.044,15;     210,89;   43,020;   0,2683;   80,490;      0;      5;80;CTRC EMITIDO;10/09/26;;;35260907655407000287570020021432921007325047 ;          0,00;
SIN;SAO154607-4; N;11/09/2026;21/09/2026;     6836;            ;     ;KAIPITAN COMERCIO DE ARTIGOS D;TEM DE TUDO IMPORTADOS LTDA;B.;TEM DE TUDO IMPORTADOS LTDA;SINOP;MT;001;        720,00;     493,91;  136,760;   0,9552;  286,560;      0;      3;80;CTRC EMITIDO;11/09/26;;;35260907655407000287570020021435361007327756 ;          0,00;
SIN;SAO154615-5; N;10/09/2026;21/09/2026;    53309*;063005      ;     ;ETILUX IMP E DISTR DE ARTIGOS ;ETILUX IMP E DISTR DE ARTIGOS ;A.;L H MONTEIRO LTDA;SINOP;MT;001;      6.311,63;     280,80;   44,140;   0,3900;  117,000;      0;      8;80;CTRC EMITIDO;10/09/26;;;35260907655407000287570020021434211007326409 ;          0,00;
SIN;SAO154653-8; N;10/09/2026;23/09/2026;   394494;            ;     ;MOAS IND E COM IMP E EXP LTDA;MOAS IND E COM IMP E EXP LTDA;A3;M G DROGARIA LTDA - ME;MATUPA;MT;005;      3.949,52;     155,54;    5,496;   0,0970;   29,100;      0;      1;80;CTRC EMITIDO;10/09/26;;;35260907655407000287570020021434241007326435 ;          0,00;
SIN;SAO154884-1; N;11/09/2026;21/09/2026;  3052203;            ;     ;LORENZETTI SA INDS BRASILEIRAS;LORENZETTI SA INDS BRASILEIRAS;A2;RONTA COMERCIAL LTDA;SINOP;MT;001;     24.084,33;     877,92;  186,805;   2,1163;  529,075;      0;     45;80;CTRC EMITIDO;11/09/26;;;35260907655407000287570020021437021007329719 ;          0,00;
SIN;PPY014126-7; N;09/09/2026;23/09/2026;     2043;            ;     ;ALOOZ COMUNICACAO VISUAL LTDA;ALOOZ COMUNICACAO VISUAL LTDA;B.;ARCOS DOURADOS COMERCIO DE ALI;SINOP;MT;785;     32.147,85;       0,00;  128,900;   0,0000;  128,900;      0;      7;82;SAIDA DE UNIDADE;09/09/26;09/09 22:00;PPY002467-8;31260930296133000118570010000145051000212471 ;          0,00;
SIN;FND151373-7; N;04/09/2026;21/09/2026;        1;            ;     ;ADRIANA CRISTINA CAMARGO;ADRIANA CRISTINA CAMARGO;..;VALQUIRIA TESTI DA CRUZ (VALTE;SINOP;MT;001;      2.399,00;     334,92;   65,000;   0,4470;  134,100;      0;      3;  ;;        ; HOJE 08:00;FND000592-4;35260907655407000287570020021397841007265256 ;          0,00;
SIN;FND151768-6; N;04/09/2026;21/09/2026;     4628;            ;     ;PRATIQUE E-COMMERCE LTDA;PRATIQUE E-COMMERCE LTDA;C.;KETHELLY NATHALIA SILVA DE FRA;SINOP;MT;001;        413,65;     270,30;   65,000;   0,2000;   65,000;      0;      2;  ;;        ; HOJE 08:00;FND000592-4;35260907655407000287570020021401401007272053 ;          0,00;
SIN;FND152840-8; N;08/09/2026;21/09/2026;     7935;            ;     ;LJ INDUSTRIA E COMERCIO DE MOV;LJ INDUSTRIA E COMERCIO DE MOV;C.;CLEICILEIA SANTOS AGUIAR;SINOP;MT;001;        292,33;     270,67;   41,000;   0,1200;   41,000;      0;      3;  ;;        ; HOJE 08:00;FND000592-4;35260907655407000287570020021412471007288058 ;          0,00;
SIN;VIX032967-3; N;08/09/2026;21/09/2026;  3308526;29135608    ;     ;BELMICRO TECNOLOGIA S/A;BELMICRO TECNOLOGIA S/A;A.;ROSIMEIRE ALBARRACIN GONCALVES;SINOP;MT;001;      1.428,90;     209,44;   29,000;   0,3853;  104,031;      0;      1;  ;;        ; HOJE 13:01;VIX000375-1;32260907655407001844570010000342011007290549 ;          0,00;
SIN;VIX032974-6; N;08/09/2026;22/09/2026;  3311792;29143295    ;     ;BELMICRO TECNOLOGIA S/A;BELMICRO TECNOLOGIA S/A;A.;JESSICA JESIELE HOBOLD NULL;NOVO MUNDO;MT;004;      1.342,17;     592,40;   26,280;   0,2065;   55,755;      0;      1;  ;;        ; HOJE 13:01;VIX000375-1;32260907655407001844570010000342101007290637 ;          0,00;
SIN;VIX032980-1; N;08/09/2026;21/09/2026;  3308044;29134509    ;     ;BELMICRO TECNOLOGIA S/A;BELMICRO TECNOLOGIA S/A;A.;MOBILIDADE ZERO CARBONO NULL;SINOP;MT;001;        739,71;     171,18;   33,600;   0,2772;   74,844;      0;      2;  ;;        ; HOJE 13:01;VIX000375-1;32260907655407001844570010000342161007290690 ;          0,00;
SIN;VIX032996-7; N;08/09/2026;21/09/2026;  3308009;29134440    ;     ;BELMICRO TECNOLOGIA S/A;BELMICRO TECNOLOGIA S/A;A.;GILVAM VIEIRA NULL;SINOP;MT;001;      1.168,90;     166,42;   26,000;   0,2343;   63,261;      0;      1;  ;;        ; HOJE 13:01;VIX000375-1;32260907655407001844570010000342321007290855 ;          0,00;
SIN;VIX033007-8; N;08/09/2026;22/09/2026;  3312745;29147372    ;     ;BELMICRO TECNOLOGIA S/A;BELMICRO TECNOLOGIA S/A;A.;FELIPE CAMPOS NULL;GUARANTA DO NORTE;MT;004;      1.765,51;     290,45;   30,960;   0,4439;  119,853;      0;      1;  ;;        ; HOJE 13:01;VIX000375-1;32260907655407001844570010000342411007290943 ;          0,00;
SIN;VIX033038-8; N;08/09/2026;21/09/2026;  3310767;29140960    ;     ;BELMICRO TECNOLOGIA S/A;BELMICRO TECNOLOGIA S/A;A.;DENER TESK NULL;SINOP;MT;001;      2.124,03;     132,23;   32,000;   0,0207;   32,000;      0;      2;  ;;        ; HOJE 13:01;VIX000375-1;32260907655407001844570010000342561007291098 ;          0,00;
SIN;UDI034043-0; N;04/09/2026;17/09/2026;   176929*;2278610NAO  ;     ;PRODUTOS ERLAN S/A;PRODUTOS ERLAN S/A;B3;SHEKINAH PRODUTOS PARA FESTAS;SINOP;MT;001;      6.262,77;     954,67;  570,570;   1,3516;  570,570;      0;     45;  ;;        ; HOJE 17:49;UDI002594-1;31260907655407001097570100000563651007265837 ;          0,00;
SIT;VIX032673-9; N;03/09/2026;21/09/2026;  3301420;29110831    ;     ;BELMICRO TECNOLOGIA S/A;BELMICRO TECNOLOGIA S/A;A.;JEDERSON CAMARGO NULL;JUARA;MT;002;      1.188,90;     176,74;   26,000;   0,2302;   62,154;      0;      1;83;CHEGADA NA UNIDADE INTERMEDIARIA ;10/09/26;;VIX000373-5;32260907655407001844570010000337801007257513 ;          0,00;
SIT;SAO151310-9; N;04/09/2026;18/09/2026;    22557;            ;     ;TEMI RIO PRETO IND E COM PECAS;JUMASA AGRICOLA E COMERCIAL LT;..;JUMASA AGRICOLA E COMERCIAL LT;JUARA;MT;002;      7.923,20;     371,01;   44,660;   0,0544;   44,660;      0;      3;50;FALTA DE MERCADORIA;10/09/26;;;35260907655407000287570020021400041007268917 ;          0,00;
SIT;SAO152232-9; N;09/09/2026;18/09/2026;  1384369;109213874   ;     ;BRS SP SUPRIMENTOS CORPORATIVO;BRS SP SUPRIMENTOS CORPORATIVO;A1;BANCO BRADESCO S/A;JUARA;MT;002;      1.844,71;     281,37;  103,030;   0,3835;  103,030;      0;     13;80;CTRC EMITIDO;09/09/26;;;35260907655407000287570020021424781007310772 ;          0,00;
SIT;SAO152288-4; N;09/09/2026;18/09/2026;  1382573;109195273   ;     ;BRS SP SUPRIMENTOS CORPORATIVO;BRS SP SUPRIMENTOS CORPORATIVO;A1;LOJAS AVENIDA S/A;JUARA;MT;002;      2.046,02;     200,62;   75,210;   0,1851;   75,210;      0;     12;80;CTRC EMITIDO;09/09/26;;;35260907655407000287570020021424941007310938 ;          0,00;
SIT;SAO152543-3; N;09/09/2026;21/09/2026;  1384003;109191642   ;     ;BRS SP SUPRIMENTOS CORPORATIVO;BRS SP SUPRIMENTOS CORPORATIVO;A1;LOJAS AVENIDA S/A;JUARA;MT;002;      2.395,47;     286,10;  103,200;   1,0587;  103,200;      0;     17;80;CTRC EMITIDO;09/09/26;;;35260907655407000287570020021416661007295930 ;          0,00;
SIT;SAO152928-5; N;09/09/2026;21/09/2026;   242565;251118      ;     ;MAXI RUBBER IND QUIMICAS;MAXI RUBBER IND QUIMICAS;B.;SCHMID E SCHMID LTDA;JUARA;MT;002;      6.123,22;     520,18;  235,122;   0,4000;  235,122;      0;     26;80;CTRC EMITIDO;09/09/26;;;35260907655407000287570020021416851007296126 ;          0,00;
SIT;SAO153135-2; N;09/09/2026;22/09/2026;    92256;            ;     ;UNINJET IND. E COM. DE PLASTIC;J.E.OLIVEIRA DOS SANTOS;B.;J.E.OLIVEIRA DOS SANTOS;JUARA;MT;002;      4.466,16;   2.929,73;  434,681;   7,9100; 2373,000;      0;     94;80;CTRC EMITIDO;09/09/26;;;35260907655407000287570020021420601007302340 ;          0,00;
SIT;SAO153414-9; N;09/09/2026;22/09/2026;     4139;            ;     ;PRECIZA IMPORTS LTDA;J.E.OLIVEIRA DOS SANTOS;B.;J.E.OLIVEIRA DOS SANTOS;JUARA;MT;002;      3.170,60;     334,59;  247,000;   0,3400;  247,000;      0;     10;80;CTRC EMITIDO;09/09/26;;;35260907655407000287570020021420691007302434 ;          0,00;
SIT;SAO154192-7; N;10/09/2026;23/09/2026;     8560;            ;     ;COMERCIO DE UTIL. DOM. PEDREIR;J.E.OLIVEIRA DOS SANTOS;B.;J.E.OLIVEIRA DOS SANTOS;JUARA;MT;002;      1.973,28;   1.684,33;  380,000;   4,5600; 1368,000;      0;     95;80;CTRC EMITIDO;10/09/26;;;35260907655407000287570020021430591007319327 ;          0,00;
SIT;SAO154314-8; N;10/09/2026;23/09/2026;   855955;            ;     ;MAZA PRODUTOS QUIMICOS LTDA;S. DA SILVA B. AMARAL EIRELI M;C.;S. DA SILVA B. AMARAL EIRELI M;JUARA;MT;002;     18.761,12;   1.549,78;  926,180;   1,4010;  926,180;      0;    108;80;CTRC EMITIDO;10/09/26;;;35260907655407000287570020021433891007326086 ;          0,00;
SIT;SAO154645-7; N;10/09/2026;23/09/2026;   394428;            ;     ;MOAS IND E COM IMP E EXP LTDA;MOAS IND E COM IMP E EXP LTDA;A3;J.E.OLIVEIRA DOS SANTOS;JUARA;MT;002;      2.767,86;     208,82;   28,319;   0,1940;   58,200;      0;      3;80;CTRC EMITIDO;10/09/26;;;35260907655407000287570020021434181007326373 ;          0,00;
SJP;BH2033833-8; D;18/08/2026;01/09/2026;  1117590;            ;     ;562714 - DIONES PAULINO;CASSINI E MOREIRA COM DE MOVEI;A3;CASSINI E MOREIRA COM DE MOVEI;MIRASSOL;SP;SJR;        863,40;     220,30;   67,200;   0,0000;   67,200;      0;      2;86;ESTORNO DE BAIXA/ENTREGA;10/09/26;;BH2000155-4;31260807655407001097570100000560291007042297 ;         38,77;
SJP;SAS028022-4; N;10/09/2026;31/12/2050;   562725;            ;TIT  ;EXPRESSO RIO VERMELHO;EXPRESSO RIO VERMELHO;.3;MOVEIS PROVINCIA INDUSTRIA E C;GUAPIACU;SP;SJR;          0,01;       0,01;   10,000;   0,0000;   10,000;      0;      3;80;CTRC EMITIDO;10/09/26;;; ;          0,00;
SOR;FRA151662-1; N;04/09/2026;18/09/2026;  4385819;MERCADO_LIVR;     ;PALACIO DAS FERRAMENTAS E PARA;PALACIO DAS FERRAMENTAS E PARA;A.;JOAO ENILSON;SORRISO;MT;788;        988,65;     200,03;   13,500;   0,2560;   76,800;      1;      1;83;CHEGADA NA UNIDADE INTERMEDIARIA ;08/09/26;;FRA001750-7;35260907655407000287570020021399911007268781 ;         33,86;
SOR;UDI034033-2; N;03/09/2026;15/09/2026;   406131;327633      ;     ;REPTEC EQUIP DE SEG E UNIFORME;REPTEC EQUIP DE SEG E UNIFORME;C.;MONSANTO DO BRASIL LTDA;SORRISO;MT;788;      2.979,84;     464,74;   85,000;   0,1560;   85,000;      5;      5;83;CHEGADA NA UNIDADE INTERMEDIARIA ;10/09/26;;UDI002589-5;31260907655407001097570100000563411007251095 ;         48,18;
SOR;SAO152467-4; N;08/09/2026;17/09/2026;   366594;226516      ;     ;INDUSTRIA DE FELTROS SANTA FE;A FRANCIELE ROGOVSKI;C.;A FRANCIELE ROGOVSKI;SORRISO;MT;788;      1.645,00;     192,16;   80,780;   1,9977;  599,310;      0;     15;80;CTRC EMITIDO;08/09/26;;;35260907655407000287570020021411911007287089 ;         42,07;
SOR;SAO152470-4; N;08/09/2026;21/09/2026;   819289;            ;     ;CARBOGRAFITE EQUIPAMENTOS INDU;IPIAGRO FERRAGENS EIRELI;C.;IPIAGRO FERRAGENS EIRELI;IPIRANGA DO NORTE;MT;785;      5.055,20;     272,80;   54,990;   0,3246;   97,380;      0;      5;80;CTRC EMITIDO;08/09/26;;;35260907655407000287570020021410651007285170 ;         95,01;
SOR;SAO152475-5; N;08/09/2026;17/09/2026;    89587*;            ;     ;KORETECH SISTEMAS LTDA;PRATICA COM ATACADISTA EMB. E;C2;PRATICA COM ATACADISTA EMB. E;SORRISO;MT;788;      4.001,64;     237,16;  137,980;   0,6508;  195,240;      0;     21;80;CTRC EMITIDO;08/09/26;;;35260907655407000287570020021410701007285226 ;         51,92;
SOR;SAO153301-1; N;10/09/2026;18/09/2026;  1387805;109197533   ;     ;BRS SP SUPRIMENTOS CORPORATIVO;BRS SP SUPRIMENTOS CORPORATIVO;A1;LOJAS AVENIDA S/A;SORRISO;MT;788;      2.311,54;     202,90;   77,470;   0,7169;   77,470;      0;     12;80;CTRC EMITIDO;10/09/26;;;35260907655407000287570020021426251007312624 ;         34,34;
SOR;SAO153948-5; N;10/09/2026;18/09/2026;  3051375;            ;     ;LORENZETTI SA INDS BRASILEIRAS;LORENZETTI SA INDS BRASILEIRAS;A2;COMERCIO DE MATERIAIS DE CONST;SORRISO;MT;788;      3.623,65;     141,05;   27,285;   0,3232;   80,800;      0;      8;80;CTRC EMITIDO;10/09/26;;;35260907655407000287570020021427121007313598 ;         23,87;
SOR;SAO154236-2; N;10/09/2026;21/09/2026;      133;            ;     ;ALLOY ALUMINIO LTDA;BW PUVA E CIA LTDA;C.;BW PUVA E CIA LTDA;SORRISO;MT;788;      2.690,00;     165,98;   54,230;   0,0984;   54,230;      0;      3;80;CTRC EMITIDO;10/09/26;;;35260907655407000287570020021430601007319336 ;         36,34;
SOR;SAO154262-1; N;11/09/2026;21/09/2026;  1383584;109197560   ;     ;BRS SP SUPRIMENTOS CORPORATIVO;BRS SP SUPRIMENTOS CORPORATIVO;A1;LOJAS AVENIDA S/A;SORRISO;MT;788;      2.620,38;     205,56;   93,710;   0,2228;   93,710;      0;     17;80;CTRC EMITIDO;11/09/26;;;35260907655407000287570020021435121007327517 ;         34,79;
SOR;SAO154269-9; N;10/09/2026;23/09/2026;  1388137;109228072   ;     ;BRS SP SUPRIMENTOS CORPORATIVO;BRS SP SUPRIMENTOS CORPORATIVO;A1;FS INDUSTRIA DE BIOCOMBUSTIVEI;NOVA UBIRATA;MT;788;      1.194,20;     275,76;  109,760;   0,1538;  109,760;      0;     10;80;CTRC EMITIDO;10/09/26;;;35260907655407000287570020021433631007325750 ;         82,32;
SOR;SAO154304-1; N;11/09/2026;21/09/2026;  1389415;109232376   ;     ;BRS SP SUPRIMENTOS CORPORATIVO;BRS SP SUPRIMENTOS CORPORATIVO;A1;LEANDRO ANTONIO FRANCIOSI LTDA;SORRISO;MT;788;        240,90;     108,27;    4,430;   0,0619;    4,430;      0;      1;80;CTRC EMITIDO;11/09/26;;;35260907655407000287570020021435141007327538 ;         18,33;
SOR;SAO154320-2; N;11/09/2026;21/09/2026;    60507;            ;XFKEV;MOVEIS DALLA COSTA LTDA;HB TRANSPORTES E LOGISTICA EIR;A2;THAIS MARIANE GARCIA GONCALVES;SORRISO;MT;788;      4.760,19;     492,90;  251,300;   0,5460;  251,300;      0;      8;80;CTRC EMITIDO;11/09/26;;;35260907655407000287570020021435681007328136 ;         89,71;
SOR;SAO154340-7; N;10/09/2026;21/09/2026;    32798;            ;     ;VIDRO HOUSE CRISTALLERIE EIREL;TAVOLARE LTDA;..;TAVOLARE LTDA;SORRISO;MT;788;      8.508,77;     740,18;   52,680;   0,5695;  170,850;      0;      5;95;ATENDIMENTO/ INFORMACOES/ TRATATIVAS INTERNAS;11/09/26;;;35260907655407000287570020021433381007325501 ;        162,04;
SOR;SAO154394-6; N;10/09/2026;21/09/2026;     2675;            ;     ;EGIJJ COMERCIO;C.A. DIAMANTINO ME;C.;C.A. DIAMANTINO ME;SORRISO;MT;788;      2.332,86;     303,95;  100,000;   0,7150;  214,500;      0;      5;80;CTRC EMITIDO;10/09/26;;;35260907655407000287570020021434351007326544 ;         66,54;
SOR;SAO154398-9; N;10/09/2026;21/09/2026;     3216;            ;     ;BALDY VARIEDADES LTDA;NEUSA MOTTA STEFANELLO;C3;NEUSA MOTTA STEFANELLO;SORRISO;MT;788;      3.230,00;     126,56;   60,000;   0,3066;   91,980;      0;      2;80;CTRC EMITIDO;10/09/26;;;35260907655407000287570020021434491007326680 ;         27,71;
SOR;SAO154554-0; N;10/09/2026;21/09/2026;   234249;            ;     ;FK GRUPO S.A.;CENTRO MOVEIS PAPELARIA LTDA;C.;CENTRO MOVEIS PAPELARIA LTDA;SORRISO;MT;788;      4.462,36;     379,22;  166,600;   1,0294;  308,820;      0;     10;80;CTRC EMITIDO;10/09/26;;;35260907655407000287570020021434341007326539 ;         83,02;
SOR;SAO154840-9; N;11/09/2026;23/09/2026;  3052104*;            ;     ;LORENZETTI SA INDS BRASILEIRAS;LORENZETTI SA INDS BRASILEIRAS;A2;GRITTI OLIVEIRA E OLIVEIRA FER;IPIRANGA DO NORTE;MT;785;     14.671,52;     234,90;   45,311;   0,3576;   89,400;      0;     20;80;CTRC EMITIDO;11/09/26;;;35260907655407000287570020021436591007329287 ;         70,13;
SOR;VIX033252-6; N;09/09/2026;21/09/2026;    37007;            ;     ;UNIQUE RUBBER TECHNOLOGIES LTD;UNIQUE RUBBER TECHNOLOGIES LTD;..;RECAPADORA SORRISO LTDA;SORRISO;MT;788;     33.512,84;   2.955,60; 1315,350;   3,6444; 1315,350;      0;    119;  ;;        ; HOJE 13:01;VIX000375-1;32260907655407001844570010000342991007300981 ;        473,37;
SOR;UDI034047-2; N;04/09/2026;16/09/2026;   177118*;2285478NAO  ;     ;PRODUTOS ERLAN S/A;PRODUTOS ERLAN S/A;B3;SHEKINAH SORRISO PRODUTOS PARA;SORRISO;MT;788;      6.142,66;     943,32;  563,340;   1,7160;  563,340;      0;     45;  ;;        ; HOJE 17:49;UDI002594-1;31260907655407001097570100000563561007265749 ;        171,68;
SSZ;TUB000866-4; N;17/07/2026;29/07/2026;    23286;32144       ;     ;ONIX TECNOLOGIA DO BRASIL LTDA;ONIX TECNOLOGIA DO BRASIL LTDA;..;CAIXA ECONOMICA FEDERAL;CUBATAO;SP;SAO;     44.793,00;   1.979,99;  900,000;   0,0000;  900,000;     26;     26;83;CHEGADA NA UNIDADE INTERMEDIARIA ;24/07/26;;CWB000400-6;42260707655407002140570200000008621006669421 ;        348,48;
STG;BNU001798-1; N;01/09/2026;14/09/2026;    43108;46499       ;     ;GRUPO MARMO E HIME COM IMP E E;GRUPO MARMO E HIME COM IMP E E;C.;ELETRICA CORREIA LTDA;SETE LAGOAS;MG;BHZ;        970,41;     165,91;    1,000;   0,1996;   59,880;      1;      1;83;CHEGADA NA UNIDADE INTERMEDIARIA ;08/09/26;;CWB000481-2;42260907655407002140570200000017891007224288 ;         43,80;
STG;BNU001912-7; N;08/09/2026;18/09/2026;   287165;181991      ;     ;BELLA ARTE DECOR LTDA;BELLA ARTE DECOR LTDA;B.;OLIVEIRA NETTO TECIDOS LTDA;SETE LAGOAS;MG;BHZ;      2.603,25;     192,82;  101,666;   0,3500;  105,000;     13;     13;83;CHEGADA NA UNIDADE INTERMEDIARIA ;10/09/26;;CWB000485-5;42260907655407002140570200000019041007288352 ;         50,90;
STG;BNU001915-1; N;08/09/2026;18/09/2026;   287160;181987      ;     ;BELLA ARTE DECOR LTDA;BELLA ARTE DECOR LTDA;B.;OLIVEIRA NETTO TECIDOS LTDA;SETE LAGOAS;MG;BHZ;      4.039,37;     272,84;  165,326;   0,5400;  165,326;     20;     20;83;CHEGADA NA UNIDADE INTERMEDIARIA ;10/09/26;;CWB000485-5;42260907655407002140570200000019061007288373 ;         72,03;
STG;FND151756-2; N;04/09/2026;25/09/2026;    19259;            ;     ;POLIZELLI MOVEIS E UTILIDADES;POLIZELLI MOVEIS E UTILIDADES;A.;EURICO ANGELO;TRES MARIAS;MG;3MA;        144,10;     171,93;   27,000;   0,2500;   75,000;      0;      1;  ;;        ; HOJE 08:00;FND000592-4;35260907655407000287570020021401321007271810 ;         52,96;
STG;FND152816-5; N;08/09/2026;25/09/2026;   104278;            ;     ;MOBIGU COMERCIO DE MOVEIS LTDA;MOBIGU COMERCIO DE MOVEIS LTDA;B.;FRANCIELE MARIANE DOS SANTOS S;SETE LAGOAS;MG;BHZ;        280,00;     172,35;   75,400;   0,2500;   75,400;      0;      2;  ;;        ; HOJE 08:00;FND000592-4;35260907655407000287570020021412301007287887 ;         45,50;
TFL;SJP152343-1; N;08/09/2026;30/09/2026;     6279;            ;     ;OLIVEIRA E PINOTTI ENERGIA REN;OLIVEIRA E PINOTTI ENERGIA REN;B.;ALANA DIAS OLIVEIRA;MATA VERDE;MG;BHZ;      3.255,66;     366,32;   78,000;   0,3000;   90,000;      3;      3;83;CHEGADA NA UNIDADE INTERMEDIARIA ;09/09/26;;SJP000586-0;35260907655407000287570020021408701007281785 ;        122,50;
TFL;FND153465-3; N;09/09/2026;30/09/2026;      211;            ;     ;WEB HOLZ INDUSTRIA E COMERCIO;WEB HOLZ INDUSTRIA E COMERCIO;C.;JOABE CUNHA DA SILVA;ITAOBIM;MG;BHZ;      1.506,89;     201,09;   45,000;   0,1459;   45,000;      0;      2;  ;;        ; HOJE 08:00;FND000592-4;35260907655407000287570020021420491007302237 ;         67,24;
TGA;BIR150661-7; N;03/09/2026;17/09/2026;    15760;            ;     ;PECUARISTA D OESTE DE ARACATUB;PECUARISTA D OESTE DE ARACATUB;A.;14150 - SOUBHIA E CIA LTDA;TANGARA DA SERRA;MT;TGA;      5.088,00;     337,31;   60,400;   0,2000;   60,400;      3;      3;83;CHEGADA NA UNIDADE INTERMEDIARIA ;08/09/26;;BIR000387-5;35260907655407000287570020021391291007250939 ;         62,74;
TGA;CWB011913-0; N;04/09/2026;21/09/2026;  7429382;134185430000;     ;LOJA ELECTROLUX COM VIRTUAL DE;LOJA ELECTROLUX COM VIRTUAL DE;A.;OBERDAN DE ANDRADE;TANGARA DA SERRA;MT;TGA;      2.477,99;     469,61;   52,000;   0,7300;  182,500;      1;      1;83;CHEGADA NA UNIDADE INTERMEDIARIA ;09/09/26;;CWB000483-9;41260907655407001763570010000118521007269954 ;         72,35;
TGA;FRA151827-5; N;04/09/2026;23/09/2026;  4387341;2609044XT4A6;     ;PALACIO DAS FERRAMENTAS E PARA;PALACIO DAS FERRAMENTAS E PARA;A.;JAQUELINE CHAVES DA SILVA;DIAMANTINO;MT;DTO;      1.195,43;     271,95;   16,700;   0,3868;  116,040;      1;      1;83;CHEGADA NA UNIDADE INTERMEDIARIA ;08/09/26;;FRA001750-7;35260907655407000287570020021401791007273763 ;         75,87;
TGA;SJP152345-7; N;08/09/2026;21/09/2026;   259863;            ;     ;SANDET QUIMICA LTDA;SANDET QUIMICA LTDA;C.;WATER CLEAN S. DE LIMP., M. E;TANGARA DA SERRA;MT;TGA;      2.182,99;     296,30;  179,230;   0,3000;  179,230;     10;     10;83;CHEGADA NA UNIDADE INTERMEDIARIA ;09/09/26;;SJP000586-0;35260907655407000287570020021408721007281801 ;         55,11;
TGA;SJP152587-5; N;08/09/2026;22/09/2026;     1773;            ;     ;LONAS OLIMPIA LTDA;CLEBSON DOS SANTOS SILVA;..;CLEBSON DOS SANTOS SILVA;NOVA OLIMPIA;MT;NOP;        900,00;     265,99;   10,000;   0,0200;   10,000;      1;      1;83;CHEGADA NA UNIDADE INTERMEDIARIA ;09/09/26;;SJP000586-0;35260907655407000287570020021408881007283111 ;         66,23;
TGA;SAO148966-6; N;01/09/2026;11/09/2026;    31312;            ;     ;09ILUMINACAO COMERCIO E SERVIC;CENTRAL DO FRETE INTER E TECNO;B.;MAX BONAZZA;TANGARA DA SERRA;MT;TGA;        150,00;     194,46;   30,000;   0,2202;   66,060;      0;      1;50;FALTA DE MERCADORIA;08/09/26;;;35260907655407000287570020021376541007227407 ;         36,17;
TGA;SAO149958-1; N;03/09/2026;14/09/2026;   346260;            ;     ;ADEGA ALENTEJANA COMERCIO IMPO;ADEGA ALENTEJANA COMERCIO IMPO;B.;ROBERTO SOARES DE SOUZA 961196;TANGARA DA SERRA;MT;TGA;      2.971,09;     366,01;  204,480;   0,3312;  204,480;      0;     16;80;CTRC EMITIDO;03/09/26;;;35260907655407000287570020021385771007244461 ;         68,08;
TGA;SAO152380-5; N;08/09/2026;21/09/2026;    48821;            ;     ;FERRAMENTAS MINASUL INDUSTRIA;JUNQUEIRA MATERIAIS E CONSTRUC;C.;JUNQUEIRA MATERIAIS E CONSTRUC;BARRA DO BUGRES;MT;BBU;      3.037,20;     280,13;  149,700;   0,6306;  189,180;      0;     19;80;CTRC EMITIDO;08/09/26;;;35260907655407000287570020021410441007284955 ;         78,16;
TGA;SAO152436-4; N;08/09/2026;17/09/2026;    91483;            ;ERWRD;ENGEFITAS INDUSTRIA,COMERCIO E;HB TRANSPORTES E LOGISTICA EIR;A.;LOCATELLI ESQUADRIAS VIDROS E;TANGARA DA SERRA;MT;TGA;      2.776,40;     154,24;   11,000;   0,1058;   31,740;      0;      2;80;CTRC EMITIDO;08/09/26;;;35260907655407000287570020021411461007286389 ;         30,85;
TGA;SAO152452-6; N;08/09/2026;17/09/2026;    98906;            ;     ;WELTTEC COMERCIAL IMPORTADORA ;A L BEZERRA MAQUINAS;C.;A L BEZERRA MAQUINAS;TANGARA DA SERRA;MT;TGA;      5.780,00;     261,44;  134,000;   0,2940;  134,000;      0;      4;80;CTRC EMITIDO;08/09/26;;;35260907655407000287570020021410881007285450 ;         48,63;
TGA;SAO152515-8; N;09/09/2026;17/09/2026;  1383432;109211949   ;     ;BRS SP SUPRIMENTOS CORPORATIVO;BRS SP SUPRIMENTOS CORPORATIVO;A1;INSTITUTO FED DE EDUC, CIENCIA;TANGARA DA SERRA;MT;TGA;        729,86;     111,68;    3,620;   0,0000;    3,620;      0;      2;80;CTRC EMITIDO;09/09/26;;;35260907655407000287570020021415631007294902 ;         20,77;
TGA;SAO152545-0; N;09/09/2026;17/09/2026;  1384027;109210146   ;     ;BRS SP SUPRIMENTOS CORPORATIVO;BRS SP SUPRIMENTOS CORPORATIVO;A1;DISVECO LTDA;TANGARA DA SERRA;MT;TGA;      1.309,49;     276,76;  103,020;   0,3925;  103,020;      0;     10;80;CTRC EMITIDO;09/09/26;;;35260907655407000287570020021424801007310797 ;         51,48;
TGA;SAO152806-8; N;08/09/2026;17/09/2026;     1470;            ;     ;PROTECAO EXTINTORES LTDA;M IZAIAS DA SILVA ME;C.;M IZAIAS DA SILVA ME;TANGARA DA SERRA;MT;TGA;      3.250,00;     495,37;  400,000;   0,6000;  400,000;      0;     51;80;CTRC EMITIDO;08/09/26;;;35260907655407000287570020021414311007293052 ;         92,14;
TGA;SAO153015-1; N;09/09/2026;18/09/2026;    14239;            ;     ;CARRERA CICLOPECAS LTDA - EPP;BENJAMIM RIBAS PAIVA;..;BENJAMIM RIBAS PAIVA;NOVA OLIMPIA;MT;NOP;      2.138,50;     255,91;   46,650;   0,0953;   46,650;      0;      6;80;CTRC EMITIDO;09/09/26;;;35260907655407000287570020021417271007296543 ;         71,40;
TGA;SAO153062-3; N;09/09/2026;17/09/2026;  3050857;            ;     ;LORENZETTI SA INDS BRASILEIRAS;LORENZETTI SA INDS BRASILEIRAS;A2;VALDOMIRO GUIRRO CIA LTDA ME;TANGARA DA SERRA;MT;TGA;      2.306,96;     129,01;   15,481;   0,1451;   36,275;      0;      4;80;CTRC EMITIDO;09/09/26;;;35260907655407000287570020021417671007296972 ;         24,00;
TGA;SAO153192-1; N;09/09/2026;18/09/2026;   247487;            ;     ;ALCOOL SANTA CRUZ LTDA.;ALCOOL SANTA CRUZ LTDA.;B.;SANTOGO ALIMENTOS LTDA;TANGARA DA SERRA;MT;TGA;      5.345,52;     949,73;  774,380;   2,0760;  774,380;      0;      1;80;CTRC EMITIDO;09/09/26;;;35260907655407000287570020021423761007309740 ;        176,65;
TGA;SAO153326-6; N;09/09/2026;18/09/2026;   307009;            ;     ;SIER MOVEIS LTDA;SIER MOVEIS LTDA;B.;BEMDECOR MOVEIS E DECORACOES L;TANGARA DA SERRA;MT;TGA;      4.241,51;     714,80;   41,600;   2,5548;  766,440;      0;      4;80;CTRC EMITIDO;09/09/26;;;35260907655407000287570020021423811007309790 ;        132,95;
TGA;SAO153335-5; N;09/09/2026;18/09/2026;   273938;389870      ;ERWRD;BREMEN IMPORTADORA DE EQUIPAME;HB TRANSPORTES E LOGISTICA EIR;A.;S R PECAS AGRICOLAS LTDA;TANGARA DA SERRA;MT;TGA;    100.755,96;   2.936,06; 1110,000;   6,8557; 2056,710;      0;      4;80;CTRC EMITIDO;09/09/26;;;35260907655407000287570020021423721007309708 ;        587,21;
TGA;SAO153378-9; N;09/09/2026;21/09/2026;     1716;            ;     ;SMILING KIDS LTDA;LEONILDO OTAVIO ZUZA DOS SANTO;C3;LEONILDO OTAVIO ZUZA DOS SANTO;NOVA OLIMPIA;MT;NOP;      3.986,46;     639,80;  108,910;   1,8391;  551,730;      0;     11;80;CTRC EMITIDO;09/09/26;;;35260907655407000287570020021423531007309516 ;        178,50;
TGA;SAO153563-3; N;10/09/2026;18/09/2026;     4164;            ;     ;GIVALDO NERES DOS SANTOS FILHO;GIVALDO NERES DOS SANTOS FILHO;.2;ERYK;TANGARA DA SERRA;MT;TGA;        472,00;     286,99;    7,740;   0,5859;  175,770;      0;      1;80;CTRC EMITIDO;10/09/26;;;35260907655407000287570020021427701007314300 ;         53,38;
TGA;SAO154032-7; N;10/09/2026;24/09/2026;   273587;            ;     ;ELKA PLASTICOS LTDA;ALGO A MAIS PRESENTES LTDA;..;ALGO A MAIS PRESENTES LTDA;DIAMANTINO;MT;DTO;      5.322,92;     419,15;   60,250;   1,0379;  311,370;      0;     28;80;CTRC EMITIDO;10/09/26;;;35260907655407000287570020021430131007318500 ;        116,94;
TGA;SAO154169-2; N;10/09/2026;22/09/2026;    64252;            ;     ;NOVA CREDEAL INDUSTRIA DE CADE;LEONILDO OTAVIO ZUZA DOS SANTO;C3;LEONILDO OTAVIO ZUZA DOS SANTO;NOVA OLIMPIA;MT;NOP;     11.595,45;     612,08;  472,478;   0,9952;  472,478;      0;     67;80;CTRC EMITIDO;10/09/26;;;35260907655407000287570020021432211007323891 ;        170,77;
TGA;SAO154191-9; N;10/09/2026;21/09/2026;    23380;            ;KJVPA;TOTALENERGIES MARKETING SERVIC;REGIONAL DO VALE LOGISTICA LTD;B.;SEARA ALIMENTOS LTDA;TANGARA DA SERRA;MT;TGA;      2.436,96;     118,85;   17,500;   0,0583;   17,500;      0;      1;80;CTRC EMITIDO;10/09/26;;;35260907655407000287570020021433171007325293 ;         23,77;
TGA;SAO154293-1; N;11/09/2026;21/09/2026;  1388893;109190019   ;     ;BRS SP SUPRIMENTOS CORPORATIVO;BRS SP SUPRIMENTOS CORPORATIVO;A1;LOJAS AVENIDA S A;TANGARA DA SERRA;MT;TGA;      1.671,16;     155,52;   61,940;   0,3427;   61,940;      0;      9;80;CTRC EMITIDO;11/09/26;;;35260907655407000287570020021435051007327440 ;         28,93;
TGA;SAO154363-6; N;10/09/2026;21/09/2026;   109584;            ;     ;FERRARI ROLAMENTOS - MATRIZ;CRR CASA DOS ROLAMENTOS E RETE;..;CRR CASA DOS ROLAMENTOS E RETE;TANGARA DA SERRA;MT;TGA;      2.030,99;     121,30;   59,150;   0,0518;   59,150;      0;      3;80;CTRC EMITIDO;10/09/26;;;35260907655407000287570020021433051007325179 ;         22,56;
TGA;SAO154549-3; N;10/09/2026;22/09/2026;      145;            ;TGOBQ;MULT JOGOS DIVERSOES LTDA;VALENTIN EXPRESS LTDA;C.;KDILAYNE JOISE RONDON BORTOLUZ;BARRA DO BUGRES;MT;BBU;      2.399,00;     284,31;   40,000;   0,4491;  134,730;      0;      1;80;CTRC EMITIDO;10/09/26;;;35260907655407000287570020021432231007323918 ;         85,29;
TGA;SAO154644-9; N;10/09/2026;21/09/2026;   394772;            ;     ;MOAS IND E COM IMP E EXP LTDA;MOAS IND E COM IMP E EXP LTDA;A3;DROGAPLUS COMERCIO DE MEDICAME;TANGARA DA SERRA;MT;TGA;     28.234,07;     614,82;  131,426;   1,2190;  365,700;      0;     27;80;CTRC EMITIDO;10/09/26;;;35260907655407000287570020021434091007326285 ;        114,36;
TGA;FND152846-7; N;08/09/2026;21/09/2026;    24921;            ;     ;METALURGICA WS LTDA;LIDER AGRICOLA DISTRIBUIDORA D;C.;LIDER AGRICOLA DISTRIBUIDORA D;TANGARA DA SERRA;MT;TGA;      5.545,76;     437,96;  152,000;   1,2870;  386,100;      0;     14;  ;;        ; HOJE 08:00;FND000592-4;35260907655407000287570020021412511007288093 ;         81,46;
TGA;VIX032991-6; N;08/09/2026;17/09/2026;  3307450;29133311    ;     ;BELMICRO TECNOLOGIA S/A;BELMICRO TECNOLOGIA S/A;A.;HEID HENRIQUE STEINBACH RODRIG;TANGARA DA SERRA;MT;TGA;        448,32;     108,94;    8,900;   0,1166;   31,482;      0;      1;  ;;        ; HOJE 13:01;VIX000375-1;32260907655407001844570010000342251007290788 ;         19,17;
TIT;SAO152153-5; N;05/09/2026;16/09/2026;    72006;            ;     ;SAPOPEMBA INDUSTRIA E COMERCIO;ACTIVE IND DE COSMETICOS SA;A1;LANGE COSMETICOS LTDA.;CESARIO LANGE;SP;CAM;     65.869,07;   6.961,23; 4643,000;  29,6400; 7410,000;      0;     23;80;CTRC EMITIDO;05/09/26;;;35260907655407000287570020021405551007278137 ;      1.470,21;
TIT;SAO153418-1; N;09/09/2026;17/09/2026;    73752;            ;     ;APTAR DO BRASIL EMBALAGENS LTD;ACTIVE IND DE COSMETICOS SA;A1;LANGE COSMETICOS LTDA.;CESARIO LANGE;SP;CAM;    119.675,35;   3.218,56; 1319,500;  12,7680; 3192,000;      0;      7;95;ATENDIMENTO/ INFORMACOES/ TRATATIVAS INTERNAS;09/09/26;;;35260907655407000287570020021420061007300520 ;        679,76;
TIT;SAO153532-3; N;10/09/2026;17/09/2026;   234973;            ;     ;MASTER PUMPS;ACTIVE IND DE COSMETICOS SA;A1;LANGE COSMETICOS LTDA.;CESARIO LANGE;SP;CAM;     57.491,00;   1.857,89;  959,787;   7,4373; 1859,333;      0;     64;80;CTRC EMITIDO;10/09/26;;;35260907655407000287570020021430301007318888 ;        392,39;
TIT;CBA017578-1; D;25/08/2026;03/09/2026;  1364186;            ;     ;AGUAS CUIABA S.A;CORDEIRO MAQUINAS E FERRAMENTA;B.;CORDEIRO MAQUINAS E FERRAMENTA;SOROCABA;SP;CAM;      5.940,90;     325,72;   90,000;   0,6144;  184,320;      0;      6;  ;;        ; HOJE 15:59;CBA006632-0;51260807655407000368570020000174611007129343 ;          0,01;
TIT;GYN128429-1; N;08/09/2026;17/09/2026;   338435;            ;     ;EMBREPAR DO BRASIL EIRELI;FRASLE MOBILITY SOROCABA LTDA;B2;FRASLE MOBILITY SOROCABA LTDA;SOROCABA;SP;CAM;        321,72;     514,40;    8,243;   0,0000;    8,243;      0;      1;  ;;        ; HOJE 17:49;GYN023937-2;52260907655407000449570040001018101007286970 ;        108,64;
TLG;TIT149505-4; N;02/09/2026;17/09/2026;   593786;80          ;     ;BT EQUIPAMENTOS IND LTDA;BT EQUIPAMENTOS IND LTDA;B.;GALA - IBB IND. BRAS. DE BRINQ;APARECIDA DO TABOADO;MS;003;      3.756,48;     136,44;    9,931;   0,0414;   12,420;      1;      1;51;SOBRA DE MERCADORIA;09/09/26;;TIT000217-8;35260907655407000287570020021379601007231890 ;          0,00;
TLG;UDI034046-4; N;04/09/2026;15/09/2026;   177060*;2283478NAO  ;     ;PRODUTOS ERLAN S/A;PRODUTOS ERLAN S/A;B3;PRINCIPIO PRODUTOS PARA FESTAS;TRES LAGOAS;MS;001;     11.961,73;     865,85;  919,880;   2,5578;  919,880;     83;     83;83;CHEGADA NA UNIDADE INTERMEDIARIA ;10/09/26;;UDI002589-5;31260907655407001097570100000563691007265879 ;          0,00;
TLG;VIX032797-2; N;04/09/2026;16/09/2026;  3304889;29123384    ;     ;BELMICRO TECNOLOGIA S/A;BELMICRO TECNOLOGIA S/A;A.;ROSA VICENTE XAVIER SANTOS NUL;TRES LAGOAS;MS;001;      1.337,98;     179,11;   26,990;   0,3433;   92,691;      0;      1;83;CHEGADA NA UNIDADE INTERMEDIARIA ;10/09/26;;VIX000373-5;32260907655407001844570010000339491007273021 ;          0,00;
TLG;VIX032864-2; N;04/09/2026;16/09/2026;   982089;            ;     ;WEBCONTINENTAL LTDA;WEBCONTINENTAL LTDA;A1;ANA THEREZA FONTEBASSO;TRES LAGOAS;MS;001;      9.282,45;     633,01;  140,000;   0,9200;  184,000;      0;      8;83;CHEGADA NA UNIDADE INTERMEDIARIA ;10/09/26;;VIX000373-5;32260907655407001844570010000338791007271529 ;          0,00;
TLG;SAO152555-7; N;09/09/2026;18/09/2026;  1384356;109221052   ;     ;BRS SP SUPRIMENTOS CORPORATIVO;BRS SP SUPRIMENTOS CORPORATIVO;A1;AUTO POSTO PEDREIRA LTDA;INOCENCIA;MS;003;        321,10;      93,52;   24,420;   0,0403;   24,420;      0;      1;80;CTRC EMITIDO;09/09/26;;;35260907655407000287570020021415641007294918 ;          0,00;
TLG;SAO152643-0; N;09/09/2026;18/09/2026;    38457;            ;     ;QUALITY TUBOS COMERCIO DE FERR;QUALITY TUBOS COMERCIO DE FERR;..;GM MATERAIS PARA CONSTRUCAO LT;BATAGUASSU;MS;XV ;      3.555,49;     315,69;  116,000;   0,5760;  172,800;      0;      3;80;CTRC EMITIDO;09/09/26;;;35260907655407000287570020021421591007303707 ;          0,00;
TLG;SAO154746-1; N;11/09/2026;18/09/2026;    93502;            ;     ;TIRRENO IND E COM DE PRODUTOS;TIRRENO IND E COM DE PRODUTOS;B.;ENZO VEICULOS LTDA;TRES LAGOAS;MS;001;      1.301,43;     115,67;   23,440;   0,0090;   23,440;      0;      2;80;CTRC EMITIDO;11/09/26;;;35260907655407000287570020021435971007328421 ;          0,00;
TLG;SAO154817-4; N;11/09/2026;22/09/2026;   358249;4501219886  ;     ;DIVERSEY BRASIL INDUSTRIA QUIM;DIVERSEY BRASIL INDUSTRIA QUIM;A2;FORTUNCERES S.A.;BATAGUASSU;MS;002;      1.871,00;     258,92;  106,000;   0,1080;  106,000;      0;      2;80;CTRC EMITIDO;11/09/26;;;35260907655407000287570020021436381007329040 ;          0,00;
TLG;SAS027506-9; N;22/07/2026;31/12/2050;        1;            ;TIT  ;EXPRESSO RIO VERMELHO;EXPRESSO RIO VERMELHO;.3;EXPRESSO RIO VERMELHO TRANSPOR;TRES LAGOAS;MS;001;         10,00;       0,01;   10,000;   0,0000;   10,000;      0;      1;80;CTRC EMITIDO;22/07/26;;; ;          0,00;
TLG;SAS028010-1; N;09/09/2026;31/12/2050;        1;            ;TIT  ;EXPRESSO RIO VERMELHO;EXPRESSO RIO VERMELHO;.3;EXPRESSO RIO VERMELHO TRANSPOR;TRES LAGOAS;MS;001;         10,00;       0,01;    0,200;   0,0000;    0,200;      0;      1;80;CTRC EMITIDO;09/09/26;;; ;          0,00;
TLG;FND152965-0; N;08/09/2026;18/09/2026;     3396;            ;     ;MODULAR CASA E DECORACAO LTDA;MODULAR CASA E DECORACAO LTDA;B.;VANESSA;TRES LAGOAS;MS;001;      2.091,28;     403,68;  128,550;   0,9417;  282,510;      0;      6;  ;;        ; HOJE 08:00;FND000592-4;35260907655407000287570020021412961007291169 ;          0,00;
TLG;VIX032874-0; N;04/09/2026;16/09/2026;   982419;            ;     ;WEBCONTINENTAL LTDA;WEBCONTINENTAL LTDA;A1;CLAUDELAINE MORO DOMENI MANZAN;TRES LAGOAS;MS;001;      2.184,00;     207,19;   33,000;   0,2400;   48,000;      0;      2;  ;;        ; HOJE 13:01;VIX000375-1;32260907655407001844570010000338851007271585 ;          0,00;
TLG;VIX032946-1; N;08/09/2026;16/09/2026;  3306838;29131839    ;     ;BELMICRO TECNOLOGIA S/A;BELMICRO TECNOLOGIA S/A;A.;GABRIELA COSTA DA SILVA NULL;TRES LAGOAS;MS;001;      1.482,46;     180,42;   26,990;   0,3433;   92,691;      0;      1;  ;;        ; HOJE 13:01;VIX000375-1;32260907655407001844570010000341791007290325 ;          0,00;
TLG;VIX032961-4; N;08/09/2026;16/09/2026;  3309719;29138366    ;     ;BELMICRO TECNOLOGIA S/A;BELMICRO TECNOLOGIA S/A;A.;DAMARIS CRISTINA DA SILVA NULL;TRES LAGOAS;MS;001;      1.698,90;     231,52;   41,000;   0,4808;  129,816;      0;      1;  ;;        ; HOJE 13:01;VIX000375-1;32260907655407001844570010000341981007290517 ;          0,00;
TLG;VIX032985-1; N;08/09/2026;16/09/2026;  3311601;29142754    ;     ;BELMICRO TECNOLOGIA S/A;BELMICRO TECNOLOGIA S/A;A.;ADRIANO SANCHES DOS SANTOS NUL;TRES LAGOAS;MS;001;      1.365,80;     211,84;   31,000;   0,4355;  117,585;      0;      1;  ;;        ; HOJE 13:01;VIX000375-1;32260907655407001844570010000342191007290721 ;          0,00;
TLG;VIX032999-1; N;08/09/2026;16/09/2026;  3308922;29136658    ;     ;BELMICRO TECNOLOGIA S/A;BELMICRO TECNOLOGIA S/A;A.;ROSANGELA FELIX CARVALHO NULL;TRES LAGOAS;MS;001;      1.663,43;     211,06;   40,000;   0,4260;  115,020;      0;      1;  ;;        ; HOJE 13:01;VIX000375-1;32260907655407001844570010000342331007290860 ;          0,00;
TLG;VIX033024-8; N;08/09/2026;17/09/2026;  3314272;29152567    ;     ;BELMICRO TECNOLOGIA S/A;BELMICRO TECNOLOGIA S/A;A.;NILZA NAO INFORMADO NULL;TRES LAGOAS;MS;001;        933,00;     143,74;   17,000;   0,2023;   54,621;      0;      1;  ;;        ; HOJE 13:01;VIX000375-1;32260907655407001844570010000341621007290158 ;          0,00;
TNE;SBS001362-5; N;11/08/2026;18/08/2026;     4034;            ;     ;MOVEL5 INDUSTRIA E COMERCIO EI;MOVEL5 INDUSTRIA E COMERCIO EI;C.;ROBSON DOS SANTOS;RIO DE JANEIRO;RJ;SAO;      1.508,56;     201,13;   20,000;   0,2900;   87,000;      2;      2;95;ATENDIMENTO/ INFORMACOES/ TRATATIVAS INTERNAS;09/09/26;;CWB000439-1;42260807655407002140570200000013561006956262 ;          0,00;
TNE;SBS001506-7; N;18/08/2026;25/08/2026;      326;            ;     ;MIRIAN MOVEIS ENTALHADOS LTDA;MIRIAN MOVEIS ENTALHADOS LTDA;C.;LINDALVA MARLI;RIO DE JANEIRO;RJ;SAO;        964,94;     230,06;    7,000;   0,2500;   75,000;      1;      1;83;CHEGADA NA UNIDADE INTERMEDIARIA ;21/08/26;;CWB000448-1;42260807655407002140570200000014991007044170 ;          0,00;
TNE;SAO149892-4; N;03/09/2026;16/09/2026;    23812;            ;     ;MOMENTO IND E COM DE COSM E PR;MOMENTO IND E COM DE COSM E PR;C.;CONDOMINIO RESIDENCIAL VALE DO;GRAMADO;RS;956;      3.231,80;     520,00;  108,133;   0,2573;  108,133;      0;     10;80;CTRC EMITIDO;03/09/26;;;35260907655407000287570020021387021007245719 ;          0,00;
UBB;SAO154536-1; N;10/09/2026;18/09/2026;    10708;            ;     ;ROLLOPLAST INDUSTRIA E COMERCI;ROLLOPLAST INDUSTRIA E COMERCI;C.;ZERO GRAU CHOPP E FRIOS LTDA;ARAXA;MG;UDI;      2.062,37;     318,95;   93,640;   0,2222;   93,640;      0;     30;80;CTRC EMITIDO;10/09/26;;;35260907655407000287570020021432941007325068 ;         70,17;
UBB;FND151741-4; N;04/09/2026;23/09/2026;      712;            ;     ;HOME NOBRE INDUSTRIA E COMERCI;HOME NOBRE INDUSTRIA E COMERCI;C.;LUCAS BESSA FERREIRA REGO;UBERABA;MG;UDI;      1.457,89;     130,64;   45,000;   0,1459;   45,000;      0;      2;  ;;        ; HOJE 08:00;FND000592-4;35260907655407000287570020021401241007271738 ;         28,74;
UBB;FND153464-5; N;09/09/2026;29/09/2026;      213;            ;     ;WEB HOLZ INDUSTRIA E COMERCIO;WEB HOLZ INDUSTRIA E COMERCIO;C.;EDUARDO BATISTA PAULA;ARAXA;MG;UDI;      1.500,10;     140,74;   45,000;   0,1459;   45,000;      0;      2;  ;;        ; HOJE 08:00;FND000592-4;35260907655407000287570020021420551007302293 ;         35,00;
UBB;FND153653-2; N;09/09/2026;28/09/2026;    19325;            ;     ;POLIZELLI MOVEIS E UTILIDADES;POLIZELLI MOVEIS E UTILIDADES;A.;RITA DE CASSIA DOS SANTOS SILV;CONCEICAO DAS ALAGOAS;MG;UDI;        172,10;     175,35;   63,000;   0,2000;   63,000;      0;      3;  ;;        ; HOJE 08:00;FND000592-4;35260907655407000287570020021421751007304162 ;         38,58;
UDI;VIX032825-1; N;04/09/2026;16/09/2026;  3304182;29121849    ;     ;BELMICRO TECNOLOGIA S/A;BELMICRO TECNOLOGIA S/A;A.;GISELE CRISTINA AVELAR NULL;CATALAO;GO;UDI;      2.249,90;     117,98;   31,200;   0,1949;   52,623;      0;      2;83;CHEGADA NA UNIDADE INTERMEDIARIA ;10/09/26;;VIX000373-5;32260907655407001844570010000339771007273301 ;          0,00;
UDI;VIX032909-6; N;04/09/2026;16/09/2026;  2848217;            ;     ;WEBCONTINENTAL LTDA;WEBCONTINENTAL LTDA;A1;MARILIA MARTINS DOS SANTOS;CATALAO;GO;UDI;      1.494,09;     122,70;   27,500;   0,1800;   36,000;      0;      2;83;CHEGADA NA UNIDADE INTERMEDIARIA ;10/09/26;;VIX000373-5;32260907655407001844570010000339281007272602 ;          0,00;
UDI;SAO153309-6; N;10/09/2026;14/09/2026;  1388244;109195117   ;     ;BRS SP SUPRIMENTOS CORPORATIVO;BRS SP SUPRIMENTOS CORPORATIVO;A1;RI HAPPY BRINQUEDOS S A;UBERLANDIA;MG;R04;      1.204,07;      84,51;   60,346;   0,2817;   60,346;      0;     11;62;AVARIA PARCIAL;10/09/26;;;35260907655407000287570020021426101007312478 ;          0,00;
UDI;SAO153317-7; N;11/09/2026;14/09/2026;  1388891;109195530   ;     ;BRS SP SUPRIMENTOS CORPORATIVO;BRS SP SUPRIMENTOS CORPORATIVO;A1;PBKIDS BRINQUEDOS LTDA.LJ 124 ;UBERLANDIA;MG;R04;      1.006,19;      77,56;   41,257;   0,1355;   41,257;      0;      8;80;CTRC EMITIDO;11/09/26;;;35260907655407000287570020021435181007327570 ;          0,00;
UDI;SAO154261-3; N;10/09/2026;17/09/2026;  1383581*;109196430   ;     ;BRS SP SUPRIMENTOS CORPORATIVO;BRS SP SUPRIMENTOS CORPORATIVO;A1;LOJAS AVENIDA S/A;CATALAO;GO;UDI;      2.005,88;     114,70;   67,230;   0,2880;   67,230;      0;     13;80;CTRC EMITIDO;10/09/26;;;35260907655407000287570020021434001007326190 ;          0,00;
UDI;SAO154597-3; N;10/09/2026;17/09/2026;    42201;            ;     ;ALUMITEC ALUM LTDA;ULTILIDADES ROCHA CAMPOS;..;ULTILIDADES ROCHA CAMPOS;IPAMERI;GO;UDI;        714,88;     472,23;  198,000;   1,1180;  335,400;      0;      7;80;CTRC EMITIDO;10/09/26;;;35260907655407000287570020021434681007326960 ;          0,00;
UDI;SAO154661-9; N;10/09/2026;15/09/2026;    35645;            ;     ;AUROS QUIMICA INDUSTRIA E COME;AUROS QUIMICA INDUSTRIA E COME;C.;KN COMERCIO E DISTRIBUICAO DE ;UBERLANDIA;MG;R04;      1.619,35;     172,26;   50,000;   0,1200;   50,000;      0;      2;80;CTRC EMITIDO;10/09/26;;;35260907655407000287570020021434771007327052 ;          0,00;
UDI;SAO154765-8; N;11/09/2026;15/09/2026;   308668;258649      ;     ;NOBELPACK EMBALAGENS E LOGISTI;NOBELPACK EMBALAGENS E LOGISTI;B3;ASSB COMERCIO VAREJISTA DE DOC;UBERLANDIA;MG;R08;      1.501,56;     124,11;   56,380;   0,3840;   56,380;      0;      9;80;CTRC EMITIDO;11/09/26;;;35260907655407000287570020021436101007328735 ;          0,00;
UDI;SAO154766-6; N;11/09/2026;15/09/2026;   308802;258383      ;     ;NOBELPACK EMBALAGENS E LOGISTI;NOBELPACK EMBALAGENS E LOGISTI;B3;NANDA EAMP MEL CHOCOLATES LTDA;UBERLANDIA;MG;R04;      4.478,13;     178,07;  145,880;   0,8400;  145,880;      0;     36;80;CTRC EMITIDO;11/09/26;;;35260907655407000287570020021436081007328699 ;          0,00;
UDI;SAO154844-1; N;11/09/2026;17/09/2026;  3052114;            ;     ;LORENZETTI SA INDS BRASILEIRAS;LORENZETTI SA INDS BRASILEIRAS;A2;GERALDO ANTONIO RIBEIRO E CIA ;IPAMERI;GO;UDI;      3.057,40;     167,65;   27,298;   0,3406;   85,150;      0;      7;80;CTRC EMITIDO;11/09/26;;;35260907655407000287570020021436621007329312 ;          0,00;
UDI;SAO154869-7; N;11/09/2026;17/09/2026;  3052165;            ;     ;LORENZETTI SA INDS BRASILEIRAS;LORENZETTI SA INDS BRASILEIRAS;A2;MARCELO CARNEIRO DE OLIVEIRA;NOVA AURORA;GO;UDI;      3.991,87;     152,66;   44,094;   0,2085;   52,125;      0;     11;80;CTRC EMITIDO;11/09/26;;;35260907655407000287570020021436851007329546 ;          0,00;
UDI;SAS028023-2; N;10/09/2026;31/12/2050;100920260;            ;QABWK;EXPRESSO RIO VERMELHO TRANSPOR;EXPRESSO RIO VERMELHO TRANSPOR;..;EXPRESSO RIO VERMELHO TRANSPOR;UBERLANDIA;MG;384;          0,01;       0,01;    0,001;   0,0001;    0,001;      0;      1;80;CTRC EMITIDO;10/09/26;;; ;          0,00;
UDI;FND151399-1; N;04/09/2026;25/09/2026;     6288;            ;     ;LUZ DO LAR MOVEIS LTDA;LUZ DO LAR MOVEIS LTDA;..;TAMIRES CRISTINA PEREIRA SOUZA;VAZANTE;MG;VAZ;        176,71;     200,00;   52,980;   0,1144;   52,980;      0;      2;  ;;        ; HOJE 08:00;FND000592-4;35260907655407000287570020021397871007265282 ;          0,00;
UDI;FND151697-3; N;04/09/2026;25/09/2026;    16138;            ;     ;MAALI STORE COMERCIO DE MOVEIS;MAALI STORE COMERCIO DE MOVEIS;C.;LILIANE GONCALVES MIRANDA;ARAGUARI;MG;ARG;        254,32;     177,86;   22,000;   0,1000;   30,000;      0;      2;  ;;        ; HOJE 08:00;FND000592-4;35260907655407000287570020021400121007269060 ;          0,00;
UDI;FND151744-9; N;04/09/2026;25/09/2026;     6349;            ;     ;INFOCELL PREMIUM LTDA;INFOCELL PREMIUM LTDA;A.;KELI LOPES RABELO;ABADIA DOS DOURADOS;MG;ABD;        176,60;     157,18;   23,000;   0,1800;   54,000;      0;      2;  ;;        ; HOJE 08:00;FND000592-4;35260907655407000287570020021401271007271764 ;          0,00;
UDI;FND152598-1; N;08/09/2026;25/09/2026;    24928;            ;     ;METALURGICA WS LTDA;AUTO PECAS SILVA LTDA;..;AUTO PECAS SILVA LTDA;SAO GOTARDO;MG;SGO;      4.635,93;     430,01;  110,000;   0,7140;  214,200;      0;      5;  ;;        ; HOJE 08:00;FND000592-4;35260907655407000287570020021408901007283284 ;          0,00;
UDI;FND152792-4; N;08/09/2026;30/09/2026;   104286;            ;     ;MOBIGU COMERCIO DE MOVEIS LTDA;MOBIGU COMERCIO DE MOVEIS LTDA;B.;TANIA MARIA CORREA SILVA;PRESIDENTE OLEGARIO;MG;PRO;        372,40;     183,60;   38,200;   0,1200;   38,200;      0;      2;  ;;        ; HOJE 08:00;FND000592-4;35260907655407000287570020021412551007288130 ;          0,00;
UDI;FND152826-2; N;08/09/2026;24/09/2026;   104280;            ;     ;MOBIGU COMERCIO DE MOVEIS LTDA;MOBIGU COMERCIO DE MOVEIS LTDA;B.;GABRIELA SILVA VIEIRA;UBERLANDIA;MG;R04;        213,16;     165,92;   65,000;   0,2000;   65,000;      0;      2;  ;;        ; HOJE 08:00;FND000592-4;35260907655407000287570020021412341007287924 ;          0,00;
UDI;FND153659-1; N;09/09/2026;25/09/2026;    21687;            ;     ;CASELLI STORE COMERCIO LTDA;CASELLI STORE COMERCIO LTDA;A.;MARIA DA GLORIA GARCIA TOMAZ;UBERLANDIA;MG;R02;        167,10;     132,93;   45,000;   0,2500;   75,000;      0;      2;  ;;        ; HOJE 08:00;FND000592-4;35260907655407000287570020021421811007304224 ;          0,00;
UDI;FND153664-8; N;09/09/2026;25/09/2026;    21691;            ;     ;CASELLI STORE COMERCIO LTDA;CASELLI STORE COMERCIO LTDA;A.;HAROLDO LUIZ ZANOVELLO;UBERLANDIA;MG;R04;        165,30;     111,82;   37,000;   0,1200;   37,000;      0;      2;  ;;        ; HOJE 08:00;FND000592-4;35260907655407000287570020021421851007304266 ;          0,00;
UDI;FND153714-8; N;09/09/2026;25/09/2026;    11905;            ;     ;START HOME SHOP COMERCIO DE MO;START HOME SHOP COMERCIO DE MO;C.;GABRIELLA JEANE SILVA XAVIER;UBERLANDIA;MG;R07;        760,30;     161,52;   29,000;   0,0716;   29,000;      0;      1;  ;;        ; HOJE 08:00;FND000592-4;35260907655407000287570020021422631007305198 ;          0,00;
UDI;VIX032881-2; N;04/09/2026;16/09/2026;   982631;            ;     ;WEBCONTINENTAL LTDA;WEBCONTINENTAL LTDA;A1;DHWHLYANA MENDES;CATALAO;GO;UDI;      2.496,95;     130,68;   30,100;   0,2200;   44,000;      0;      2;  ;;        ; HOJE 13:01;VIX000375-1;32260907655407001844570010000338941007271673 ;          0,00;
UDI;VIX033056-6; N;08/09/2026;17/09/2026;   983128;            ;     ;WEBCONTINENTAL LTDA;WEBCONTINENTAL LTDA;A1;ALCINDO HENRIQUE PEREIRA;CATALAO;GO;UDI;      4.352,80;     213,14;   57,400;   0,4300;   86,000;      0;      2;  ;;        ; HOJE 13:01;VIX000375-1;32260907655407001844570010000340271007288558 ;          0,00;
UDI;VIX033067-1; N;08/09/2026;17/09/2026;   983301;            ;     ;WEBCONTINENTAL LTDA;WEBCONTINENTAL LTDA;A1;PAULO HENRIQUE BRANDAO BARBOSA;CATALAO;GO;UDI;      4.129,31;     165,93;   55,400;   0,3400;   68,000;      0;      4;  ;;        ; HOJE 13:01;VIX000375-1;32260907655407001844570010000340381007288667 ;          0,00;
UDI;VIX033081-7; N;08/09/2026;17/09/2026;   983725;            ;     ;WEBCONTINENTAL LTDA;WEBCONTINENTAL LTDA;A1;VINICIUS OLIVEIRA GONCALVES;CATALAO;GO;UDI;      2.141,00;     127,85;   33,000;   0,2400;   48,000;      0;      2;  ;;        ; HOJE 13:01;VIX000375-1;32260907655407001844570010000340521007288801 ;          0,00;
UDI;CBS004303-6; N;08/09/2026;31/12/2050;   368041;            ;JNA  ;EXPRESSO RIO VERMELHO - CUIABA;EXPRESSO RIO VERMELHO - CUIABA;..;EXPRESSO RIO VERMELHO TRANSPOR;UBERLANDIA;MG;384;          0,01;       0,01;    0,010;   0,0000;    0,010;      0;     14;  ;;        ; HOJE 15:59;CBA006633-8; ;          0,00;
UDT;VIX004194-7; N;10/11/2025;19/11/2025;   649575;            ;     ;FRIGELAR COMERCIO E INSDUSTRIA;FRIGELAR COMERCIO E INSDUSTRIA;A1;PAULO EDUARDO NEIF SANCHES;PRATA;MG;UDI;      2.119,00;     114,68;   41,500;   0,2643;   79,290;      2;      2;98;PENDENCIA/ RECLAMACAO SOLUCIONADA;10/08/26;;UDI001906-2;32251107655407001844570010000045111004073060 ;         56,07;
UDT;SAO154287-7; N;11/09/2026;16/09/2026;  1388736;109212712   ;     ;BRS SP SUPRIMENTOS CORPORATIVO;BRS SP SUPRIMENTOS CORPORATIVO;A1;EXPRESSO PLANALTO TRANSPORTE E;UNAI;MG;UDI;      1.895,79;     133,92;  125,880;   0,5258;  125,880;      0;     16;80;CTRC EMITIDO;11/09/26;;;35260907655407000287570020021435191007327585 ;        104,19;
UDT;FND151757-1; N;04/09/2026;23/09/2026;    19260;            ;     ;POLIZELLI MOVEIS E UTILIDADES;POLIZELLI MOVEIS E UTILIDADES;A.;ANNA KAROLINY BATISTA COUTO;PARACATU;MG;UDI;        168,80;     175,33;   63,000;   0,2000;   63,000;      0;      3;  ;;        ; HOJE 08:00;FND000592-4;35260907655407000287570020021401331007271826 ;         85,50;
VAG;RAO004610-8; N;02/09/2026;23/09/2026;    50224;            ;     ;CENTROLAR MOVEIS LTDA;CENTROLAR MOVEIS LTDA;C.;EDUARDO FELIPE;ITAMONTE;MG;NVV;        968,42;     195,00;   13,000;   0,0607;   18,210;      0;      1;50;FALTA DE MERCADORIA;08/09/26;;RAO001517-2;35260907655407001925570010000046031007238105 ;         54,91;
VAG;FND151740-6; N;04/09/2026;24/09/2026;   325315;            ;     ;N E E LOJA DE MOVEIS LTDA;N E E LOJA DE MOVEIS LTDA;C.;TAINARA OLIVEIRA PEDREIRA;ELOI MENDES;MG;NVV;        848,89;     385,43;  112,350;   0,3300;  112,350;      0;      4;  ;;        ; HOJE 08:00;FND000592-4;35260907655407000287570020021401231007271722 ;        108,54;
VAG;FND151772-4; N;04/09/2026;24/09/2026;    11874;            ;     ;START HOME SHOP COMERCIO DE MO;START HOME SHOP COMERCIO DE MO;C.;PATRIC DE CASTRO LASMAR (PCLAS;ALFENAS;MG;NVV;        329,48;     205,51;   33,020;   0,1000;   33,020;      0;      2;  ;;        ; HOJE 08:00;FND000592-4;35260907655407000287570020021401441007272095 ;         57,87;
VAG;FND153128-0; N;09/09/2026;28/09/2026;    14554;            ;     ;MARTINS E ORNELAS INDUSTRIA LT;MARTINS E ORNELAS INDUSTRIA LT;B.;ANA CLAUDIA LEITE DA SILVA;SERRANIA;MG;NVV;      1.497,00;     361,03;   47,850;   0,7000;  175,000;      0;      2;  ;;        ; HOJE 08:00;FND000592-4;35260907655407000287570020021418291007297710 ;        101,67;
VAG;FND153129-8; N;09/09/2026;29/09/2026;    14553;            ;     ;MARTINS E ORNELAS INDUSTRIA LT;MARTINS E ORNELAS INDUSTRIA LT;B.;ALEX ALEANDRO;CRISTINA;MG;NVV;      1.497,00;     361,03;   47,890;   0,7000;  175,000;      0;      2;  ;;        ; HOJE 08:00;FND000592-4;35260907655407000287570020021418301007297737 ;        101,67;
VAG;FND153643-5; N;09/09/2026;28/09/2026;    19324;            ;     ;POLIZELLI MOVEIS E UTILIDADES;POLIZELLI MOVEIS E UTILIDADES;A.;ALINE MAIRA DIAS;ILICINEA;MG;NVV;        182,30;     402,36;   47,000;   0,1500;   47,000;      0;      1;  ;;        ; HOJE 08:00;FND000592-4;35260907655407000287570020021421661007304074 ;         49,31;
VIX;DRD032252-1; D;23/02/2026;02/03/2026;   112180;            ;     ;COAMO AGROINDUSTRIAL COOPERATI;NORTEL SUPRIMENTOS INDUSTRIAIS;A1;NORTEL SUPRIMENTOS INDUSTRIAIS;SUMARE;SP;CAM;      3.226,10;     124,02;   19,250;   0,0000;   19,250;      2;      1;95;ATENDIMENTO/ INFORMACOES/ TRATATIVAS INTERNAS;24/08/26;;CAM027390-2;50260207655407000600570010000317741005057210 ;          0,00;
VIX;BHE030040-3; D;18/05/2026;25/05/2026;  1297027;            ;     ;ELIANA MOREIRA DA SILVA SANTOS;FRIOVIX COMERCIO DE REFRIGERAC;C2;FRIOVIX COMERCIO DE REFRIGERAC;SERRA;ES;291;      2.970,19;      92,34;   34,700;   0,2193;   59,211;      2;      2;83;CHEGADA NA UNIDADE INTERMEDIARIA ;28/08/26;;DIQ000010-8;31260507655407001097570100000516031005972192 ;          0,00;
VIX;BSB126218-1; D;14/08/2026;21/08/2026;   554235;165184ORDEM ;     ;JOAO FERREIRA DA SILVA II;PERMOBILI INDUSTRIA DE MOVEIS ;B.;PERMOBILI INDUSTRIA DE MOVEIS ;VIANA;ES;291;      2.510,14;     326,60;  230,000;   0,3780;  230,000;      6;      6;98;PENDENCIA/ RECLAMACAO SOLUCIONADA;10/09/26;;DK4000132-5;52260807655407000449570040001008101007007399 ;          0,00;
VIX;PVA012193-2; D;11/08/2026;17/08/2026;   710079;            ;     ;ERIC GERONIMO SIGNOR LECHNER;FRIGELAR COMERCIO E INSDUSTRIA;A1;FRIGELAR COMERCIO E INSDUSTRIA;VILA VELHA;ES;291;      1.618,99;     174,73;   28,000;   0,0000;   28,000;      0;      2;50;FALTA DE MERCADORIA;04/09/26;;DK4000132-5;51260807655407000872570060000119881006957334 ;          0,00;
VIX;BSB126701-9; D;19/08/2026;26/08/2026;  3187715;28696206    ;     ;DOUGLAS P MACEDO NULL;BELMICRO TECNOLOGIA S/A;A.;BELMICRO TECNOLOGIA S/A;SERRA;ES;291;        307,90;      84,53;    6,000;   0,1021;   27,567;      1;      2;98;PENDENCIA/ RECLAMACAO SOLUCIONADA;09/09/26;;DK4000135-0;52260807655407000449570040001010191007062051 ;          0,00;
VIX;BSB126704-3; D;19/08/2026;26/08/2026;  3159199;28589294    ;     ;UELTON PEREIRA DE SOUZA NULL;BELMICRO TECNOLOGIA S/A;A.;BELMICRO TECNOLOGIA S/A;SERRA;ES;291;      1.053,23;     101,78;   48,080;   0,1532;   48,080;      1;      1;83;CHEGADA NA UNIDADE INTERMEDIARIA ;04/09/26;;DK4000135-0;52260807655407000449570040001010221007062090 ;          0,00;
VIX;BSB127329-9; D;26/08/2026;02/09/2026;  3130705;28486586    ;     ;MA RCIO RIBEIRO;BELMICRO TECNOLOGIA S/A;A.;BELMICRO TECNOLOGIA S/A;SERRA;ES;291;      4.080,45;     242,27;   63,600;   0,5703;  153,981;      1;      1;83;CHEGADA NA UNIDADE INTERMEDIARIA ;04/09/26;;DK4000135-0;52260807655407000449570040001013041007144043 ;          0,00;
VIX;CGD034795-7; N;28/08/2026;04/09/2026;   289317;            ;     ;SOLANGE MARIA DOS SANTOS;FAURA MOVEIS E DECORACAO LTDA;B.;FAURA MOVEIS E DECORACAO LTDA;SERRA;ES;291;      1.868,80;     170,56;   83,000;   0,0000;   83,000;      1;      6;50;FALTA DE MERCADORIA;04/09/26;;DK4000135-0;50260807655407000600570010000343741007175427 ;          0,00;
VIX;GYN127055-9; D;24/08/2026;31/08/2026;   302906;            ;     ;LUIZ GUSTAVO CARVALHO CALASSA;FAURA MOVEIS E DECORACAO LTDA;B.;FAURA MOVEIS E DECORACAO LTDA;SERRA;ES;291;      1.790,42;     149,80;   84,000;   0,3780;  113,400;      6;      6;51;SOBRA DE MERCADORIA;04/09/26;;DK4000135-0;52260807655407000449570040001011751007110077 ;          0,00;
VIX;GYN127588-7; N;28/08/2026;04/09/2026;     3692;280852      ;     ;POSITIVA PAPEIS E MATERIAIS GR;NORTEL SUPRIMENTOS INDUSTRIAIS;A1;NORTEL SUPRIMENTOS INDUSTRIAIS;SERRA;ES;291;        292,00;      70,49;    2,000;   0,0000;    2,000;      1;      1;83;CHEGADA NA UNIDADE INTERMEDIARIA ;04/09/26;;DK4000135-0;52260807655407000449570040001014421007184513 ;          0,00;
VIX;ITB127054-1; D;24/08/2026;31/08/2026;  3235733;28865448    ;     ;REGINALDO DE ALMEIDA MACEDO NU;BELMICRO TECNOLOGIA S/A;A.;BELMICRO TECNOLOGIA S/A;SERRA;ES;291;      6.425,17;     350,45;  115,000;   1,0049;  271,323;      2;      1;83;CHEGADA NA UNIDADE INTERMEDIARIA ;04/09/26;;DK4000135-0;52260807655407000449570040001011741007110061 ;          0,00;
VIX;JTI126914-3; D;21/08/2026;28/08/2026;    59277;            ;     ;ALEX ALVES SILVA;WEBCONTINENTAL LTDA;A1;WEBCONTINENTAL LTDA;VIANA;ES;291;      3.219,82;     136,43;   32,500;   0,0000;   32,500;      2;      2;83;CHEGADA NA UNIDADE INTERMEDIARIA ;04/09/26;;DK4000135-0;52260807655407000449570040001011281007089264 ;          0,00;
VIX;PMW126698-5; D;19/08/2026;26/08/2026;  3225857;28834384    ;     ;ELIANE VIANA FERREIRA NULL;BELMICRO TECNOLOGIA S/A;A.;BELMICRO TECNOLOGIA S/A;SERRA;ES;291;      1.942,18;     235,92;   42,000;   0,4684;  126,468;      1;      1;83;CHEGADA NA UNIDADE INTERMEDIARIA ;04/09/26;;DK4000135-0;52260807655407000449570040001010171007061859 ;          0,00;
VIX;RVD126705-1; D;19/08/2026;26/08/2026;  2820819;            ;     ;PALLOMA SILVA PRADO;WEBCONTINENTAL LTDA;A1;WEBCONTINENTAL LTDA;VIANA;ES;291;      1.901,31;     125,94;   26,500;   0,1800;   36,000;      2;      2;83;CHEGADA NA UNIDADE INTERMEDIARIA ;04/09/26;;DK4000135-0;52260807655407000449570040001010231007062143 ;          0,00;
VIX;ANP127332-9; D;26/08/2026;02/09/2026;  2806659;            ;     ;PAULO VITOR LIMA OLIVEIRA;WEBCONTINENTAL LTDA;A1;WEBCONTINENTAL LTDA;VIANA;ES;291;      1.255,66;     188,50;   33,700;   0,3600;   72,000;      0;      1;83;CHEGADA NA UNIDADE INTERMEDIARIA ;11/09/26;;GYN023957-7;52260807655407000449570040001013051007144083 ;          0,00;
VIX;DRD032913-4; N;17/04/2026;24/04/2026;   685977;            ;     ;CLAUDIA DA SILVA  SANTANA;FRIGELAR COMERCIO E INSDUSTRIA;A1;FRIGELAR COMERCIO E INSDUSTRIA;VILA VELHA;ES;291;      2.264,93;     167,61;   32,900;   0,0000;   32,900;      0;      2;51;SOBRA DE MERCADORIA;06/05/26;;SAO078676-4;50260407655407000600570010000324461005641681 ;          0,00;
VIX;RON011901-6; D;29/04/2026;07/05/2026;  1294838;            ;     ;ELIVANIA P CARVALHO WEIGERT;FRIOVIX COMERCIO DE REFRIGERAC;C2;FRIOVIX COMERCIO DE REFRIGERAC;SERRA;ES;291;      3.370,74;     152,89;   41,500;   0,3514;   94,878;      0;      2;51;SOBRA DE MERCADORIA;06/05/26;;SAO078676-4;51260407655407000872570060000117031005769051 ;          0,00;
VIX;SAS026297-8; N;10/04/2026;31/12/2050; 12345679;            ;SJC  ;EXPRESSO RIO VERMELHO;EXPRESSO RIO VERMELHO;.3;EXPRESSO RIO VERMELHO TRANSPOR;VIANA;ES;291;          0,01;       0,01;    1,000;   0,0000;    1,000;      0;      8;50;FALTA DE MERCADORIA;25/04/26;;; ;          0,00;
VIX;SAS027904-8; N;31/08/2026;31/12/2050;        1;            ;TIT  ;EXPRESSO RIO VERMELHO;EXPRESSO RIO VERMELHO;.3;EXPRESSO RIO VERMELHO TRANSPOR;VIANA;ES;291;         10,00;       0,01;   54,000;   0,0000;   54,000;      0;      2;80;CTRC EMITIDO;31/08/26;;; ;          0,00;
VIX;SAS028008-9; N;09/09/2026;31/12/2050;        1;            ;TIT  ;EXPRESSO RIO VERMELHO;EXPRESSO RIO VERMELHO;.3;EXPRESSO RIO VERMELHO TRANSPOR;VIANA;ES;291;         10,00;       0,01;    5,000;   0,0000;    5,000;      0;      1;80;CTRC EMITIDO;09/09/26;;; ;          0,00;
VIX;CBA017572-2; D;24/08/2026;31/08/2026;  3235398;28863681    ;     ;LEANDRO CAETANO DE BARROS E SI;BELMICRO TECNOLOGIA S/A;A.;BELMICRO TECNOLOGIA S/A;SERRA;ES;291;      3.818,78;     182,18;   45,900;   0,3383;   91,341;      0;      2;  ;;        ; HOJE 15:59;CBA006632-0;51260807655407000368570020000174581007110337 ;          0,00;
VIX;CBA017590-1; N;26/08/2026;02/09/2026;   545764*;            ;     ;COBRA ROLAMENTOS E AUTOPECAS L;COBRA ROLAMENTOS E AUTOPECAS L;B.;COBRA ROLAMENTOS E AUTOPECAS L;CARIACICA;ES;291;     54.054,00;   1.798,35;  452,060;   0,7050;  452,060;      0;     37;  ;;        ; HOJE 15:59;CBA006632-0;51260807655407000368570020000174761007146720 ;          0,00;
VIX;CBA017607-9; D;31/08/2026;08/09/2026;  3258434;28952669    ;     ;RENIVAL PESSOA DE OLIVEIRA NUL;BELMICRO TECNOLOGIA S/A;A.;BELMICRO TECNOLOGIA S/A;SERRA;ES;291;        698,79;      94,63;   31,730;   0,1176;   31,752;      0;      1;  ;;        ; HOJE 15:59;CBA006632-0;51260807655407000368570020000174931007196028 ;          0,00;
VIX;CBA017625-7; D;02/09/2026;10/09/2026;  3264823;28975862    ;     ;TALITA DE SOUZA PINHO NULL;BELMICRO TECNOLOGIA S/A;A.;BELMICRO TECNOLOGIA S/A;SERRA;ES;291;      1.473,42;     176,73;   29,000;   0,3853;  104,031;      0;      1;  ;;        ; HOJE 15:59;CBA006632-0;51260907655407000368570020000175101007231660 ;          0,00;
VIX;CGD034851-1; N;02/09/2026;09/09/2026;   718090;            ;     ;ELIZABETH MARIA LUCAS DINIS;FRIGELAR COMERCIO E INSDUSTRIA;A1;FRIGELAR COMERCIO E INSDUSTRIA;VILA VELHA;ES;291;      1.824,00;     111,53;   29,650;   0,0000;   29,650;      0;      2;  ;;        ; HOJE 15:59;CGD008598-7;50260907655407000600570010000344291007232483 ;          0,00;
VIX;BSB127315-9; D;26/08/2026;02/09/2026;  3139597;28523143    ;     ;SONIA MARIA BARBOZA DE MELO NU;BELMICRO TECNOLOGIA S/A;A.;BELMICRO TECNOLOGIA S/A;SERRA;ES;291;      1.658,60;     236,31;   46,500;   0,6149;  166,023;      0;      1;  ;;        ; HOJE 17:49;GYN023933-0;52260807655407000449570040001013031007143937 ;          0,00;
VIX;BSB127335-3; D;26/08/2026;02/09/2026;  3229199;28845988    ;     ;PAULO ROBERTO LOBAO LIMA NULL;BELMICRO TECNOLOGIA S/A;A.;BELMICRO TECNOLOGIA S/A;SERRA;ES;291;      1.707,89;     172,81;   41,000;   0,4808;  129,816;      0;      1;  ;;        ; HOJE 17:49;GYN023933-0;52260807655407000449570040001013061007144099 ;          0,00;
VIX;BSB127525-9; D;28/08/2026;04/09/2026;   944161;            ;     ;VINICIUS ARAUJO DE MELO;WEBCONTINENTAL LTDA;A1;WEBCONTINENTAL LTDA;CARIACICA;ES;291;      3.129,00;     104,41;   39,800;   0,3200;   64,000;      0;      2;  ;;        ; HOJE 17:49;GYN023933-0;52260807655407000449570040001014251007178148 ;          0,00;
VIX;BSB127796-1; D;01/09/2026;09/09/2026;   938371;            ;     ;LORIANNE BRITO;WEBCONTINENTAL LTDA;A1;WEBCONTINENTAL LTDA;CARIACICA;ES;291;      1.824,56;      82,49;   36,000;   0,2300;   46,000;      0;      2;  ;;        ; HOJE 17:49;GYN023933-0;52260907655407000449570040001015511007214127 ;          0,00;
VIX;BSB127898-3; D;01/09/2026;09/09/2026;  3134083;28500096    ;     ;MARIA KELIA MANGUEIRA LACERDA ;BELMICRO TECNOLOGIA S/A;A.;BELMICRO TECNOLOGIA S/A;SERRA;ES;291;      1.420,53;     165,95;   29,000;   0,3853;  104,031;      0;      1;  ;;        ; HOJE 17:49;GYN023933-0;52260907655407000449570040001015611007216843 ;          0,00;
VIX;BSB127903-3; D;01/09/2026;09/09/2026;  3134634;28502646    ;     ;DEUSIMAR F DE BRITO NULL;BELMICRO TECNOLOGIA S/A;A.;BELMICRO TECNOLOGIA S/A;SERRA;ES;291;        505,27;     125,73;   11,660;   0,2566;   69,282;      0;      1;  ;;        ; HOJE 17:49;GYN023933-0;52260907655407000449570040001015661007216904 ;          0,00;
VIX;BSB127911-4; D;01/09/2026;09/09/2026;  1328440;            ;     ;MINISTERIO DAS RELACOES EXTERI;FRIOVIX COM DE REFRIGERACAO LT;C2;FRIOVIX COM DE REFRIGERACAO LT;SERRA;ES;291;      3.971,37;     118,28;   67,000;   0,2250;   67,000;      0;      2;  ;;        ; HOJE 17:49;GYN023933-0;52260907655407000449570040001015671007216910 ;          0,00;
VIX;BSB127913-1; D;01/09/2026;09/09/2026;  3191820;28711488    ;     ;WILSON DE LAZARO SOUZA FERREIR;BELMICRO TECNOLOGIA S/A;A.;BELMICRO TECNOLOGIA S/A;SERRA;ES;291;      3.228,90;     119,09;   17,500;   0,1523;   41,121;      0;      1;  ;;        ; HOJE 17:49;GYN023933-0;52260907655407000449570040001015681007216925 ;          0,00;
VIX;BSB127914-9; D;01/09/2026;09/09/2026;  2816476;            ;     ;RAIMUNDO NONATO;WEBCONTINENTAL LTDA;A1;WEBCONTINENTAL LTDA;VIANA;ES;291;      1.806,38;     125,18;   26,500;   0,1800;   36,000;      0;      2;  ;;        ; HOJE 17:49;GYN023933-0;52260907655407000449570040001015691007216930 ;          0,00;
VIX;BSB127917-3; D;01/09/2026;09/09/2026;  3255675;28944217    ;     ;MARCONDES LUCAS NULL;BELMICRO TECNOLOGIA S/A;A.;BELMICRO TECNOLOGIA S/A;SERRA;ES;291;      1.218,90;     109,78;   19,000;   0,1944;   52,488;      0;      1;  ;;        ; HOJE 17:49;GYN023933-0;52260907655407000449570040001015701007216940 ;          0,00;
VIX;BSB128067-8; D;02/09/2026;10/09/2026;     3101;            ;     ;AMAZON SERVICOS DE VAREJO DO B;GRAND CRU ATACADO ES;B.;GRAND CRU ATACADO ES;SERRA;ES;291;      3.936,01;     100,33;   85,680;   0,2940;   88,200;      0;      6;  ;;        ; HOJE 17:49;GYN023933-0;52260907655407000449570040001016561007237358 ;          0,00;
VIX;GYN128200-0; D;04/09/2026;14/09/2026;  2833817;            ;     ;NATIELY SILVA NUNES;WEBCONTINENTAL LTDA;A1;WEBCONTINENTAL LTDA;VIANA;ES;291;      1.274,65;     143,22;   26,200;   0,3500;   70,000;      0;      1;  ;;        ; HOJE 17:49;GYN023937-2;52260907655407000449570040001017361007266741 ;          0,00;
VIX;GYN128385-5; N;08/09/2026;14/09/2026;   716902;            ;     ;FABIOFABINHO983GMAIL.COM;FRIGELAR COMERCIO E INSDUSTRIA;A1;FRIGELAR COMERCIO E INSDUSTRIA;VILA VELHA;ES;291;      1.988,99;     176,53;   41,500;   0,0000;   41,500;      0;      2;  ;;        ; HOJE 17:49;GYN023937-2;52260907655407000449570040001017941007286118 ;          0,00;
